TimeQuest Timing Analyzer report for Lab3
Fri Apr 03 11:01:37 2026
Quartus II 64-Bit Version 13.0.1 Build 232 06/12/2013 Service Pack 1 SJ Web Edition


---------------------
; Table of Contents ;
---------------------
  1. Legal Notice
  2. TimeQuest Timing Analyzer Summary
  3. Parallel Compilation
  4. Clocks
  5. Slow Model Fmax Summary
  6. Slow Model Setup Summary
  7. Slow Model Hold Summary
  8. Slow Model Recovery Summary
  9. Slow Model Removal Summary
 10. Slow Model Minimum Pulse Width Summary
 11. Slow Model Setup: 'CLOCK_50'
 12. Slow Model Setup: 'clock_1s:u0|counter[0]'
 13. Slow Model Hold: 'CLOCK_50'
 14. Slow Model Hold: 'clock_1s:u0|counter[0]'
 15. Slow Model Minimum Pulse Width: 'CLOCK_50'
 16. Slow Model Minimum Pulse Width: 'clock_1s:u0|counter[0]'
 17. Clock to Output Times
 18. Minimum Clock to Output Times
 19. Fast Model Setup Summary
 20. Fast Model Hold Summary
 21. Fast Model Recovery Summary
 22. Fast Model Removal Summary
 23. Fast Model Minimum Pulse Width Summary
 24. Fast Model Setup: 'CLOCK_50'
 25. Fast Model Setup: 'clock_1s:u0|counter[0]'
 26. Fast Model Hold: 'CLOCK_50'
 27. Fast Model Hold: 'clock_1s:u0|counter[0]'
 28. Fast Model Minimum Pulse Width: 'CLOCK_50'
 29. Fast Model Minimum Pulse Width: 'clock_1s:u0|counter[0]'
 30. Clock to Output Times
 31. Minimum Clock to Output Times
 32. Multicorner Timing Analysis Summary
 33. Clock to Output Times
 34. Minimum Clock to Output Times
 35. Setup Transfers
 36. Hold Transfers
 37. Report TCCS
 38. Report RSKM
 39. Unconstrained Paths
 40. TimeQuest Timing Analyzer Messages



----------------
; Legal Notice ;
----------------
Copyright (C) 1991-2013 Altera Corporation
Your use of Altera Corporation's design tools, logic functions 
and other software and tools, and its AMPP partner logic 
functions, and any output files from any of the foregoing 
(including device programming or simulation files), and any 
associated documentation or information are expressly subject 
to the terms and conditions of the Altera Program License 
Subscription Agreement, Altera MegaCore Function License 
Agreement, or other applicable license agreement, including, 
without limitation, that your use is for the sole purpose of 
programming logic devices manufactured by Altera and sold by 
Altera or its authorized distributors.  Please refer to the 
applicable agreement for further details.



+----------------------------------------------------------------------------------------+
; TimeQuest Timing Analyzer Summary                                                      ;
+--------------------+-------------------------------------------------------------------+
; Quartus II Version ; Version 13.0.1 Build 232 06/12/2013 Service Pack 1 SJ Web Edition ;
; Revision Name      ; Lab3                                                              ;
; Device Family      ; Cyclone II                                                        ;
; Device Name        ; EP2C35F672C6                                                      ;
; Timing Models      ; Final                                                             ;
; Delay Model        ; Combined                                                          ;
; Rise/Fall Delays   ; Unavailable                                                       ;
+--------------------+-------------------------------------------------------------------+


+------------------------------------------+
; Parallel Compilation                     ;
+----------------------------+-------------+
; Processors                 ; Number      ;
+----------------------------+-------------+
; Number detected on machine ; 20          ;
; Maximum allowed            ; 14          ;
;                            ;             ;
; Average used               ; 1.00        ;
; Maximum used               ; 2           ;
;                            ;             ;
; Usage by Processor         ; % Time Used ;
;     Processor 1            ; 100.0%      ;
;     Processor 2            ; < 0.1%      ;
;     Processors 3-20        ;   0.0%      ;
+----------------------------+-------------+


+----------------------------------------------------------------------------------------------------------------------------------------------------------------------------------------------------------------+
; Clocks                                                                                                                                                                                                         ;
+------------------------+------+--------+------------+-------+-------+------------+-----------+-------------+-------+--------+-----------+------------+----------+--------+--------+----------------------------+
; Clock Name             ; Type ; Period ; Frequency  ; Rise  ; Fall  ; Duty Cycle ; Divide by ; Multiply by ; Phase ; Offset ; Edge List ; Edge Shift ; Inverted ; Master ; Source ; Targets                    ;
+------------------------+------+--------+------------+-------+-------+------------+-----------+-------------+-------+--------+-----------+------------+----------+--------+--------+----------------------------+
; clock_1s:u0|counter[0] ; Base ; 1.000  ; 1000.0 MHz ; 0.000 ; 0.500 ;            ;           ;             ;       ;        ;           ;            ;          ;        ;        ; { clock_1s:u0|counter[0] } ;
; CLOCK_50               ; Base ; 1.000  ; 1000.0 MHz ; 0.000 ; 0.500 ;            ;           ;             ;       ;        ;           ;            ;          ;        ;        ; { CLOCK_50 }               ;
+------------------------+------+--------+------------+-------+-------+------------+-----------+-------------+-------+--------+-----------+------------+----------+--------+--------+----------------------------+


+---------------------------------------------------------------------------------------------------------------+
; Slow Model Fmax Summary                                                                                       ;
+------------+-----------------+------------------------+-------------------------------------------------------+
; Fmax       ; Restricted Fmax ; Clock Name             ; Note                                                  ;
+------------+-----------------+------------------------+-------------------------------------------------------+
; 272.78 MHz ; 272.78 MHz      ; CLOCK_50               ;                                                       ;
; 534.76 MHz ; 500.0 MHz       ; clock_1s:u0|counter[0] ; limit due to high minimum pulse width violation (tch) ;
+------------+-----------------+------------------------+-------------------------------------------------------+
This panel reports FMAX for every clock in the design, regardless of the user-specified clock periods.  FMAX is only computed for paths where the source and destination registers or ports are driven by the same clock.  Paths of different clocks, including generated clocks, are ignored.  For paths between a clock and its inversion, FMAX is computed as if the rising and falling edges are scaled along with FMAX, such that the duty cycle (in terms of a percentage) is maintained. Altera recommends that you always use clock constraints and other slack reports for sign-off analysis.


+-------------------------------------------------+
; Slow Model Setup Summary                        ;
+------------------------+--------+---------------+
; Clock                  ; Slack  ; End Point TNS ;
+------------------------+--------+---------------+
; CLOCK_50               ; -2.666 ; -40.786       ;
; clock_1s:u0|counter[0] ; -0.870 ; -4.018        ;
+------------------------+--------+---------------+


+-------------------------------------------------+
; Slow Model Hold Summary                         ;
+------------------------+--------+---------------+
; Clock                  ; Slack  ; End Point TNS ;
+------------------------+--------+---------------+
; CLOCK_50               ; -2.643 ; -42.208       ;
; clock_1s:u0|counter[0] ; 0.391  ; 0.000         ;
+------------------------+--------+---------------+


-------------------------------
; Slow Model Recovery Summary ;
-------------------------------
No paths to report.


------------------------------
; Slow Model Removal Summary ;
------------------------------
No paths to report.


+-------------------------------------------------+
; Slow Model Minimum Pulse Width Summary          ;
+------------------------+--------+---------------+
; Clock                  ; Slack  ; End Point TNS ;
+------------------------+--------+---------------+
; CLOCK_50               ; -1.380 ; -27.380       ;
; clock_1s:u0|counter[0] ; -0.500 ; -6.000        ;
+------------------------+--------+---------------+


+----------------------------------------------------------------------------------------------------------------------------------+
; Slow Model Setup: 'CLOCK_50'                                                                                                     ;
+--------+-------------------------+-------------------------+--------------+-------------+--------------+------------+------------+
; Slack  ; From Node               ; To Node                 ; Launch Clock ; Latch Clock ; Relationship ; Clock Skew ; Data Delay ;
+--------+-------------------------+-------------------------+--------------+-------------+--------------+------------+------------+
; -2.666 ; clock_1s:u0|counter[1]  ; clock_1s:u0|counter[21] ; CLOCK_50     ; CLOCK_50    ; 1.000        ; 0.180      ; 3.882      ;
; -2.659 ; clock_1s:u0|counter[1]  ; clock_1s:u0|counter[25] ; CLOCK_50     ; CLOCK_50    ; 1.000        ; 0.170      ; 3.865      ;
; -2.635 ; clock_1s:u0|counter[2]  ; clock_1s:u0|counter[21] ; CLOCK_50     ; CLOCK_50    ; 1.000        ; 0.180      ; 3.851      ;
; -2.628 ; clock_1s:u0|counter[2]  ; clock_1s:u0|counter[25] ; CLOCK_50     ; CLOCK_50    ; 1.000        ; 0.170      ; 3.834      ;
; -2.563 ; clock_1s:u0|counter[3]  ; clock_1s:u0|counter[21] ; CLOCK_50     ; CLOCK_50    ; 1.000        ; 0.180      ; 3.779      ;
; -2.556 ; clock_1s:u0|counter[3]  ; clock_1s:u0|counter[25] ; CLOCK_50     ; CLOCK_50    ; 1.000        ; 0.170      ; 3.762      ;
; -2.518 ; clock_1s:u0|counter[1]  ; clock_1s:u0|counter[23] ; CLOCK_50     ; CLOCK_50    ; 1.000        ; 0.170      ; 3.724      ;
; -2.503 ; clock_1s:u0|counter[1]  ; clock_1s:u0|counter[15] ; CLOCK_50     ; CLOCK_50    ; 1.000        ; 0.180      ; 3.719      ;
; -2.500 ; clock_1s:u0|counter[1]  ; clock_1s:u0|counter[22] ; CLOCK_50     ; CLOCK_50    ; 1.000        ; 0.180      ; 3.716      ;
; -2.487 ; clock_1s:u0|counter[2]  ; clock_1s:u0|counter[23] ; CLOCK_50     ; CLOCK_50    ; 1.000        ; 0.170      ; 3.693      ;
; -2.472 ; clock_1s:u0|counter[2]  ; clock_1s:u0|counter[15] ; CLOCK_50     ; CLOCK_50    ; 1.000        ; 0.180      ; 3.688      ;
; -2.469 ; clock_1s:u0|counter[2]  ; clock_1s:u0|counter[22] ; CLOCK_50     ; CLOCK_50    ; 1.000        ; 0.180      ; 3.685      ;
; -2.457 ; clock_1s:u0|counter[4]  ; clock_1s:u0|counter[21] ; CLOCK_50     ; CLOCK_50    ; 1.000        ; 0.180      ; 3.673      ;
; -2.450 ; clock_1s:u0|counter[4]  ; clock_1s:u0|counter[25] ; CLOCK_50     ; CLOCK_50    ; 1.000        ; 0.170      ; 3.656      ;
; -2.442 ; clock_1s:u0|counter[12] ; clock_1s:u0|counter[21] ; CLOCK_50     ; CLOCK_50    ; 1.000        ; 0.000      ; 3.478      ;
; -2.435 ; clock_1s:u0|counter[12] ; clock_1s:u0|counter[25] ; CLOCK_50     ; CLOCK_50    ; 1.000        ; -0.010     ; 3.461      ;
; -2.415 ; clock_1s:u0|counter[3]  ; clock_1s:u0|counter[23] ; CLOCK_50     ; CLOCK_50    ; 1.000        ; 0.170      ; 3.621      ;
; -2.400 ; clock_1s:u0|counter[3]  ; clock_1s:u0|counter[15] ; CLOCK_50     ; CLOCK_50    ; 1.000        ; 0.180      ; 3.616      ;
; -2.399 ; clock_1s:u0|counter[2]  ; clock_1s:u0|counter[7]  ; CLOCK_50     ; CLOCK_50    ; 1.000        ; 0.000      ; 3.435      ;
; -2.397 ; clock_1s:u0|counter[3]  ; clock_1s:u0|counter[22] ; CLOCK_50     ; CLOCK_50    ; 1.000        ; 0.180      ; 3.613      ;
; -2.364 ; clock_1s:u0|counter[1]  ; clock_1s:u0|counter[20] ; CLOCK_50     ; CLOCK_50    ; 1.000        ; 0.180      ; 3.580      ;
; -2.364 ; clock_1s:u0|counter[1]  ; clock_1s:u0|counter[7]  ; CLOCK_50     ; CLOCK_50    ; 1.000        ; 0.000      ; 3.400      ;
; -2.348 ; clock_1s:u0|counter[24] ; clock_1s:u0|counter[7]  ; CLOCK_50     ; CLOCK_50    ; 1.000        ; -0.170     ; 3.214      ;
; -2.335 ; clock_1s:u0|counter[10] ; clock_1s:u0|counter[7]  ; CLOCK_50     ; CLOCK_50    ; 1.000        ; 0.000      ; 3.371      ;
; -2.333 ; clock_1s:u0|counter[2]  ; clock_1s:u0|counter[20] ; CLOCK_50     ; CLOCK_50    ; 1.000        ; 0.180      ; 3.549      ;
; -2.331 ; clock_1s:u0|counter[5]  ; clock_1s:u0|counter[21] ; CLOCK_50     ; CLOCK_50    ; 1.000        ; 0.180      ; 3.547      ;
; -2.326 ; clock_1s:u0|counter[1]  ; clock_1s:u0|counter[19] ; CLOCK_50     ; CLOCK_50    ; 1.000        ; 0.180      ; 3.542      ;
; -2.324 ; clock_1s:u0|counter[5]  ; clock_1s:u0|counter[25] ; CLOCK_50     ; CLOCK_50    ; 1.000        ; 0.170      ; 3.530      ;
; -2.309 ; clock_1s:u0|counter[4]  ; clock_1s:u0|counter[23] ; CLOCK_50     ; CLOCK_50    ; 1.000        ; 0.170      ; 3.515      ;
; -2.295 ; clock_1s:u0|counter[2]  ; clock_1s:u0|counter[19] ; CLOCK_50     ; CLOCK_50    ; 1.000        ; 0.180      ; 3.511      ;
; -2.294 ; clock_1s:u0|counter[12] ; clock_1s:u0|counter[23] ; CLOCK_50     ; CLOCK_50    ; 1.000        ; -0.010     ; 3.320      ;
; -2.294 ; clock_1s:u0|counter[4]  ; clock_1s:u0|counter[15] ; CLOCK_50     ; CLOCK_50    ; 1.000        ; 0.180      ; 3.510      ;
; -2.291 ; clock_1s:u0|counter[4]  ; clock_1s:u0|counter[22] ; CLOCK_50     ; CLOCK_50    ; 1.000        ; 0.180      ; 3.507      ;
; -2.279 ; clock_1s:u0|counter[12] ; clock_1s:u0|counter[15] ; CLOCK_50     ; CLOCK_50    ; 1.000        ; 0.000      ; 3.315      ;
; -2.277 ; clock_1s:u0|counter[1]  ; clock_1s:u0|counter[12] ; CLOCK_50     ; CLOCK_50    ; 1.000        ; 0.180      ; 3.493      ;
; -2.276 ; clock_1s:u0|counter[12] ; clock_1s:u0|counter[22] ; CLOCK_50     ; CLOCK_50    ; 1.000        ; 0.000      ; 3.312      ;
; -2.261 ; clock_1s:u0|counter[3]  ; clock_1s:u0|counter[20] ; CLOCK_50     ; CLOCK_50    ; 1.000        ; 0.180      ; 3.477      ;
; -2.260 ; clock_1s:u0|counter[23] ; clock_1s:u0|counter[7]  ; CLOCK_50     ; CLOCK_50    ; 1.000        ; -0.170     ; 3.126      ;
; -2.258 ; clock_1s:u0|counter[18] ; clock_1s:u0|counter[7]  ; CLOCK_50     ; CLOCK_50    ; 1.000        ; -0.170     ; 3.124      ;
; -2.249 ; clock_1s:u0|counter[4]  ; clock_1s:u0|counter[7]  ; CLOCK_50     ; CLOCK_50    ; 1.000        ; 0.000      ; 3.285      ;
; -2.246 ; clock_1s:u0|counter[2]  ; clock_1s:u0|counter[12] ; CLOCK_50     ; CLOCK_50    ; 1.000        ; 0.180      ; 3.462      ;
; -2.237 ; clock_1s:u0|counter[24] ; clock_1s:u0|counter[25] ; CLOCK_50     ; CLOCK_50    ; 1.000        ; 0.000      ; 3.273      ;
; -2.237 ; clock_1s:u0|counter[24] ; clock_1s:u0|counter[23] ; CLOCK_50     ; CLOCK_50    ; 1.000        ; 0.000      ; 3.273      ;
; -2.233 ; clock_1s:u0|counter[25] ; clock_1s:u0|counter[7]  ; CLOCK_50     ; CLOCK_50    ; 1.000        ; -0.170     ; 3.099      ;
; -2.230 ; clock_1s:u0|counter[6]  ; clock_1s:u0|counter[21] ; CLOCK_50     ; CLOCK_50    ; 1.000        ; 0.180      ; 3.446      ;
; -2.224 ; clock_1s:u0|counter[10] ; clock_1s:u0|counter[25] ; CLOCK_50     ; CLOCK_50    ; 1.000        ; 0.170      ; 3.430      ;
; -2.224 ; clock_1s:u0|counter[10] ; clock_1s:u0|counter[23] ; CLOCK_50     ; CLOCK_50    ; 1.000        ; 0.170      ; 3.430      ;
; -2.223 ; clock_1s:u0|counter[6]  ; clock_1s:u0|counter[25] ; CLOCK_50     ; CLOCK_50    ; 1.000        ; 0.170      ; 3.429      ;
; -2.223 ; clock_1s:u0|counter[3]  ; clock_1s:u0|counter[19] ; CLOCK_50     ; CLOCK_50    ; 1.000        ; 0.180      ; 3.439      ;
; -2.188 ; clock_1s:u0|counter[1]  ; clock_1s:u0|counter[17] ; CLOCK_50     ; CLOCK_50    ; 1.000        ; 0.180      ; 3.404      ;
; -2.183 ; clock_1s:u0|counter[5]  ; clock_1s:u0|counter[23] ; CLOCK_50     ; CLOCK_50    ; 1.000        ; 0.170      ; 3.389      ;
; -2.174 ; clock_1s:u0|counter[3]  ; clock_1s:u0|counter[12] ; CLOCK_50     ; CLOCK_50    ; 1.000        ; 0.180      ; 3.390      ;
; -2.168 ; clock_1s:u0|counter[5]  ; clock_1s:u0|counter[15] ; CLOCK_50     ; CLOCK_50    ; 1.000        ; 0.180      ; 3.384      ;
; -2.165 ; clock_1s:u0|counter[5]  ; clock_1s:u0|counter[22] ; CLOCK_50     ; CLOCK_50    ; 1.000        ; 0.180      ; 3.381      ;
; -2.164 ; clock_1s:u0|counter[5]  ; clock_1s:u0|counter[7]  ; CLOCK_50     ; CLOCK_50    ; 1.000        ; 0.000      ; 3.200      ;
; -2.161 ; clock_1s:u0|counter[7]  ; clock_1s:u0|counter[21] ; CLOCK_50     ; CLOCK_50    ; 1.000        ; 0.180      ; 3.377      ;
; -2.157 ; clock_1s:u0|counter[2]  ; clock_1s:u0|counter[17] ; CLOCK_50     ; CLOCK_50    ; 1.000        ; 0.180      ; 3.373      ;
; -2.155 ; clock_1s:u0|counter[4]  ; clock_1s:u0|counter[20] ; CLOCK_50     ; CLOCK_50    ; 1.000        ; 0.180      ; 3.371      ;
; -2.154 ; clock_1s:u0|counter[7]  ; clock_1s:u0|counter[25] ; CLOCK_50     ; CLOCK_50    ; 1.000        ; 0.170      ; 3.360      ;
; -2.149 ; clock_1s:u0|counter[20] ; clock_1s:u0|counter[7]  ; CLOCK_50     ; CLOCK_50    ; 1.000        ; -0.180     ; 3.005      ;
; -2.149 ; clock_1s:u0|counter[23] ; clock_1s:u0|counter[25] ; CLOCK_50     ; CLOCK_50    ; 1.000        ; 0.000      ; 3.185      ;
; -2.149 ; clock_1s:u0|counter[23] ; clock_1s:u0|counter[23] ; CLOCK_50     ; CLOCK_50    ; 1.000        ; 0.000      ; 3.185      ;
; -2.147 ; clock_1s:u0|counter[18] ; clock_1s:u0|counter[25] ; CLOCK_50     ; CLOCK_50    ; 1.000        ; 0.000      ; 3.183      ;
; -2.147 ; clock_1s:u0|counter[18] ; clock_1s:u0|counter[23] ; CLOCK_50     ; CLOCK_50    ; 1.000        ; 0.000      ; 3.183      ;
; -2.140 ; clock_1s:u0|counter[12] ; clock_1s:u0|counter[20] ; CLOCK_50     ; CLOCK_50    ; 1.000        ; 0.000      ; 3.176      ;
; -2.122 ; clock_1s:u0|counter[25] ; clock_1s:u0|counter[25] ; CLOCK_50     ; CLOCK_50    ; 1.000        ; 0.000      ; 3.158      ;
; -2.122 ; clock_1s:u0|counter[25] ; clock_1s:u0|counter[23] ; CLOCK_50     ; CLOCK_50    ; 1.000        ; 0.000      ; 3.158      ;
; -2.120 ; clock_1s:u0|counter[3]  ; clock_1s:u0|counter[7]  ; CLOCK_50     ; CLOCK_50    ; 1.000        ; 0.000      ; 3.156      ;
; -2.117 ; clock_1s:u0|counter[4]  ; clock_1s:u0|counter[19] ; CLOCK_50     ; CLOCK_50    ; 1.000        ; 0.180      ; 3.333      ;
; -2.106 ; clock_1s:u0|counter[11] ; clock_1s:u0|counter[7]  ; CLOCK_50     ; CLOCK_50    ; 1.000        ; 0.000      ; 3.142      ;
; -2.106 ; clock_1s:u0|counter[12] ; clock_1s:u0|counter[7]  ; CLOCK_50     ; CLOCK_50    ; 1.000        ; -0.180     ; 2.962      ;
; -2.102 ; clock_1s:u0|counter[12] ; clock_1s:u0|counter[19] ; CLOCK_50     ; CLOCK_50    ; 1.000        ; 0.000      ; 3.138      ;
; -2.099 ; clock_1s:u0|counter[2]  ; clock_1s:u0|counter[14] ; CLOCK_50     ; CLOCK_50    ; 1.000        ; 0.180      ; 3.315      ;
; -2.096 ; clock_1s:u0|counter[2]  ; clock_1s:u0|counter[13] ; CLOCK_50     ; CLOCK_50    ; 1.000        ; 0.180      ; 3.312      ;
; -2.086 ; clock_1s:u0|counter[8]  ; clock_1s:u0|counter[7]  ; CLOCK_50     ; CLOCK_50    ; 1.000        ; 0.000      ; 3.122      ;
; -2.085 ; clock_1s:u0|counter[3]  ; clock_1s:u0|counter[17] ; CLOCK_50     ; CLOCK_50    ; 1.000        ; 0.180      ; 3.301      ;
; -2.084 ; clock_1s:u0|counter[8]  ; clock_1s:u0|counter[21] ; CLOCK_50     ; CLOCK_50    ; 1.000        ; 0.180      ; 3.300      ;
; -2.082 ; clock_1s:u0|counter[6]  ; clock_1s:u0|counter[23] ; CLOCK_50     ; CLOCK_50    ; 1.000        ; 0.170      ; 3.288      ;
; -2.077 ; clock_1s:u0|counter[8]  ; clock_1s:u0|counter[25] ; CLOCK_50     ; CLOCK_50    ; 1.000        ; 0.170      ; 3.283      ;
; -2.070 ; clock_1s:u0|counter[13] ; clock_1s:u0|counter[7]  ; CLOCK_50     ; CLOCK_50    ; 1.000        ; -0.180     ; 2.926      ;
; -2.068 ; clock_1s:u0|counter[4]  ; clock_1s:u0|counter[12] ; CLOCK_50     ; CLOCK_50    ; 1.000        ; 0.180      ; 3.284      ;
; -2.067 ; clock_1s:u0|counter[6]  ; clock_1s:u0|counter[15] ; CLOCK_50     ; CLOCK_50    ; 1.000        ; 0.180      ; 3.283      ;
; -2.064 ; clock_1s:u0|counter[6]  ; clock_1s:u0|counter[22] ; CLOCK_50     ; CLOCK_50    ; 1.000        ; 0.180      ; 3.280      ;
; -2.064 ; clock_1s:u0|counter[1]  ; clock_1s:u0|counter[14] ; CLOCK_50     ; CLOCK_50    ; 1.000        ; 0.180      ; 3.280      ;
; -2.062 ; clock_1s:u0|counter[1]  ; clock_1s:u0|counter[24] ; CLOCK_50     ; CLOCK_50    ; 1.000        ; 0.170      ; 3.268      ;
; -2.061 ; clock_1s:u0|counter[1]  ; clock_1s:u0|counter[13] ; CLOCK_50     ; CLOCK_50    ; 1.000        ; 0.180      ; 3.277      ;
; -2.055 ; clock_1s:u0|counter[24] ; clock_1s:u0|counter[15] ; CLOCK_50     ; CLOCK_50    ; 1.000        ; 0.010      ; 3.101      ;
; -2.048 ; clock_1s:u0|counter[9]  ; clock_1s:u0|counter[21] ; CLOCK_50     ; CLOCK_50    ; 1.000        ; 0.180      ; 3.264      ;
; -2.048 ; clock_1s:u0|counter[24] ; clock_1s:u0|counter[14] ; CLOCK_50     ; CLOCK_50    ; 1.000        ; 0.010      ; 3.094      ;
; -2.047 ; clock_1s:u0|counter[24] ; clock_1s:u0|counter[21] ; CLOCK_50     ; CLOCK_50    ; 1.000        ; 0.010      ; 3.093      ;
; -2.045 ; clock_1s:u0|counter[24] ; clock_1s:u0|counter[13] ; CLOCK_50     ; CLOCK_50    ; 1.000        ; 0.010      ; 3.091      ;
; -2.042 ; clock_1s:u0|counter[10] ; clock_1s:u0|counter[15] ; CLOCK_50     ; CLOCK_50    ; 1.000        ; 0.180      ; 3.258      ;
; -2.041 ; clock_1s:u0|counter[9]  ; clock_1s:u0|counter[25] ; CLOCK_50     ; CLOCK_50    ; 1.000        ; 0.170      ; 3.247      ;
; -2.041 ; clock_1s:u0|counter[24] ; clock_1s:u0|counter[22] ; CLOCK_50     ; CLOCK_50    ; 1.000        ; 0.010      ; 3.087      ;
; -2.038 ; clock_1s:u0|counter[20] ; clock_1s:u0|counter[25] ; CLOCK_50     ; CLOCK_50    ; 1.000        ; -0.010     ; 3.064      ;
; -2.038 ; clock_1s:u0|counter[20] ; clock_1s:u0|counter[23] ; CLOCK_50     ; CLOCK_50    ; 1.000        ; -0.010     ; 3.064      ;
; -2.035 ; clock_1s:u0|counter[10] ; clock_1s:u0|counter[14] ; CLOCK_50     ; CLOCK_50    ; 1.000        ; 0.180      ; 3.251      ;
; -2.034 ; clock_1s:u0|counter[10] ; clock_1s:u0|counter[21] ; CLOCK_50     ; CLOCK_50    ; 1.000        ; 0.180      ; 3.250      ;
; -2.032 ; clock_1s:u0|counter[10] ; clock_1s:u0|counter[13] ; CLOCK_50     ; CLOCK_50    ; 1.000        ; 0.180      ; 3.248      ;
; -2.031 ; clock_1s:u0|counter[2]  ; clock_1s:u0|counter[24] ; CLOCK_50     ; CLOCK_50    ; 1.000        ; 0.170      ; 3.237      ;
+--------+-------------------------+-------------------------+--------------+-------------+--------------+------------+------------+


+--------------------------------------------------------------------------------------------------------------------------+
; Slow Model Setup: 'clock_1s:u0|counter[0]'                                                                               ;
+--------+-----------+----------+------------------------+------------------------+--------------+------------+------------+
; Slack  ; From Node ; To Node  ; Launch Clock           ; Latch Clock            ; Relationship ; Clock Skew ; Data Delay ;
+--------+-----------+----------+------------------------+------------------------+--------------+------------+------------+
; -0.870 ; state[1]  ; state[0] ; clock_1s:u0|counter[0] ; clock_1s:u0|counter[0] ; 1.000        ; 0.000      ; 1.906      ;
; -0.869 ; state[1]  ; state[1] ; clock_1s:u0|counter[0] ; clock_1s:u0|counter[0] ; 1.000        ; 0.000      ; 1.905      ;
; -0.868 ; state[1]  ; state[2] ; clock_1s:u0|counter[0] ; clock_1s:u0|counter[0] ; 1.000        ; 0.000      ; 1.904      ;
; -0.702 ; state[2]  ; state[0] ; clock_1s:u0|counter[0] ; clock_1s:u0|counter[0] ; 1.000        ; 0.000      ; 1.738      ;
; -0.701 ; state[2]  ; state[1] ; clock_1s:u0|counter[0] ; clock_1s:u0|counter[0] ; 1.000        ; 0.000      ; 1.737      ;
; -0.700 ; state[2]  ; state[2] ; clock_1s:u0|counter[0] ; clock_1s:u0|counter[0] ; 1.000        ; 0.000      ; 1.736      ;
; -0.576 ; state[0]  ; state[0] ; clock_1s:u0|counter[0] ; clock_1s:u0|counter[0] ; 1.000        ; 0.000      ; 1.612      ;
; -0.575 ; state[0]  ; state[1] ; clock_1s:u0|counter[0] ; clock_1s:u0|counter[0] ; 1.000        ; 0.000      ; 1.611      ;
; -0.574 ; state[0]  ; state[2] ; clock_1s:u0|counter[0] ; clock_1s:u0|counter[0] ; 1.000        ; 0.000      ; 1.610      ;
; -0.486 ; timer[0]  ; state[0] ; clock_1s:u0|counter[0] ; clock_1s:u0|counter[0] ; 1.000        ; 0.000      ; 1.522      ;
; -0.485 ; timer[0]  ; state[1] ; clock_1s:u0|counter[0] ; clock_1s:u0|counter[0] ; 1.000        ; 0.000      ; 1.521      ;
; -0.484 ; timer[0]  ; state[2] ; clock_1s:u0|counter[0] ; clock_1s:u0|counter[0] ; 1.000        ; 0.000      ; 1.520      ;
; -0.471 ; state[1]  ; timer[2] ; clock_1s:u0|counter[0] ; clock_1s:u0|counter[0] ; 1.000        ; 0.000      ; 1.507      ;
; -0.470 ; state[1]  ; timer[0] ; clock_1s:u0|counter[0] ; clock_1s:u0|counter[0] ; 1.000        ; 0.000      ; 1.506      ;
; -0.470 ; state[1]  ; timer[1] ; clock_1s:u0|counter[0] ; clock_1s:u0|counter[0] ; 1.000        ; 0.000      ; 1.506      ;
; -0.450 ; timer[1]  ; state[0] ; clock_1s:u0|counter[0] ; clock_1s:u0|counter[0] ; 1.000        ; 0.000      ; 1.486      ;
; -0.449 ; timer[1]  ; state[1] ; clock_1s:u0|counter[0] ; clock_1s:u0|counter[0] ; 1.000        ; 0.000      ; 1.485      ;
; -0.448 ; timer[1]  ; state[2] ; clock_1s:u0|counter[0] ; clock_1s:u0|counter[0] ; 1.000        ; 0.000      ; 1.484      ;
; -0.309 ; timer[2]  ; state[0] ; clock_1s:u0|counter[0] ; clock_1s:u0|counter[0] ; 1.000        ; 0.000      ; 1.345      ;
; -0.308 ; timer[2]  ; state[1] ; clock_1s:u0|counter[0] ; clock_1s:u0|counter[0] ; 1.000        ; 0.000      ; 1.344      ;
; -0.307 ; timer[2]  ; state[2] ; clock_1s:u0|counter[0] ; clock_1s:u0|counter[0] ; 1.000        ; 0.000      ; 1.343      ;
; -0.303 ; state[2]  ; timer[2] ; clock_1s:u0|counter[0] ; clock_1s:u0|counter[0] ; 1.000        ; 0.000      ; 1.339      ;
; -0.302 ; state[2]  ; timer[0] ; clock_1s:u0|counter[0] ; clock_1s:u0|counter[0] ; 1.000        ; 0.000      ; 1.338      ;
; -0.302 ; state[2]  ; timer[1] ; clock_1s:u0|counter[0] ; clock_1s:u0|counter[0] ; 1.000        ; 0.000      ; 1.338      ;
; -0.203 ; timer[0]  ; timer[1] ; clock_1s:u0|counter[0] ; clock_1s:u0|counter[0] ; 1.000        ; 0.000      ; 1.239      ;
; -0.177 ; state[0]  ; timer[2] ; clock_1s:u0|counter[0] ; clock_1s:u0|counter[0] ; 1.000        ; 0.000      ; 1.213      ;
; -0.176 ; state[0]  ; timer[0] ; clock_1s:u0|counter[0] ; clock_1s:u0|counter[0] ; 1.000        ; 0.000      ; 1.212      ;
; -0.176 ; state[0]  ; timer[1] ; clock_1s:u0|counter[0] ; clock_1s:u0|counter[0] ; 1.000        ; 0.000      ; 1.212      ;
; -0.080 ; timer[0]  ; timer[2] ; clock_1s:u0|counter[0] ; clock_1s:u0|counter[0] ; 1.000        ; 0.000      ; 1.116      ;
; -0.040 ; timer[1]  ; timer[2] ; clock_1s:u0|counter[0] ; clock_1s:u0|counter[0] ; 1.000        ; 0.000      ; 1.076      ;
; -0.037 ; timer[2]  ; timer[0] ; clock_1s:u0|counter[0] ; clock_1s:u0|counter[0] ; 1.000        ; 0.000      ; 1.073      ;
; -0.037 ; timer[2]  ; timer[1] ; clock_1s:u0|counter[0] ; clock_1s:u0|counter[0] ; 1.000        ; 0.000      ; 1.073      ;
; 0.379  ; timer[2]  ; timer[2] ; clock_1s:u0|counter[0] ; clock_1s:u0|counter[0] ; 1.000        ; 0.000      ; 0.657      ;
; 0.379  ; timer[0]  ; timer[0] ; clock_1s:u0|counter[0] ; clock_1s:u0|counter[0] ; 1.000        ; 0.000      ; 0.657      ;
; 0.379  ; timer[1]  ; timer[1] ; clock_1s:u0|counter[0] ; clock_1s:u0|counter[0] ; 1.000        ; 0.000      ; 0.657      ;
+--------+-----------+----------+------------------------+------------------------+--------------+------------+------------+


+--------------------------------------------------------------------------------------------------------------------------------------------+
; Slow Model Hold: 'CLOCK_50'                                                                                                                ;
+--------+-------------------------+-------------------------+------------------------+-------------+--------------+------------+------------+
; Slack  ; From Node               ; To Node                 ; Launch Clock           ; Latch Clock ; Relationship ; Clock Skew ; Data Delay ;
+--------+-------------------------+-------------------------+------------------------+-------------+--------------+------------+------------+
; -2.643 ; clock_1s:u0|counter[0]  ; clock_1s:u0|counter[0]  ; clock_1s:u0|counter[0] ; CLOCK_50    ; 0.000        ; 3.239      ; 1.112      ;
; -2.257 ; clock_1s:u0|counter[0]  ; clock_1s:u0|counter[1]  ; clock_1s:u0|counter[0] ; CLOCK_50    ; 0.000        ; 3.239      ; 1.498      ;
; -2.186 ; clock_1s:u0|counter[0]  ; clock_1s:u0|counter[2]  ; clock_1s:u0|counter[0] ; CLOCK_50    ; 0.000        ; 3.239      ; 1.569      ;
; -2.143 ; clock_1s:u0|counter[0]  ; clock_1s:u0|counter[0]  ; clock_1s:u0|counter[0] ; CLOCK_50    ; -0.500       ; 3.239      ; 1.112      ;
; -2.115 ; clock_1s:u0|counter[0]  ; clock_1s:u0|counter[3]  ; clock_1s:u0|counter[0] ; CLOCK_50    ; 0.000        ; 3.239      ; 1.640      ;
; -2.044 ; clock_1s:u0|counter[0]  ; clock_1s:u0|counter[4]  ; clock_1s:u0|counter[0] ; CLOCK_50    ; 0.000        ; 3.239      ; 1.711      ;
; -1.885 ; clock_1s:u0|counter[0]  ; clock_1s:u0|counter[5]  ; clock_1s:u0|counter[0] ; CLOCK_50    ; 0.000        ; 3.239      ; 1.870      ;
; -1.814 ; clock_1s:u0|counter[0]  ; clock_1s:u0|counter[6]  ; clock_1s:u0|counter[0] ; CLOCK_50    ; 0.000        ; 3.239      ; 1.941      ;
; -1.757 ; clock_1s:u0|counter[0]  ; clock_1s:u0|counter[1]  ; clock_1s:u0|counter[0] ; CLOCK_50    ; -0.500       ; 3.239      ; 1.498      ;
; -1.731 ; clock_1s:u0|counter[0]  ; clock_1s:u0|counter[12] ; clock_1s:u0|counter[0] ; CLOCK_50    ; 0.000        ; 3.419      ; 2.204      ;
; -1.731 ; clock_1s:u0|counter[0]  ; clock_1s:u0|counter[20] ; clock_1s:u0|counter[0] ; CLOCK_50    ; 0.000        ; 3.419      ; 2.204      ;
; -1.721 ; clock_1s:u0|counter[0]  ; clock_1s:u0|counter[17] ; clock_1s:u0|counter[0] ; CLOCK_50    ; 0.000        ; 3.419      ; 2.214      ;
; -1.721 ; clock_1s:u0|counter[0]  ; clock_1s:u0|counter[19] ; clock_1s:u0|counter[0] ; CLOCK_50    ; 0.000        ; 3.419      ; 2.214      ;
; -1.686 ; clock_1s:u0|counter[0]  ; clock_1s:u0|counter[2]  ; clock_1s:u0|counter[0] ; CLOCK_50    ; -0.500       ; 3.239      ; 1.569      ;
; -1.672 ; clock_1s:u0|counter[0]  ; clock_1s:u0|counter[8]  ; clock_1s:u0|counter[0] ; CLOCK_50    ; 0.000        ; 3.239      ; 2.083      ;
; -1.615 ; clock_1s:u0|counter[0]  ; clock_1s:u0|counter[3]  ; clock_1s:u0|counter[0] ; CLOCK_50    ; -0.500       ; 3.239      ; 1.640      ;
; -1.601 ; clock_1s:u0|counter[0]  ; clock_1s:u0|counter[9]  ; clock_1s:u0|counter[0] ; CLOCK_50    ; 0.000        ; 3.239      ; 2.154      ;
; -1.544 ; clock_1s:u0|counter[0]  ; clock_1s:u0|counter[4]  ; clock_1s:u0|counter[0] ; CLOCK_50    ; -0.500       ; 3.239      ; 1.711      ;
; -1.530 ; clock_1s:u0|counter[0]  ; clock_1s:u0|counter[10] ; clock_1s:u0|counter[0] ; CLOCK_50    ; 0.000        ; 3.239      ; 2.225      ;
; -1.503 ; clock_1s:u0|counter[0]  ; clock_1s:u0|counter[22] ; clock_1s:u0|counter[0] ; CLOCK_50    ; 0.000        ; 3.419      ; 2.432      ;
; -1.499 ; clock_1s:u0|counter[0]  ; clock_1s:u0|counter[13] ; clock_1s:u0|counter[0] ; CLOCK_50    ; 0.000        ; 3.419      ; 2.436      ;
; -1.497 ; clock_1s:u0|counter[0]  ; clock_1s:u0|counter[21] ; clock_1s:u0|counter[0] ; CLOCK_50    ; 0.000        ; 3.419      ; 2.438      ;
; -1.496 ; clock_1s:u0|counter[0]  ; clock_1s:u0|counter[14] ; clock_1s:u0|counter[0] ; CLOCK_50    ; 0.000        ; 3.419      ; 2.439      ;
; -1.489 ; clock_1s:u0|counter[0]  ; clock_1s:u0|counter[15] ; clock_1s:u0|counter[0] ; CLOCK_50    ; 0.000        ; 3.419      ; 2.446      ;
; -1.459 ; clock_1s:u0|counter[0]  ; clock_1s:u0|counter[11] ; clock_1s:u0|counter[0] ; CLOCK_50    ; 0.000        ; 3.239      ; 2.296      ;
; -1.385 ; clock_1s:u0|counter[0]  ; clock_1s:u0|counter[5]  ; clock_1s:u0|counter[0] ; CLOCK_50    ; -0.500       ; 3.239      ; 1.870      ;
; -1.314 ; clock_1s:u0|counter[0]  ; clock_1s:u0|counter[6]  ; clock_1s:u0|counter[0] ; CLOCK_50    ; -0.500       ; 3.239      ; 1.941      ;
; -1.307 ; clock_1s:u0|counter[0]  ; clock_1s:u0|counter[23] ; clock_1s:u0|counter[0] ; CLOCK_50    ; 0.000        ; 3.409      ; 2.618      ;
; -1.307 ; clock_1s:u0|counter[0]  ; clock_1s:u0|counter[25] ; clock_1s:u0|counter[0] ; CLOCK_50    ; 0.000        ; 3.409      ; 2.618      ;
; -1.231 ; clock_1s:u0|counter[0]  ; clock_1s:u0|counter[12] ; clock_1s:u0|counter[0] ; CLOCK_50    ; -0.500       ; 3.419      ; 2.204      ;
; -1.231 ; clock_1s:u0|counter[0]  ; clock_1s:u0|counter[20] ; clock_1s:u0|counter[0] ; CLOCK_50    ; -0.500       ; 3.419      ; 2.204      ;
; -1.221 ; clock_1s:u0|counter[0]  ; clock_1s:u0|counter[17] ; clock_1s:u0|counter[0] ; CLOCK_50    ; -0.500       ; 3.419      ; 2.214      ;
; -1.221 ; clock_1s:u0|counter[0]  ; clock_1s:u0|counter[19] ; clock_1s:u0|counter[0] ; CLOCK_50    ; -0.500       ; 3.419      ; 2.214      ;
; -1.201 ; clock_1s:u0|counter[0]  ; clock_1s:u0|counter[7]  ; clock_1s:u0|counter[0] ; CLOCK_50    ; 0.000        ; 3.239      ; 2.554      ;
; -1.199 ; clock_1s:u0|counter[0]  ; clock_1s:u0|counter[16] ; clock_1s:u0|counter[0] ; CLOCK_50    ; 0.000        ; 3.409      ; 2.726      ;
; -1.172 ; clock_1s:u0|counter[0]  ; clock_1s:u0|counter[8]  ; clock_1s:u0|counter[0] ; CLOCK_50    ; -0.500       ; 3.239      ; 2.083      ;
; -1.101 ; clock_1s:u0|counter[0]  ; clock_1s:u0|counter[9]  ; clock_1s:u0|counter[0] ; CLOCK_50    ; -0.500       ; 3.239      ; 2.154      ;
; -1.057 ; clock_1s:u0|counter[0]  ; clock_1s:u0|counter[18] ; clock_1s:u0|counter[0] ; CLOCK_50    ; 0.000        ; 3.409      ; 2.868      ;
; -1.030 ; clock_1s:u0|counter[0]  ; clock_1s:u0|counter[10] ; clock_1s:u0|counter[0] ; CLOCK_50    ; -0.500       ; 3.239      ; 2.225      ;
; -1.003 ; clock_1s:u0|counter[0]  ; clock_1s:u0|counter[22] ; clock_1s:u0|counter[0] ; CLOCK_50    ; -0.500       ; 3.419      ; 2.432      ;
; -0.999 ; clock_1s:u0|counter[0]  ; clock_1s:u0|counter[13] ; clock_1s:u0|counter[0] ; CLOCK_50    ; -0.500       ; 3.419      ; 2.436      ;
; -0.997 ; clock_1s:u0|counter[0]  ; clock_1s:u0|counter[21] ; clock_1s:u0|counter[0] ; CLOCK_50    ; -0.500       ; 3.419      ; 2.438      ;
; -0.996 ; clock_1s:u0|counter[0]  ; clock_1s:u0|counter[14] ; clock_1s:u0|counter[0] ; CLOCK_50    ; -0.500       ; 3.419      ; 2.439      ;
; -0.989 ; clock_1s:u0|counter[0]  ; clock_1s:u0|counter[15] ; clock_1s:u0|counter[0] ; CLOCK_50    ; -0.500       ; 3.419      ; 2.446      ;
; -0.959 ; clock_1s:u0|counter[0]  ; clock_1s:u0|counter[11] ; clock_1s:u0|counter[0] ; CLOCK_50    ; -0.500       ; 3.239      ; 2.296      ;
; -0.807 ; clock_1s:u0|counter[0]  ; clock_1s:u0|counter[23] ; clock_1s:u0|counter[0] ; CLOCK_50    ; -0.500       ; 3.409      ; 2.618      ;
; -0.807 ; clock_1s:u0|counter[0]  ; clock_1s:u0|counter[25] ; clock_1s:u0|counter[0] ; CLOCK_50    ; -0.500       ; 3.409      ; 2.618      ;
; -0.701 ; clock_1s:u0|counter[0]  ; clock_1s:u0|counter[7]  ; clock_1s:u0|counter[0] ; CLOCK_50    ; -0.500       ; 3.239      ; 2.554      ;
; -0.699 ; clock_1s:u0|counter[0]  ; clock_1s:u0|counter[16] ; clock_1s:u0|counter[0] ; CLOCK_50    ; -0.500       ; 3.409      ; 2.726      ;
; -0.557 ; clock_1s:u0|counter[0]  ; clock_1s:u0|counter[18] ; clock_1s:u0|counter[0] ; CLOCK_50    ; -0.500       ; 3.409      ; 2.868      ;
; -0.543 ; clock_1s:u0|counter[0]  ; clock_1s:u0|counter[24] ; clock_1s:u0|counter[0] ; CLOCK_50    ; 0.000        ; 3.409      ; 3.382      ;
; -0.043 ; clock_1s:u0|counter[0]  ; clock_1s:u0|counter[24] ; clock_1s:u0|counter[0] ; CLOCK_50    ; -0.500       ; 3.409      ; 3.382      ;
; 0.795  ; clock_1s:u0|counter[24] ; clock_1s:u0|counter[24] ; CLOCK_50               ; CLOCK_50    ; 0.000        ; 0.000      ; 1.061      ;
; 0.802  ; clock_1s:u0|counter[10] ; clock_1s:u0|counter[10] ; CLOCK_50               ; CLOCK_50    ; 0.000        ; 0.000      ; 1.068      ;
; 0.802  ; clock_1s:u0|counter[11] ; clock_1s:u0|counter[11] ; CLOCK_50               ; CLOCK_50    ; 0.000        ; 0.000      ; 1.068      ;
; 0.806  ; clock_1s:u0|counter[1]  ; clock_1s:u0|counter[1]  ; CLOCK_50               ; CLOCK_50    ; 0.000        ; 0.000      ; 1.072      ;
; 0.806  ; clock_1s:u0|counter[4]  ; clock_1s:u0|counter[4]  ; CLOCK_50               ; CLOCK_50    ; 0.000        ; 0.000      ; 1.072      ;
; 0.809  ; clock_1s:u0|counter[8]  ; clock_1s:u0|counter[8]  ; CLOCK_50               ; CLOCK_50    ; 0.000        ; 0.000      ; 1.075      ;
; 0.813  ; clock_1s:u0|counter[6]  ; clock_1s:u0|counter[6]  ; CLOCK_50               ; CLOCK_50    ; 0.000        ; 0.000      ; 1.079      ;
; 0.828  ; clock_1s:u0|counter[18] ; clock_1s:u0|counter[18] ; CLOCK_50               ; CLOCK_50    ; 0.000        ; 0.000      ; 1.094      ;
; 0.840  ; clock_1s:u0|counter[5]  ; clock_1s:u0|counter[5]  ; CLOCK_50               ; CLOCK_50    ; 0.000        ; 0.000      ; 1.106      ;
; 0.841  ; clock_1s:u0|counter[9]  ; clock_1s:u0|counter[9]  ; CLOCK_50               ; CLOCK_50    ; 0.000        ; 0.000      ; 1.107      ;
; 0.842  ; clock_1s:u0|counter[3]  ; clock_1s:u0|counter[3]  ; CLOCK_50               ; CLOCK_50    ; 0.000        ; 0.000      ; 1.108      ;
; 0.843  ; clock_1s:u0|counter[2]  ; clock_1s:u0|counter[2]  ; CLOCK_50               ; CLOCK_50    ; 0.000        ; 0.000      ; 1.109      ;
; 0.982  ; clock_1s:u0|counter[16] ; clock_1s:u0|counter[16] ; CLOCK_50               ; CLOCK_50    ; 0.000        ; 0.000      ; 1.248      ;
; 1.053  ; clock_1s:u0|counter[25] ; clock_1s:u0|counter[25] ; CLOCK_50               ; CLOCK_50    ; 0.000        ; 0.000      ; 1.319      ;
; 1.185  ; clock_1s:u0|counter[10] ; clock_1s:u0|counter[11] ; CLOCK_50               ; CLOCK_50    ; 0.000        ; 0.000      ; 1.451      ;
; 1.186  ; clock_1s:u0|counter[23] ; clock_1s:u0|counter[24] ; CLOCK_50               ; CLOCK_50    ; 0.000        ; 0.000      ; 1.452      ;
; 1.189  ; clock_1s:u0|counter[1]  ; clock_1s:u0|counter[2]  ; CLOCK_50               ; CLOCK_50    ; 0.000        ; 0.000      ; 1.455      ;
; 1.192  ; clock_1s:u0|counter[8]  ; clock_1s:u0|counter[9]  ; CLOCK_50               ; CLOCK_50    ; 0.000        ; 0.000      ; 1.458      ;
; 1.198  ; clock_1s:u0|counter[7]  ; clock_1s:u0|counter[8]  ; CLOCK_50               ; CLOCK_50    ; 0.000        ; 0.000      ; 1.464      ;
; 1.226  ; clock_1s:u0|counter[5]  ; clock_1s:u0|counter[6]  ; CLOCK_50               ; CLOCK_50    ; 0.000        ; 0.000      ; 1.492      ;
; 1.227  ; clock_1s:u0|counter[9]  ; clock_1s:u0|counter[10] ; CLOCK_50               ; CLOCK_50    ; 0.000        ; 0.000      ; 1.493      ;
; 1.228  ; clock_1s:u0|counter[3]  ; clock_1s:u0|counter[4]  ; CLOCK_50               ; CLOCK_50    ; 0.000        ; 0.000      ; 1.494      ;
; 1.229  ; clock_1s:u0|counter[2]  ; clock_1s:u0|counter[3]  ; CLOCK_50               ; CLOCK_50    ; 0.000        ; 0.000      ; 1.495      ;
; 1.260  ; clock_1s:u0|counter[1]  ; clock_1s:u0|counter[3]  ; CLOCK_50               ; CLOCK_50    ; 0.000        ; 0.000      ; 1.526      ;
; 1.263  ; clock_1s:u0|counter[8]  ; clock_1s:u0|counter[10] ; CLOCK_50               ; CLOCK_50    ; 0.000        ; 0.000      ; 1.529      ;
; 1.267  ; clock_1s:u0|counter[6]  ; clock_1s:u0|counter[8]  ; CLOCK_50               ; CLOCK_50    ; 0.000        ; 0.000      ; 1.533      ;
; 1.269  ; clock_1s:u0|counter[7]  ; clock_1s:u0|counter[9]  ; CLOCK_50               ; CLOCK_50    ; 0.000        ; 0.000      ; 1.535      ;
; 1.281  ; clock_1s:u0|counter[4]  ; clock_1s:u0|counter[5]  ; CLOCK_50               ; CLOCK_50    ; 0.000        ; 0.000      ; 1.547      ;
; 1.298  ; clock_1s:u0|counter[9]  ; clock_1s:u0|counter[11] ; CLOCK_50               ; CLOCK_50    ; 0.000        ; 0.000      ; 1.564      ;
; 1.300  ; clock_1s:u0|counter[2]  ; clock_1s:u0|counter[4]  ; CLOCK_50               ; CLOCK_50    ; 0.000        ; 0.000      ; 1.566      ;
; 1.330  ; clock_1s:u0|counter[23] ; clock_1s:u0|counter[23] ; CLOCK_50               ; CLOCK_50    ; 0.000        ; 0.000      ; 1.596      ;
; 1.331  ; clock_1s:u0|counter[1]  ; clock_1s:u0|counter[4]  ; CLOCK_50               ; CLOCK_50    ; 0.000        ; 0.000      ; 1.597      ;
; 1.334  ; clock_1s:u0|counter[8]  ; clock_1s:u0|counter[11] ; CLOCK_50               ; CLOCK_50    ; 0.000        ; 0.000      ; 1.600      ;
; 1.338  ; clock_1s:u0|counter[6]  ; clock_1s:u0|counter[9]  ; CLOCK_50               ; CLOCK_50    ; 0.000        ; 0.000      ; 1.604      ;
; 1.340  ; clock_1s:u0|counter[7]  ; clock_1s:u0|counter[10] ; CLOCK_50               ; CLOCK_50    ; 0.000        ; 0.000      ; 1.606      ;
; 1.352  ; clock_1s:u0|counter[4]  ; clock_1s:u0|counter[6]  ; CLOCK_50               ; CLOCK_50    ; 0.000        ; 0.000      ; 1.618      ;
; 1.357  ; clock_1s:u0|counter[7]  ; clock_1s:u0|counter[7]  ; CLOCK_50               ; CLOCK_50    ; 0.000        ; 0.000      ; 1.623      ;
; 1.368  ; clock_1s:u0|counter[5]  ; clock_1s:u0|counter[8]  ; CLOCK_50               ; CLOCK_50    ; 0.000        ; 0.000      ; 1.634      ;
; 1.374  ; clock_1s:u0|counter[11] ; clock_1s:u0|counter[16] ; CLOCK_50               ; CLOCK_50    ; 0.000        ; 0.170      ; 1.810      ;
; 1.382  ; clock_1s:u0|counter[15] ; clock_1s:u0|counter[16] ; CLOCK_50               ; CLOCK_50    ; 0.000        ; -0.010     ; 1.638      ;
; 1.387  ; clock_1s:u0|counter[3]  ; clock_1s:u0|counter[5]  ; CLOCK_50               ; CLOCK_50    ; 0.000        ; 0.000      ; 1.653      ;
; 1.389  ; clock_1s:u0|counter[17] ; clock_1s:u0|counter[18] ; CLOCK_50               ; CLOCK_50    ; 0.000        ; -0.010     ; 1.645      ;
; 1.409  ; clock_1s:u0|counter[6]  ; clock_1s:u0|counter[10] ; CLOCK_50               ; CLOCK_50    ; 0.000        ; 0.000      ; 1.675      ;
; 1.411  ; clock_1s:u0|counter[7]  ; clock_1s:u0|counter[11] ; CLOCK_50               ; CLOCK_50    ; 0.000        ; 0.000      ; 1.677      ;
; 1.436  ; clock_1s:u0|counter[16] ; clock_1s:u0|counter[18] ; CLOCK_50               ; CLOCK_50    ; 0.000        ; 0.000      ; 1.702      ;
; 1.439  ; clock_1s:u0|counter[5]  ; clock_1s:u0|counter[9]  ; CLOCK_50               ; CLOCK_50    ; 0.000        ; 0.000      ; 1.705      ;
; 1.445  ; clock_1s:u0|counter[10] ; clock_1s:u0|counter[16] ; CLOCK_50               ; CLOCK_50    ; 0.000        ; 0.170      ; 1.881      ;
; 1.458  ; clock_1s:u0|counter[3]  ; clock_1s:u0|counter[6]  ; CLOCK_50               ; CLOCK_50    ; 0.000        ; 0.000      ; 1.724      ;
+--------+-------------------------+-------------------------+------------------------+-------------+--------------+------------+------------+


+-------------------------------------------------------------------------------------------------------------------------+
; Slow Model Hold: 'clock_1s:u0|counter[0]'                                                                               ;
+-------+-----------+----------+------------------------+------------------------+--------------+------------+------------+
; Slack ; From Node ; To Node  ; Launch Clock           ; Latch Clock            ; Relationship ; Clock Skew ; Data Delay ;
+-------+-----------+----------+------------------------+------------------------+--------------+------------+------------+
; 0.391 ; state[1]  ; state[1] ; clock_1s:u0|counter[0] ; clock_1s:u0|counter[0] ; 0.000        ; 0.000      ; 0.657      ;
; 0.391 ; state[2]  ; state[2] ; clock_1s:u0|counter[0] ; clock_1s:u0|counter[0] ; 0.000        ; 0.000      ; 0.657      ;
; 0.391 ; timer[0]  ; timer[0] ; clock_1s:u0|counter[0] ; clock_1s:u0|counter[0] ; 0.000        ; 0.000      ; 0.657      ;
; 0.391 ; timer[1]  ; timer[1] ; clock_1s:u0|counter[0] ; clock_1s:u0|counter[0] ; 0.000        ; 0.000      ; 0.657      ;
; 0.391 ; timer[2]  ; timer[2] ; clock_1s:u0|counter[0] ; clock_1s:u0|counter[0] ; 0.000        ; 0.000      ; 0.657      ;
; 0.391 ; state[0]  ; state[0] ; clock_1s:u0|counter[0] ; clock_1s:u0|counter[0] ; 0.000        ; 0.000      ; 0.657      ;
; 0.795 ; state[2]  ; state[1] ; clock_1s:u0|counter[0] ; clock_1s:u0|counter[0] ; 0.000        ; 0.000      ; 1.061      ;
; 0.807 ; timer[2]  ; timer[0] ; clock_1s:u0|counter[0] ; clock_1s:u0|counter[0] ; 0.000        ; 0.000      ; 1.073      ;
; 0.807 ; timer[2]  ; timer[1] ; clock_1s:u0|counter[0] ; clock_1s:u0|counter[0] ; 0.000        ; 0.000      ; 1.073      ;
; 0.810 ; timer[1]  ; timer[2] ; clock_1s:u0|counter[0] ; clock_1s:u0|counter[0] ; 0.000        ; 0.000      ; 1.076      ;
; 0.818 ; state[1]  ; state[2] ; clock_1s:u0|counter[0] ; clock_1s:u0|counter[0] ; 0.000        ; 0.000      ; 1.084      ;
; 0.818 ; state[2]  ; state[0] ; clock_1s:u0|counter[0] ; clock_1s:u0|counter[0] ; 0.000        ; 0.000      ; 1.084      ;
; 0.850 ; timer[0]  ; timer[2] ; clock_1s:u0|counter[0] ; clock_1s:u0|counter[0] ; 0.000        ; 0.000      ; 1.116      ;
; 0.946 ; state[0]  ; timer[0] ; clock_1s:u0|counter[0] ; clock_1s:u0|counter[0] ; 0.000        ; 0.000      ; 1.212      ;
; 0.946 ; state[0]  ; timer[1] ; clock_1s:u0|counter[0] ; clock_1s:u0|counter[0] ; 0.000        ; 0.000      ; 1.212      ;
; 0.947 ; state[0]  ; timer[2] ; clock_1s:u0|counter[0] ; clock_1s:u0|counter[0] ; 0.000        ; 0.000      ; 1.213      ;
; 0.973 ; timer[0]  ; timer[1] ; clock_1s:u0|counter[0] ; clock_1s:u0|counter[0] ; 0.000        ; 0.000      ; 1.239      ;
; 1.072 ; state[2]  ; timer[0] ; clock_1s:u0|counter[0] ; clock_1s:u0|counter[0] ; 0.000        ; 0.000      ; 1.338      ;
; 1.072 ; state[2]  ; timer[1] ; clock_1s:u0|counter[0] ; clock_1s:u0|counter[0] ; 0.000        ; 0.000      ; 1.338      ;
; 1.073 ; state[2]  ; timer[2] ; clock_1s:u0|counter[0] ; clock_1s:u0|counter[0] ; 0.000        ; 0.000      ; 1.339      ;
; 1.077 ; timer[2]  ; state[2] ; clock_1s:u0|counter[0] ; clock_1s:u0|counter[0] ; 0.000        ; 0.000      ; 1.343      ;
; 1.078 ; timer[2]  ; state[1] ; clock_1s:u0|counter[0] ; clock_1s:u0|counter[0] ; 0.000        ; 0.000      ; 1.344      ;
; 1.079 ; timer[2]  ; state[0] ; clock_1s:u0|counter[0] ; clock_1s:u0|counter[0] ; 0.000        ; 0.000      ; 1.345      ;
; 1.091 ; state[1]  ; state[0] ; clock_1s:u0|counter[0] ; clock_1s:u0|counter[0] ; 0.000        ; 0.000      ; 1.357      ;
; 1.218 ; timer[1]  ; state[2] ; clock_1s:u0|counter[0] ; clock_1s:u0|counter[0] ; 0.000        ; 0.000      ; 1.484      ;
; 1.219 ; timer[1]  ; state[1] ; clock_1s:u0|counter[0] ; clock_1s:u0|counter[0] ; 0.000        ; 0.000      ; 1.485      ;
; 1.220 ; timer[1]  ; state[0] ; clock_1s:u0|counter[0] ; clock_1s:u0|counter[0] ; 0.000        ; 0.000      ; 1.486      ;
; 1.240 ; state[1]  ; timer[0] ; clock_1s:u0|counter[0] ; clock_1s:u0|counter[0] ; 0.000        ; 0.000      ; 1.506      ;
; 1.240 ; state[1]  ; timer[1] ; clock_1s:u0|counter[0] ; clock_1s:u0|counter[0] ; 0.000        ; 0.000      ; 1.506      ;
; 1.241 ; state[1]  ; timer[2] ; clock_1s:u0|counter[0] ; clock_1s:u0|counter[0] ; 0.000        ; 0.000      ; 1.507      ;
; 1.254 ; timer[0]  ; state[2] ; clock_1s:u0|counter[0] ; clock_1s:u0|counter[0] ; 0.000        ; 0.000      ; 1.520      ;
; 1.255 ; timer[0]  ; state[1] ; clock_1s:u0|counter[0] ; clock_1s:u0|counter[0] ; 0.000        ; 0.000      ; 1.521      ;
; 1.256 ; timer[0]  ; state[0] ; clock_1s:u0|counter[0] ; clock_1s:u0|counter[0] ; 0.000        ; 0.000      ; 1.522      ;
; 1.289 ; state[0]  ; state[2] ; clock_1s:u0|counter[0] ; clock_1s:u0|counter[0] ; 0.000        ; 0.000      ; 1.555      ;
; 1.293 ; state[0]  ; state[1] ; clock_1s:u0|counter[0] ; clock_1s:u0|counter[0] ; 0.000        ; 0.000      ; 1.559      ;
+-------+-----------+----------+------------------------+------------------------+--------------+------------+------------+


+-------------------------------------------------------------------------------------------------------------+
; Slow Model Minimum Pulse Width: 'CLOCK_50'                                                                  ;
+--------+--------------+----------------+------------------+----------+------------+-------------------------+
; Slack  ; Actual Width ; Required Width ; Type             ; Clock    ; Clock Edge ; Target                  ;
+--------+--------------+----------------+------------------+----------+------------+-------------------------+
; -1.380 ; 1.000        ; 2.380          ; Port Rate        ; CLOCK_50 ; Rise       ; CLOCK_50                ;
; -0.500 ; 0.500        ; 1.000          ; High Pulse Width ; CLOCK_50 ; Rise       ; clock_1s:u0|counter[0]  ;
; -0.500 ; 0.500        ; 1.000          ; Low Pulse Width  ; CLOCK_50 ; Rise       ; clock_1s:u0|counter[0]  ;
; -0.500 ; 0.500        ; 1.000          ; High Pulse Width ; CLOCK_50 ; Rise       ; clock_1s:u0|counter[10] ;
; -0.500 ; 0.500        ; 1.000          ; Low Pulse Width  ; CLOCK_50 ; Rise       ; clock_1s:u0|counter[10] ;
; -0.500 ; 0.500        ; 1.000          ; High Pulse Width ; CLOCK_50 ; Rise       ; clock_1s:u0|counter[11] ;
; -0.500 ; 0.500        ; 1.000          ; Low Pulse Width  ; CLOCK_50 ; Rise       ; clock_1s:u0|counter[11] ;
; -0.500 ; 0.500        ; 1.000          ; High Pulse Width ; CLOCK_50 ; Rise       ; clock_1s:u0|counter[12] ;
; -0.500 ; 0.500        ; 1.000          ; Low Pulse Width  ; CLOCK_50 ; Rise       ; clock_1s:u0|counter[12] ;
; -0.500 ; 0.500        ; 1.000          ; High Pulse Width ; CLOCK_50 ; Rise       ; clock_1s:u0|counter[13] ;
; -0.500 ; 0.500        ; 1.000          ; Low Pulse Width  ; CLOCK_50 ; Rise       ; clock_1s:u0|counter[13] ;
; -0.500 ; 0.500        ; 1.000          ; High Pulse Width ; CLOCK_50 ; Rise       ; clock_1s:u0|counter[14] ;
; -0.500 ; 0.500        ; 1.000          ; Low Pulse Width  ; CLOCK_50 ; Rise       ; clock_1s:u0|counter[14] ;
; -0.500 ; 0.500        ; 1.000          ; High Pulse Width ; CLOCK_50 ; Rise       ; clock_1s:u0|counter[15] ;
; -0.500 ; 0.500        ; 1.000          ; Low Pulse Width  ; CLOCK_50 ; Rise       ; clock_1s:u0|counter[15] ;
; -0.500 ; 0.500        ; 1.000          ; High Pulse Width ; CLOCK_50 ; Rise       ; clock_1s:u0|counter[16] ;
; -0.500 ; 0.500        ; 1.000          ; Low Pulse Width  ; CLOCK_50 ; Rise       ; clock_1s:u0|counter[16] ;
; -0.500 ; 0.500        ; 1.000          ; High Pulse Width ; CLOCK_50 ; Rise       ; clock_1s:u0|counter[17] ;
; -0.500 ; 0.500        ; 1.000          ; Low Pulse Width  ; CLOCK_50 ; Rise       ; clock_1s:u0|counter[17] ;
; -0.500 ; 0.500        ; 1.000          ; High Pulse Width ; CLOCK_50 ; Rise       ; clock_1s:u0|counter[18] ;
; -0.500 ; 0.500        ; 1.000          ; Low Pulse Width  ; CLOCK_50 ; Rise       ; clock_1s:u0|counter[18] ;
; -0.500 ; 0.500        ; 1.000          ; High Pulse Width ; CLOCK_50 ; Rise       ; clock_1s:u0|counter[19] ;
; -0.500 ; 0.500        ; 1.000          ; Low Pulse Width  ; CLOCK_50 ; Rise       ; clock_1s:u0|counter[19] ;
; -0.500 ; 0.500        ; 1.000          ; High Pulse Width ; CLOCK_50 ; Rise       ; clock_1s:u0|counter[1]  ;
; -0.500 ; 0.500        ; 1.000          ; Low Pulse Width  ; CLOCK_50 ; Rise       ; clock_1s:u0|counter[1]  ;
; -0.500 ; 0.500        ; 1.000          ; High Pulse Width ; CLOCK_50 ; Rise       ; clock_1s:u0|counter[20] ;
; -0.500 ; 0.500        ; 1.000          ; Low Pulse Width  ; CLOCK_50 ; Rise       ; clock_1s:u0|counter[20] ;
; -0.500 ; 0.500        ; 1.000          ; High Pulse Width ; CLOCK_50 ; Rise       ; clock_1s:u0|counter[21] ;
; -0.500 ; 0.500        ; 1.000          ; Low Pulse Width  ; CLOCK_50 ; Rise       ; clock_1s:u0|counter[21] ;
; -0.500 ; 0.500        ; 1.000          ; High Pulse Width ; CLOCK_50 ; Rise       ; clock_1s:u0|counter[22] ;
; -0.500 ; 0.500        ; 1.000          ; Low Pulse Width  ; CLOCK_50 ; Rise       ; clock_1s:u0|counter[22] ;
; -0.500 ; 0.500        ; 1.000          ; High Pulse Width ; CLOCK_50 ; Rise       ; clock_1s:u0|counter[23] ;
; -0.500 ; 0.500        ; 1.000          ; Low Pulse Width  ; CLOCK_50 ; Rise       ; clock_1s:u0|counter[23] ;
; -0.500 ; 0.500        ; 1.000          ; High Pulse Width ; CLOCK_50 ; Rise       ; clock_1s:u0|counter[24] ;
; -0.500 ; 0.500        ; 1.000          ; Low Pulse Width  ; CLOCK_50 ; Rise       ; clock_1s:u0|counter[24] ;
; -0.500 ; 0.500        ; 1.000          ; High Pulse Width ; CLOCK_50 ; Rise       ; clock_1s:u0|counter[25] ;
; -0.500 ; 0.500        ; 1.000          ; Low Pulse Width  ; CLOCK_50 ; Rise       ; clock_1s:u0|counter[25] ;
; -0.500 ; 0.500        ; 1.000          ; High Pulse Width ; CLOCK_50 ; Rise       ; clock_1s:u0|counter[2]  ;
; -0.500 ; 0.500        ; 1.000          ; Low Pulse Width  ; CLOCK_50 ; Rise       ; clock_1s:u0|counter[2]  ;
; -0.500 ; 0.500        ; 1.000          ; High Pulse Width ; CLOCK_50 ; Rise       ; clock_1s:u0|counter[3]  ;
; -0.500 ; 0.500        ; 1.000          ; Low Pulse Width  ; CLOCK_50 ; Rise       ; clock_1s:u0|counter[3]  ;
; -0.500 ; 0.500        ; 1.000          ; High Pulse Width ; CLOCK_50 ; Rise       ; clock_1s:u0|counter[4]  ;
; -0.500 ; 0.500        ; 1.000          ; Low Pulse Width  ; CLOCK_50 ; Rise       ; clock_1s:u0|counter[4]  ;
; -0.500 ; 0.500        ; 1.000          ; High Pulse Width ; CLOCK_50 ; Rise       ; clock_1s:u0|counter[5]  ;
; -0.500 ; 0.500        ; 1.000          ; Low Pulse Width  ; CLOCK_50 ; Rise       ; clock_1s:u0|counter[5]  ;
; -0.500 ; 0.500        ; 1.000          ; High Pulse Width ; CLOCK_50 ; Rise       ; clock_1s:u0|counter[6]  ;
; -0.500 ; 0.500        ; 1.000          ; Low Pulse Width  ; CLOCK_50 ; Rise       ; clock_1s:u0|counter[6]  ;
; -0.500 ; 0.500        ; 1.000          ; High Pulse Width ; CLOCK_50 ; Rise       ; clock_1s:u0|counter[7]  ;
; -0.500 ; 0.500        ; 1.000          ; Low Pulse Width  ; CLOCK_50 ; Rise       ; clock_1s:u0|counter[7]  ;
; -0.500 ; 0.500        ; 1.000          ; High Pulse Width ; CLOCK_50 ; Rise       ; clock_1s:u0|counter[8]  ;
; -0.500 ; 0.500        ; 1.000          ; Low Pulse Width  ; CLOCK_50 ; Rise       ; clock_1s:u0|counter[8]  ;
; -0.500 ; 0.500        ; 1.000          ; High Pulse Width ; CLOCK_50 ; Rise       ; clock_1s:u0|counter[9]  ;
; -0.500 ; 0.500        ; 1.000          ; Low Pulse Width  ; CLOCK_50 ; Rise       ; clock_1s:u0|counter[9]  ;
; 0.500  ; 0.500        ; 0.000          ; High Pulse Width ; CLOCK_50 ; Rise       ; CLOCK_50|combout        ;
; 0.500  ; 0.500        ; 0.000          ; Low Pulse Width  ; CLOCK_50 ; Rise       ; CLOCK_50|combout        ;
; 0.500  ; 0.500        ; 0.000          ; High Pulse Width ; CLOCK_50 ; Rise       ; u0|counter[0]|clk       ;
; 0.500  ; 0.500        ; 0.000          ; Low Pulse Width  ; CLOCK_50 ; Rise       ; u0|counter[0]|clk       ;
; 0.500  ; 0.500        ; 0.000          ; High Pulse Width ; CLOCK_50 ; Rise       ; u0|counter[10]|clk      ;
; 0.500  ; 0.500        ; 0.000          ; Low Pulse Width  ; CLOCK_50 ; Rise       ; u0|counter[10]|clk      ;
; 0.500  ; 0.500        ; 0.000          ; High Pulse Width ; CLOCK_50 ; Rise       ; u0|counter[11]|clk      ;
; 0.500  ; 0.500        ; 0.000          ; Low Pulse Width  ; CLOCK_50 ; Rise       ; u0|counter[11]|clk      ;
; 0.500  ; 0.500        ; 0.000          ; High Pulse Width ; CLOCK_50 ; Rise       ; u0|counter[12]|clk      ;
; 0.500  ; 0.500        ; 0.000          ; Low Pulse Width  ; CLOCK_50 ; Rise       ; u0|counter[12]|clk      ;
; 0.500  ; 0.500        ; 0.000          ; High Pulse Width ; CLOCK_50 ; Rise       ; u0|counter[13]|clk      ;
; 0.500  ; 0.500        ; 0.000          ; Low Pulse Width  ; CLOCK_50 ; Rise       ; u0|counter[13]|clk      ;
; 0.500  ; 0.500        ; 0.000          ; High Pulse Width ; CLOCK_50 ; Rise       ; u0|counter[14]|clk      ;
; 0.500  ; 0.500        ; 0.000          ; Low Pulse Width  ; CLOCK_50 ; Rise       ; u0|counter[14]|clk      ;
; 0.500  ; 0.500        ; 0.000          ; High Pulse Width ; CLOCK_50 ; Rise       ; u0|counter[15]|clk      ;
; 0.500  ; 0.500        ; 0.000          ; Low Pulse Width  ; CLOCK_50 ; Rise       ; u0|counter[15]|clk      ;
; 0.500  ; 0.500        ; 0.000          ; High Pulse Width ; CLOCK_50 ; Rise       ; u0|counter[16]|clk      ;
; 0.500  ; 0.500        ; 0.000          ; Low Pulse Width  ; CLOCK_50 ; Rise       ; u0|counter[16]|clk      ;
; 0.500  ; 0.500        ; 0.000          ; High Pulse Width ; CLOCK_50 ; Rise       ; u0|counter[17]|clk      ;
; 0.500  ; 0.500        ; 0.000          ; Low Pulse Width  ; CLOCK_50 ; Rise       ; u0|counter[17]|clk      ;
; 0.500  ; 0.500        ; 0.000          ; High Pulse Width ; CLOCK_50 ; Rise       ; u0|counter[18]|clk      ;
; 0.500  ; 0.500        ; 0.000          ; Low Pulse Width  ; CLOCK_50 ; Rise       ; u0|counter[18]|clk      ;
; 0.500  ; 0.500        ; 0.000          ; High Pulse Width ; CLOCK_50 ; Rise       ; u0|counter[19]|clk      ;
; 0.500  ; 0.500        ; 0.000          ; Low Pulse Width  ; CLOCK_50 ; Rise       ; u0|counter[19]|clk      ;
; 0.500  ; 0.500        ; 0.000          ; High Pulse Width ; CLOCK_50 ; Rise       ; u0|counter[1]|clk       ;
; 0.500  ; 0.500        ; 0.000          ; Low Pulse Width  ; CLOCK_50 ; Rise       ; u0|counter[1]|clk       ;
; 0.500  ; 0.500        ; 0.000          ; High Pulse Width ; CLOCK_50 ; Rise       ; u0|counter[20]|clk      ;
; 0.500  ; 0.500        ; 0.000          ; Low Pulse Width  ; CLOCK_50 ; Rise       ; u0|counter[20]|clk      ;
; 0.500  ; 0.500        ; 0.000          ; High Pulse Width ; CLOCK_50 ; Rise       ; u0|counter[21]|clk      ;
; 0.500  ; 0.500        ; 0.000          ; Low Pulse Width  ; CLOCK_50 ; Rise       ; u0|counter[21]|clk      ;
; 0.500  ; 0.500        ; 0.000          ; High Pulse Width ; CLOCK_50 ; Rise       ; u0|counter[22]|clk      ;
; 0.500  ; 0.500        ; 0.000          ; Low Pulse Width  ; CLOCK_50 ; Rise       ; u0|counter[22]|clk      ;
; 0.500  ; 0.500        ; 0.000          ; High Pulse Width ; CLOCK_50 ; Rise       ; u0|counter[23]|clk      ;
; 0.500  ; 0.500        ; 0.000          ; Low Pulse Width  ; CLOCK_50 ; Rise       ; u0|counter[23]|clk      ;
; 0.500  ; 0.500        ; 0.000          ; High Pulse Width ; CLOCK_50 ; Rise       ; u0|counter[24]|clk      ;
; 0.500  ; 0.500        ; 0.000          ; Low Pulse Width  ; CLOCK_50 ; Rise       ; u0|counter[24]|clk      ;
; 0.500  ; 0.500        ; 0.000          ; High Pulse Width ; CLOCK_50 ; Rise       ; u0|counter[25]|clk      ;
; 0.500  ; 0.500        ; 0.000          ; Low Pulse Width  ; CLOCK_50 ; Rise       ; u0|counter[25]|clk      ;
; 0.500  ; 0.500        ; 0.000          ; High Pulse Width ; CLOCK_50 ; Rise       ; u0|counter[2]|clk       ;
; 0.500  ; 0.500        ; 0.000          ; Low Pulse Width  ; CLOCK_50 ; Rise       ; u0|counter[2]|clk       ;
; 0.500  ; 0.500        ; 0.000          ; High Pulse Width ; CLOCK_50 ; Rise       ; u0|counter[3]|clk       ;
; 0.500  ; 0.500        ; 0.000          ; Low Pulse Width  ; CLOCK_50 ; Rise       ; u0|counter[3]|clk       ;
; 0.500  ; 0.500        ; 0.000          ; High Pulse Width ; CLOCK_50 ; Rise       ; u0|counter[4]|clk       ;
; 0.500  ; 0.500        ; 0.000          ; Low Pulse Width  ; CLOCK_50 ; Rise       ; u0|counter[4]|clk       ;
; 0.500  ; 0.500        ; 0.000          ; High Pulse Width ; CLOCK_50 ; Rise       ; u0|counter[5]|clk       ;
; 0.500  ; 0.500        ; 0.000          ; Low Pulse Width  ; CLOCK_50 ; Rise       ; u0|counter[5]|clk       ;
; 0.500  ; 0.500        ; 0.000          ; High Pulse Width ; CLOCK_50 ; Rise       ; u0|counter[6]|clk       ;
+--------+--------------+----------------+------------------+----------+------------+-------------------------+


+------------------------------------------------------------------------------------------------------------------------------+
; Slow Model Minimum Pulse Width: 'clock_1s:u0|counter[0]'                                                                     ;
+--------+--------------+----------------+------------------+------------------------+------------+----------------------------+
; Slack  ; Actual Width ; Required Width ; Type             ; Clock                  ; Clock Edge ; Target                     ;
+--------+--------------+----------------+------------------+------------------------+------------+----------------------------+
; -0.500 ; 0.500        ; 1.000          ; High Pulse Width ; clock_1s:u0|counter[0] ; Rise       ; state[0]                   ;
; -0.500 ; 0.500        ; 1.000          ; Low Pulse Width  ; clock_1s:u0|counter[0] ; Rise       ; state[0]                   ;
; -0.500 ; 0.500        ; 1.000          ; High Pulse Width ; clock_1s:u0|counter[0] ; Rise       ; state[1]                   ;
; -0.500 ; 0.500        ; 1.000          ; Low Pulse Width  ; clock_1s:u0|counter[0] ; Rise       ; state[1]                   ;
; -0.500 ; 0.500        ; 1.000          ; High Pulse Width ; clock_1s:u0|counter[0] ; Rise       ; state[2]                   ;
; -0.500 ; 0.500        ; 1.000          ; Low Pulse Width  ; clock_1s:u0|counter[0] ; Rise       ; state[2]                   ;
; -0.500 ; 0.500        ; 1.000          ; High Pulse Width ; clock_1s:u0|counter[0] ; Rise       ; timer[0]                   ;
; -0.500 ; 0.500        ; 1.000          ; Low Pulse Width  ; clock_1s:u0|counter[0] ; Rise       ; timer[0]                   ;
; -0.500 ; 0.500        ; 1.000          ; High Pulse Width ; clock_1s:u0|counter[0] ; Rise       ; timer[1]                   ;
; -0.500 ; 0.500        ; 1.000          ; Low Pulse Width  ; clock_1s:u0|counter[0] ; Rise       ; timer[1]                   ;
; -0.500 ; 0.500        ; 1.000          ; High Pulse Width ; clock_1s:u0|counter[0] ; Rise       ; timer[2]                   ;
; -0.500 ; 0.500        ; 1.000          ; Low Pulse Width  ; clock_1s:u0|counter[0] ; Rise       ; timer[2]                   ;
; 0.500  ; 0.500        ; 0.000          ; High Pulse Width ; clock_1s:u0|counter[0] ; Rise       ; state[0]|clk               ;
; 0.500  ; 0.500        ; 0.000          ; Low Pulse Width  ; clock_1s:u0|counter[0] ; Rise       ; state[0]|clk               ;
; 0.500  ; 0.500        ; 0.000          ; High Pulse Width ; clock_1s:u0|counter[0] ; Rise       ; state[1]|clk               ;
; 0.500  ; 0.500        ; 0.000          ; Low Pulse Width  ; clock_1s:u0|counter[0] ; Rise       ; state[1]|clk               ;
; 0.500  ; 0.500        ; 0.000          ; High Pulse Width ; clock_1s:u0|counter[0] ; Rise       ; state[2]|clk               ;
; 0.500  ; 0.500        ; 0.000          ; Low Pulse Width  ; clock_1s:u0|counter[0] ; Rise       ; state[2]|clk               ;
; 0.500  ; 0.500        ; 0.000          ; High Pulse Width ; clock_1s:u0|counter[0] ; Rise       ; timer[0]|clk               ;
; 0.500  ; 0.500        ; 0.000          ; Low Pulse Width  ; clock_1s:u0|counter[0] ; Rise       ; timer[0]|clk               ;
; 0.500  ; 0.500        ; 0.000          ; High Pulse Width ; clock_1s:u0|counter[0] ; Rise       ; timer[1]|clk               ;
; 0.500  ; 0.500        ; 0.000          ; Low Pulse Width  ; clock_1s:u0|counter[0] ; Rise       ; timer[1]|clk               ;
; 0.500  ; 0.500        ; 0.000          ; High Pulse Width ; clock_1s:u0|counter[0] ; Rise       ; timer[2]|clk               ;
; 0.500  ; 0.500        ; 0.000          ; Low Pulse Width  ; clock_1s:u0|counter[0] ; Rise       ; timer[2]|clk               ;
; 0.500  ; 0.500        ; 0.000          ; High Pulse Width ; clock_1s:u0|counter[0] ; Rise       ; u0|Equal1|combout          ;
; 0.500  ; 0.500        ; 0.000          ; Low Pulse Width  ; clock_1s:u0|counter[0] ; Rise       ; u0|Equal1|combout          ;
; 0.500  ; 0.500        ; 0.000          ; High Pulse Width ; clock_1s:u0|counter[0] ; Rise       ; u0|Equal1|datab            ;
; 0.500  ; 0.500        ; 0.000          ; Low Pulse Width  ; clock_1s:u0|counter[0] ; Rise       ; u0|Equal1|datab            ;
; 0.500  ; 0.500        ; 0.000          ; High Pulse Width ; clock_1s:u0|counter[0] ; Rise       ; u0|Equal1~clkctrl|inclk[0] ;
; 0.500  ; 0.500        ; 0.000          ; Low Pulse Width  ; clock_1s:u0|counter[0] ; Rise       ; u0|Equal1~clkctrl|inclk[0] ;
; 0.500  ; 0.500        ; 0.000          ; High Pulse Width ; clock_1s:u0|counter[0] ; Rise       ; u0|Equal1~clkctrl|outclk   ;
; 0.500  ; 0.500        ; 0.000          ; Low Pulse Width  ; clock_1s:u0|counter[0] ; Rise       ; u0|Equal1~clkctrl|outclk   ;
; 0.500  ; 0.500        ; 0.000          ; High Pulse Width ; clock_1s:u0|counter[0] ; Rise       ; u0|counter[0]|regout       ;
; 0.500  ; 0.500        ; 0.000          ; Low Pulse Width  ; clock_1s:u0|counter[0] ; Rise       ; u0|counter[0]|regout       ;
+--------+--------------+----------------+------------------+------------------------+------------+----------------------------+


+--------------------------------------------------------------------------------------------+
; Clock to Output Times                                                                      ;
+-----------+------------------------+--------+--------+------------+------------------------+
; Data Port ; Clock Port             ; Rise   ; Fall   ; Clock Edge ; Clock Reference        ;
+-----------+------------------------+--------+--------+------------+------------------------+
; HEX0[*]   ; clock_1s:u0|counter[0] ; 11.292 ; 11.292 ; Rise       ; clock_1s:u0|counter[0] ;
;  HEX0[0]  ; clock_1s:u0|counter[0] ; 10.530 ; 10.530 ; Rise       ; clock_1s:u0|counter[0] ;
;  HEX0[1]  ; clock_1s:u0|counter[0] ; 11.292 ; 11.292 ; Rise       ; clock_1s:u0|counter[0] ;
;  HEX0[2]  ; clock_1s:u0|counter[0] ; 10.687 ; 10.687 ; Rise       ; clock_1s:u0|counter[0] ;
;  HEX0[3]  ; clock_1s:u0|counter[0] ; 10.507 ; 10.507 ; Rise       ; clock_1s:u0|counter[0] ;
;  HEX0[4]  ; clock_1s:u0|counter[0] ; 10.261 ; 10.261 ; Rise       ; clock_1s:u0|counter[0] ;
;  HEX0[5]  ; clock_1s:u0|counter[0] ; 10.684 ; 10.684 ; Rise       ; clock_1s:u0|counter[0] ;
;  HEX0[6]  ; clock_1s:u0|counter[0] ; 10.912 ; 10.912 ; Rise       ; clock_1s:u0|counter[0] ;
; HEX1[*]   ; clock_1s:u0|counter[0] ; 10.062 ; 10.062 ; Rise       ; clock_1s:u0|counter[0] ;
;  HEX1[0]  ; clock_1s:u0|counter[0] ; 10.062 ; 10.062 ; Rise       ; clock_1s:u0|counter[0] ;
;  HEX1[1]  ; clock_1s:u0|counter[0] ; 9.609  ; 9.609  ; Rise       ; clock_1s:u0|counter[0] ;
;  HEX1[2]  ; clock_1s:u0|counter[0] ; 9.429  ; 9.429  ; Rise       ; clock_1s:u0|counter[0] ;
;  HEX1[3]  ; clock_1s:u0|counter[0] ; 9.616  ; 9.616  ; Rise       ; clock_1s:u0|counter[0] ;
;  HEX1[4]  ; clock_1s:u0|counter[0] ; 9.462  ; 9.462  ; Rise       ; clock_1s:u0|counter[0] ;
;  HEX1[5]  ; clock_1s:u0|counter[0] ; 9.444  ; 9.444  ; Rise       ; clock_1s:u0|counter[0] ;
;  HEX1[6]  ; clock_1s:u0|counter[0] ; 9.365  ; 9.365  ; Rise       ; clock_1s:u0|counter[0] ;
; LEDG[*]   ; clock_1s:u0|counter[0] ; 9.415  ; 9.415  ; Rise       ; clock_1s:u0|counter[0] ;
;  LEDG[0]  ; clock_1s:u0|counter[0] ; 9.085  ; 9.085  ; Rise       ; clock_1s:u0|counter[0] ;
;  LEDG[1]  ; clock_1s:u0|counter[0] ; 9.236  ; 9.236  ; Rise       ; clock_1s:u0|counter[0] ;
;  LEDG[6]  ; clock_1s:u0|counter[0] ; 9.308  ; 9.308  ; Rise       ; clock_1s:u0|counter[0] ;
;  LEDG[7]  ; clock_1s:u0|counter[0] ; 9.415  ; 9.415  ; Rise       ; clock_1s:u0|counter[0] ;
; LEDR[*]   ; clock_1s:u0|counter[0] ; 9.643  ; 9.643  ; Rise       ; clock_1s:u0|counter[0] ;
;  LEDR[0]  ; clock_1s:u0|counter[0] ; 9.465  ; 9.465  ; Rise       ; clock_1s:u0|counter[0] ;
;  LEDR[1]  ; clock_1s:u0|counter[0] ; 9.387  ; 9.387  ; Rise       ; clock_1s:u0|counter[0] ;
;  LEDR[2]  ; clock_1s:u0|counter[0] ; 9.643  ; 9.643  ; Rise       ; clock_1s:u0|counter[0] ;
;  LEDR[3]  ; clock_1s:u0|counter[0] ; 9.424  ; 9.424  ; Rise       ; clock_1s:u0|counter[0] ;
+-----------+------------------------+--------+--------+------------+------------------------+


+--------------------------------------------------------------------------------------------+
; Minimum Clock to Output Times                                                              ;
+-----------+------------------------+--------+--------+------------+------------------------+
; Data Port ; Clock Port             ; Rise   ; Fall   ; Clock Edge ; Clock Reference        ;
+-----------+------------------------+--------+--------+------------+------------------------+
; HEX0[*]   ; clock_1s:u0|counter[0] ; 10.143 ; 10.143 ; Rise       ; clock_1s:u0|counter[0] ;
;  HEX0[0]  ; clock_1s:u0|counter[0] ; 10.450 ; 10.450 ; Rise       ; clock_1s:u0|counter[0] ;
;  HEX0[1]  ; clock_1s:u0|counter[0] ; 10.951 ; 10.951 ; Rise       ; clock_1s:u0|counter[0] ;
;  HEX0[2]  ; clock_1s:u0|counter[0] ; 10.609 ; 10.609 ; Rise       ; clock_1s:u0|counter[0] ;
;  HEX0[3]  ; clock_1s:u0|counter[0] ; 10.427 ; 10.427 ; Rise       ; clock_1s:u0|counter[0] ;
;  HEX0[4]  ; clock_1s:u0|counter[0] ; 10.143 ; 10.143 ; Rise       ; clock_1s:u0|counter[0] ;
;  HEX0[5]  ; clock_1s:u0|counter[0] ; 10.606 ; 10.606 ; Rise       ; clock_1s:u0|counter[0] ;
;  HEX0[6]  ; clock_1s:u0|counter[0] ; 10.835 ; 10.835 ; Rise       ; clock_1s:u0|counter[0] ;
; HEX1[*]   ; clock_1s:u0|counter[0] ; 9.099  ; 9.099  ; Rise       ; clock_1s:u0|counter[0] ;
;  HEX1[0]  ; clock_1s:u0|counter[0] ; 9.732  ; 9.732  ; Rise       ; clock_1s:u0|counter[0] ;
;  HEX1[1]  ; clock_1s:u0|counter[0] ; 9.531  ; 9.531  ; Rise       ; clock_1s:u0|counter[0] ;
;  HEX1[2]  ; clock_1s:u0|counter[0] ; 9.099  ; 9.099  ; Rise       ; clock_1s:u0|counter[0] ;
;  HEX1[3]  ; clock_1s:u0|counter[0] ; 9.286  ; 9.286  ; Rise       ; clock_1s:u0|counter[0] ;
;  HEX1[4]  ; clock_1s:u0|counter[0] ; 9.121  ; 9.121  ; Rise       ; clock_1s:u0|counter[0] ;
;  HEX1[5]  ; clock_1s:u0|counter[0] ; 9.114  ; 9.114  ; Rise       ; clock_1s:u0|counter[0] ;
;  HEX1[6]  ; clock_1s:u0|counter[0] ; 9.124  ; 9.124  ; Rise       ; clock_1s:u0|counter[0] ;
; LEDG[*]   ; clock_1s:u0|counter[0] ; 8.906  ; 8.906  ; Rise       ; clock_1s:u0|counter[0] ;
;  LEDG[0]  ; clock_1s:u0|counter[0] ; 9.005  ; 9.005  ; Rise       ; clock_1s:u0|counter[0] ;
;  LEDG[1]  ; clock_1s:u0|counter[0] ; 8.906  ; 8.906  ; Rise       ; clock_1s:u0|counter[0] ;
;  LEDG[6]  ; clock_1s:u0|counter[0] ; 9.230  ; 9.230  ; Rise       ; clock_1s:u0|counter[0] ;
;  LEDG[7]  ; clock_1s:u0|counter[0] ; 9.074  ; 9.074  ; Rise       ; clock_1s:u0|counter[0] ;
; LEDR[*]   ; clock_1s:u0|counter[0] ; 9.099  ; 9.099  ; Rise       ; clock_1s:u0|counter[0] ;
;  LEDR[0]  ; clock_1s:u0|counter[0] ; 9.124  ; 9.124  ; Rise       ; clock_1s:u0|counter[0] ;
;  LEDR[1]  ; clock_1s:u0|counter[0] ; 9.115  ; 9.115  ; Rise       ; clock_1s:u0|counter[0] ;
;  LEDR[2]  ; clock_1s:u0|counter[0] ; 9.565  ; 9.565  ; Rise       ; clock_1s:u0|counter[0] ;
;  LEDR[3]  ; clock_1s:u0|counter[0] ; 9.099  ; 9.099  ; Rise       ; clock_1s:u0|counter[0] ;
+-----------+------------------------+--------+--------+------------+------------------------+


+-------------------------------------------------+
; Fast Model Setup Summary                        ;
+------------------------+--------+---------------+
; Clock                  ; Slack  ; End Point TNS ;
+------------------------+--------+---------------+
; CLOCK_50               ; -0.772 ; -8.057        ;
; clock_1s:u0|counter[0] ; 0.163  ; 0.000         ;
+------------------------+--------+---------------+


+-------------------------------------------------+
; Fast Model Hold Summary                         ;
+------------------------+--------+---------------+
; Clock                  ; Slack  ; End Point TNS ;
+------------------------+--------+---------------+
; CLOCK_50               ; -1.509 ; -26.785       ;
; clock_1s:u0|counter[0] ; 0.215  ; 0.000         ;
+------------------------+--------+---------------+


-------------------------------
; Fast Model Recovery Summary ;
-------------------------------
No paths to report.


------------------------------
; Fast Model Removal Summary ;
------------------------------
No paths to report.


+-------------------------------------------------+
; Fast Model Minimum Pulse Width Summary          ;
+------------------------+--------+---------------+
; Clock                  ; Slack  ; End Point TNS ;
+------------------------+--------+---------------+
; CLOCK_50               ; -1.380 ; -27.380       ;
; clock_1s:u0|counter[0] ; -0.500 ; -6.000        ;
+------------------------+--------+---------------+


+----------------------------------------------------------------------------------------------------------------------------------+
; Fast Model Setup: 'CLOCK_50'                                                                                                     ;
+--------+-------------------------+-------------------------+--------------+-------------+--------------+------------+------------+
; Slack  ; From Node               ; To Node                 ; Launch Clock ; Latch Clock ; Relationship ; Clock Skew ; Data Delay ;
+--------+-------------------------+-------------------------+--------------+-------------+--------------+------------+------------+
; -0.772 ; clock_1s:u0|counter[1]  ; clock_1s:u0|counter[25] ; CLOCK_50     ; CLOCK_50    ; 1.000        ; 0.063      ; 1.867      ;
; -0.752 ; clock_1s:u0|counter[2]  ; clock_1s:u0|counter[25] ; CLOCK_50     ; CLOCK_50    ; 1.000        ; 0.063      ; 1.847      ;
; -0.745 ; clock_1s:u0|counter[1]  ; clock_1s:u0|counter[21] ; CLOCK_50     ; CLOCK_50    ; 1.000        ; 0.067      ; 1.844      ;
; -0.725 ; clock_1s:u0|counter[2]  ; clock_1s:u0|counter[21] ; CLOCK_50     ; CLOCK_50    ; 1.000        ; 0.067      ; 1.824      ;
; -0.717 ; clock_1s:u0|counter[3]  ; clock_1s:u0|counter[25] ; CLOCK_50     ; CLOCK_50    ; 1.000        ; 0.063      ; 1.812      ;
; -0.703 ; clock_1s:u0|counter[1]  ; clock_1s:u0|counter[23] ; CLOCK_50     ; CLOCK_50    ; 1.000        ; 0.063      ; 1.798      ;
; -0.690 ; clock_1s:u0|counter[3]  ; clock_1s:u0|counter[21] ; CLOCK_50     ; CLOCK_50    ; 1.000        ; 0.067      ; 1.789      ;
; -0.683 ; clock_1s:u0|counter[2]  ; clock_1s:u0|counter[23] ; CLOCK_50     ; CLOCK_50    ; 1.000        ; 0.063      ; 1.778      ;
; -0.676 ; clock_1s:u0|counter[1]  ; clock_1s:u0|counter[22] ; CLOCK_50     ; CLOCK_50    ; 1.000        ; 0.067      ; 1.775      ;
; -0.664 ; clock_1s:u0|counter[4]  ; clock_1s:u0|counter[25] ; CLOCK_50     ; CLOCK_50    ; 1.000        ; 0.063      ; 1.759      ;
; -0.656 ; clock_1s:u0|counter[2]  ; clock_1s:u0|counter[22] ; CLOCK_50     ; CLOCK_50    ; 1.000        ; 0.067      ; 1.755      ;
; -0.648 ; clock_1s:u0|counter[1]  ; clock_1s:u0|counter[15] ; CLOCK_50     ; CLOCK_50    ; 1.000        ; 0.067      ; 1.747      ;
; -0.648 ; clock_1s:u0|counter[3]  ; clock_1s:u0|counter[23] ; CLOCK_50     ; CLOCK_50    ; 1.000        ; 0.063      ; 1.743      ;
; -0.637 ; clock_1s:u0|counter[4]  ; clock_1s:u0|counter[21] ; CLOCK_50     ; CLOCK_50    ; 1.000        ; 0.067      ; 1.736      ;
; -0.628 ; clock_1s:u0|counter[2]  ; clock_1s:u0|counter[15] ; CLOCK_50     ; CLOCK_50    ; 1.000        ; 0.067      ; 1.727      ;
; -0.621 ; clock_1s:u0|counter[3]  ; clock_1s:u0|counter[22] ; CLOCK_50     ; CLOCK_50    ; 1.000        ; 0.067      ; 1.720      ;
; -0.614 ; clock_1s:u0|counter[1]  ; clock_1s:u0|counter[20] ; CLOCK_50     ; CLOCK_50    ; 1.000        ; 0.067      ; 1.713      ;
; -0.595 ; clock_1s:u0|counter[4]  ; clock_1s:u0|counter[23] ; CLOCK_50     ; CLOCK_50    ; 1.000        ; 0.063      ; 1.690      ;
; -0.594 ; clock_1s:u0|counter[2]  ; clock_1s:u0|counter[20] ; CLOCK_50     ; CLOCK_50    ; 1.000        ; 0.067      ; 1.693      ;
; -0.593 ; clock_1s:u0|counter[3]  ; clock_1s:u0|counter[15] ; CLOCK_50     ; CLOCK_50    ; 1.000        ; 0.067      ; 1.692      ;
; -0.589 ; clock_1s:u0|counter[12] ; clock_1s:u0|counter[25] ; CLOCK_50     ; CLOCK_50    ; 1.000        ; -0.004     ; 1.617      ;
; -0.588 ; clock_1s:u0|counter[1]  ; clock_1s:u0|counter[19] ; CLOCK_50     ; CLOCK_50    ; 1.000        ; 0.067      ; 1.687      ;
; -0.586 ; clock_1s:u0|counter[5]  ; clock_1s:u0|counter[25] ; CLOCK_50     ; CLOCK_50    ; 1.000        ; 0.063      ; 1.681      ;
; -0.568 ; clock_1s:u0|counter[4]  ; clock_1s:u0|counter[22] ; CLOCK_50     ; CLOCK_50    ; 1.000        ; 0.067      ; 1.667      ;
; -0.568 ; clock_1s:u0|counter[2]  ; clock_1s:u0|counter[19] ; CLOCK_50     ; CLOCK_50    ; 1.000        ; 0.067      ; 1.667      ;
; -0.562 ; clock_1s:u0|counter[12] ; clock_1s:u0|counter[21] ; CLOCK_50     ; CLOCK_50    ; 1.000        ; 0.000      ; 1.594      ;
; -0.559 ; clock_1s:u0|counter[5]  ; clock_1s:u0|counter[21] ; CLOCK_50     ; CLOCK_50    ; 1.000        ; 0.067      ; 1.658      ;
; -0.559 ; clock_1s:u0|counter[3]  ; clock_1s:u0|counter[20] ; CLOCK_50     ; CLOCK_50    ; 1.000        ; 0.067      ; 1.658      ;
; -0.540 ; clock_1s:u0|counter[6]  ; clock_1s:u0|counter[25] ; CLOCK_50     ; CLOCK_50    ; 1.000        ; 0.063      ; 1.635      ;
; -0.540 ; clock_1s:u0|counter[4]  ; clock_1s:u0|counter[15] ; CLOCK_50     ; CLOCK_50    ; 1.000        ; 0.067      ; 1.639      ;
; -0.533 ; clock_1s:u0|counter[3]  ; clock_1s:u0|counter[19] ; CLOCK_50     ; CLOCK_50    ; 1.000        ; 0.067      ; 1.632      ;
; -0.522 ; clock_1s:u0|counter[1]  ; clock_1s:u0|counter[12] ; CLOCK_50     ; CLOCK_50    ; 1.000        ; 0.067      ; 1.621      ;
; -0.521 ; clock_1s:u0|counter[2]  ; clock_1s:u0|counter[7]  ; CLOCK_50     ; CLOCK_50    ; 1.000        ; 0.000      ; 1.553      ;
; -0.520 ; clock_1s:u0|counter[1]  ; clock_1s:u0|counter[17] ; CLOCK_50     ; CLOCK_50    ; 1.000        ; 0.067      ; 1.619      ;
; -0.520 ; clock_1s:u0|counter[12] ; clock_1s:u0|counter[23] ; CLOCK_50     ; CLOCK_50    ; 1.000        ; -0.004     ; 1.548      ;
; -0.517 ; clock_1s:u0|counter[5]  ; clock_1s:u0|counter[23] ; CLOCK_50     ; CLOCK_50    ; 1.000        ; 0.063      ; 1.612      ;
; -0.513 ; clock_1s:u0|counter[6]  ; clock_1s:u0|counter[21] ; CLOCK_50     ; CLOCK_50    ; 1.000        ; 0.067      ; 1.612      ;
; -0.511 ; clock_1s:u0|counter[7]  ; clock_1s:u0|counter[25] ; CLOCK_50     ; CLOCK_50    ; 1.000        ; 0.063      ; 1.606      ;
; -0.506 ; clock_1s:u0|counter[4]  ; clock_1s:u0|counter[20] ; CLOCK_50     ; CLOCK_50    ; 1.000        ; 0.067      ; 1.605      ;
; -0.506 ; clock_1s:u0|counter[1]  ; clock_1s:u0|counter[7]  ; CLOCK_50     ; CLOCK_50    ; 1.000        ; 0.000      ; 1.538      ;
; -0.502 ; clock_1s:u0|counter[2]  ; clock_1s:u0|counter[12] ; CLOCK_50     ; CLOCK_50    ; 1.000        ; 0.067      ; 1.601      ;
; -0.500 ; clock_1s:u0|counter[2]  ; clock_1s:u0|counter[17] ; CLOCK_50     ; CLOCK_50    ; 1.000        ; 0.067      ; 1.599      ;
; -0.498 ; clock_1s:u0|counter[1]  ; clock_1s:u0|counter[24] ; CLOCK_50     ; CLOCK_50    ; 1.000        ; 0.063      ; 1.593      ;
; -0.493 ; clock_1s:u0|counter[12] ; clock_1s:u0|counter[22] ; CLOCK_50     ; CLOCK_50    ; 1.000        ; 0.000      ; 1.525      ;
; -0.490 ; clock_1s:u0|counter[5]  ; clock_1s:u0|counter[22] ; CLOCK_50     ; CLOCK_50    ; 1.000        ; 0.067      ; 1.589      ;
; -0.484 ; clock_1s:u0|counter[7]  ; clock_1s:u0|counter[21] ; CLOCK_50     ; CLOCK_50    ; 1.000        ; 0.067      ; 1.583      ;
; -0.484 ; clock_1s:u0|counter[24] ; clock_1s:u0|counter[7]  ; CLOCK_50     ; CLOCK_50    ; 1.000        ; -0.063     ; 1.453      ;
; -0.483 ; clock_1s:u0|counter[10] ; clock_1s:u0|counter[7]  ; CLOCK_50     ; CLOCK_50    ; 1.000        ; 0.000      ; 1.515      ;
; -0.480 ; clock_1s:u0|counter[4]  ; clock_1s:u0|counter[19] ; CLOCK_50     ; CLOCK_50    ; 1.000        ; 0.067      ; 1.579      ;
; -0.478 ; clock_1s:u0|counter[2]  ; clock_1s:u0|counter[24] ; CLOCK_50     ; CLOCK_50    ; 1.000        ; 0.063      ; 1.573      ;
; -0.471 ; clock_1s:u0|counter[6]  ; clock_1s:u0|counter[23] ; CLOCK_50     ; CLOCK_50    ; 1.000        ; 0.063      ; 1.566      ;
; -0.469 ; clock_1s:u0|counter[8]  ; clock_1s:u0|counter[25] ; CLOCK_50     ; CLOCK_50    ; 1.000        ; 0.063      ; 1.564      ;
; -0.467 ; clock_1s:u0|counter[3]  ; clock_1s:u0|counter[12] ; CLOCK_50     ; CLOCK_50    ; 1.000        ; 0.067      ; 1.566      ;
; -0.465 ; clock_1s:u0|counter[12] ; clock_1s:u0|counter[15] ; CLOCK_50     ; CLOCK_50    ; 1.000        ; 0.000      ; 1.497      ;
; -0.465 ; clock_1s:u0|counter[3]  ; clock_1s:u0|counter[17] ; CLOCK_50     ; CLOCK_50    ; 1.000        ; 0.067      ; 1.564      ;
; -0.462 ; clock_1s:u0|counter[5]  ; clock_1s:u0|counter[15] ; CLOCK_50     ; CLOCK_50    ; 1.000        ; 0.067      ; 1.561      ;
; -0.462 ; clock_1s:u0|counter[24] ; clock_1s:u0|counter[25] ; CLOCK_50     ; CLOCK_50    ; 1.000        ; 0.000      ; 1.494      ;
; -0.462 ; clock_1s:u0|counter[18] ; clock_1s:u0|counter[7]  ; CLOCK_50     ; CLOCK_50    ; 1.000        ; -0.063     ; 1.431      ;
; -0.461 ; clock_1s:u0|counter[10] ; clock_1s:u0|counter[25] ; CLOCK_50     ; CLOCK_50    ; 1.000        ; 0.063      ; 1.556      ;
; -0.461 ; clock_1s:u0|counter[24] ; clock_1s:u0|counter[23] ; CLOCK_50     ; CLOCK_50    ; 1.000        ; 0.000      ; 1.493      ;
; -0.460 ; clock_1s:u0|counter[10] ; clock_1s:u0|counter[23] ; CLOCK_50     ; CLOCK_50    ; 1.000        ; 0.063      ; 1.555      ;
; -0.459 ; clock_1s:u0|counter[4]  ; clock_1s:u0|counter[7]  ; CLOCK_50     ; CLOCK_50    ; 1.000        ; 0.000      ; 1.491      ;
; -0.459 ; clock_1s:u0|counter[25] ; clock_1s:u0|counter[7]  ; CLOCK_50     ; CLOCK_50    ; 1.000        ; -0.063     ; 1.428      ;
; -0.458 ; clock_1s:u0|counter[23] ; clock_1s:u0|counter[7]  ; CLOCK_50     ; CLOCK_50    ; 1.000        ; -0.063     ; 1.427      ;
; -0.448 ; clock_1s:u0|counter[9]  ; clock_1s:u0|counter[25] ; CLOCK_50     ; CLOCK_50    ; 1.000        ; 0.063      ; 1.543      ;
; -0.444 ; clock_1s:u0|counter[6]  ; clock_1s:u0|counter[22] ; CLOCK_50     ; CLOCK_50    ; 1.000        ; 0.067      ; 1.543      ;
; -0.443 ; clock_1s:u0|counter[3]  ; clock_1s:u0|counter[24] ; CLOCK_50     ; CLOCK_50    ; 1.000        ; 0.063      ; 1.538      ;
; -0.442 ; clock_1s:u0|counter[8]  ; clock_1s:u0|counter[21] ; CLOCK_50     ; CLOCK_50    ; 1.000        ; 0.067      ; 1.541      ;
; -0.442 ; clock_1s:u0|counter[7]  ; clock_1s:u0|counter[23] ; CLOCK_50     ; CLOCK_50    ; 1.000        ; 0.063      ; 1.537      ;
; -0.440 ; clock_1s:u0|counter[18] ; clock_1s:u0|counter[25] ; CLOCK_50     ; CLOCK_50    ; 1.000        ; 0.000      ; 1.472      ;
; -0.439 ; clock_1s:u0|counter[18] ; clock_1s:u0|counter[23] ; CLOCK_50     ; CLOCK_50    ; 1.000        ; 0.000      ; 1.471      ;
; -0.437 ; clock_1s:u0|counter[25] ; clock_1s:u0|counter[25] ; CLOCK_50     ; CLOCK_50    ; 1.000        ; 0.000      ; 1.469      ;
; -0.436 ; clock_1s:u0|counter[23] ; clock_1s:u0|counter[25] ; CLOCK_50     ; CLOCK_50    ; 1.000        ; 0.000      ; 1.468      ;
; -0.436 ; clock_1s:u0|counter[25] ; clock_1s:u0|counter[23] ; CLOCK_50     ; CLOCK_50    ; 1.000        ; 0.000      ; 1.468      ;
; -0.435 ; clock_1s:u0|counter[23] ; clock_1s:u0|counter[23] ; CLOCK_50     ; CLOCK_50    ; 1.000        ; 0.000      ; 1.467      ;
; -0.432 ; clock_1s:u0|counter[2]  ; clock_1s:u0|counter[14] ; CLOCK_50     ; CLOCK_50    ; 1.000        ; 0.067      ; 1.531      ;
; -0.431 ; clock_1s:u0|counter[12] ; clock_1s:u0|counter[20] ; CLOCK_50     ; CLOCK_50    ; 1.000        ; 0.000      ; 1.463      ;
; -0.430 ; clock_1s:u0|counter[2]  ; clock_1s:u0|counter[13] ; CLOCK_50     ; CLOCK_50    ; 1.000        ; 0.067      ; 1.529      ;
; -0.428 ; clock_1s:u0|counter[5]  ; clock_1s:u0|counter[20] ; CLOCK_50     ; CLOCK_50    ; 1.000        ; 0.067      ; 1.527      ;
; -0.421 ; clock_1s:u0|counter[9]  ; clock_1s:u0|counter[21] ; CLOCK_50     ; CLOCK_50    ; 1.000        ; 0.067      ; 1.520      ;
; -0.417 ; clock_1s:u0|counter[1]  ; clock_1s:u0|counter[14] ; CLOCK_50     ; CLOCK_50    ; 1.000        ; 0.067      ; 1.516      ;
; -0.416 ; clock_1s:u0|counter[6]  ; clock_1s:u0|counter[15] ; CLOCK_50     ; CLOCK_50    ; 1.000        ; 0.067      ; 1.515      ;
; -0.415 ; clock_1s:u0|counter[7]  ; clock_1s:u0|counter[22] ; CLOCK_50     ; CLOCK_50    ; 1.000        ; 0.067      ; 1.514      ;
; -0.415 ; clock_1s:u0|counter[1]  ; clock_1s:u0|counter[13] ; CLOCK_50     ; CLOCK_50    ; 1.000        ; 0.067      ; 1.514      ;
; -0.414 ; clock_1s:u0|counter[4]  ; clock_1s:u0|counter[12] ; CLOCK_50     ; CLOCK_50    ; 1.000        ; 0.067      ; 1.513      ;
; -0.412 ; clock_1s:u0|counter[4]  ; clock_1s:u0|counter[17] ; CLOCK_50     ; CLOCK_50    ; 1.000        ; 0.067      ; 1.511      ;
; -0.405 ; clock_1s:u0|counter[12] ; clock_1s:u0|counter[19] ; CLOCK_50     ; CLOCK_50    ; 1.000        ; 0.000      ; 1.437      ;
; -0.402 ; clock_1s:u0|counter[5]  ; clock_1s:u0|counter[19] ; CLOCK_50     ; CLOCK_50    ; 1.000        ; 0.067      ; 1.501      ;
; -0.401 ; clock_1s:u0|counter[20] ; clock_1s:u0|counter[7]  ; CLOCK_50     ; CLOCK_50    ; 1.000        ; -0.067     ; 1.366      ;
; -0.400 ; clock_1s:u0|counter[8]  ; clock_1s:u0|counter[23] ; CLOCK_50     ; CLOCK_50    ; 1.000        ; 0.063      ; 1.495      ;
; -0.396 ; clock_1s:u0|counter[5]  ; clock_1s:u0|counter[7]  ; CLOCK_50     ; CLOCK_50    ; 1.000        ; 0.000      ; 1.428      ;
; -0.395 ; clock_1s:u0|counter[24] ; clock_1s:u0|counter[14] ; CLOCK_50     ; CLOCK_50    ; 1.000        ; 0.004      ; 1.431      ;
; -0.395 ; clock_1s:u0|counter[24] ; clock_1s:u0|counter[15] ; CLOCK_50     ; CLOCK_50    ; 1.000        ; 0.004      ; 1.431      ;
; -0.394 ; clock_1s:u0|counter[10] ; clock_1s:u0|counter[14] ; CLOCK_50     ; CLOCK_50    ; 1.000        ; 0.067      ; 1.493      ;
; -0.394 ; clock_1s:u0|counter[10] ; clock_1s:u0|counter[15] ; CLOCK_50     ; CLOCK_50    ; 1.000        ; 0.067      ; 1.493      ;
; -0.394 ; clock_1s:u0|counter[24] ; clock_1s:u0|counter[21] ; CLOCK_50     ; CLOCK_50    ; 1.000        ; 0.004      ; 1.430      ;
; -0.393 ; clock_1s:u0|counter[13] ; clock_1s:u0|counter[25] ; CLOCK_50     ; CLOCK_50    ; 1.000        ; -0.004     ; 1.421      ;
; -0.393 ; clock_1s:u0|counter[10] ; clock_1s:u0|counter[21] ; CLOCK_50     ; CLOCK_50    ; 1.000        ; 0.067      ; 1.492      ;
; -0.393 ; clock_1s:u0|counter[24] ; clock_1s:u0|counter[13] ; CLOCK_50     ; CLOCK_50    ; 1.000        ; 0.004      ; 1.429      ;
; -0.392 ; clock_1s:u0|counter[10] ; clock_1s:u0|counter[13] ; CLOCK_50     ; CLOCK_50    ; 1.000        ; 0.067      ; 1.491      ;
+--------+-------------------------+-------------------------+--------------+-------------+--------------+------------+------------+


+-------------------------------------------------------------------------------------------------------------------------+
; Fast Model Setup: 'clock_1s:u0|counter[0]'                                                                              ;
+-------+-----------+----------+------------------------+------------------------+--------------+------------+------------+
; Slack ; From Node ; To Node  ; Launch Clock           ; Latch Clock            ; Relationship ; Clock Skew ; Data Delay ;
+-------+-----------+----------+------------------------+------------------------+--------------+------------+------------+
; 0.163 ; state[1]  ; state[0] ; clock_1s:u0|counter[0] ; clock_1s:u0|counter[0] ; 1.000        ; 0.000      ; 0.869      ;
; 0.164 ; state[1]  ; state[1] ; clock_1s:u0|counter[0] ; clock_1s:u0|counter[0] ; 1.000        ; 0.000      ; 0.868      ;
; 0.164 ; state[1]  ; state[2] ; clock_1s:u0|counter[0] ; clock_1s:u0|counter[0] ; 1.000        ; 0.000      ; 0.868      ;
; 0.228 ; state[2]  ; state[0] ; clock_1s:u0|counter[0] ; clock_1s:u0|counter[0] ; 1.000        ; 0.000      ; 0.804      ;
; 0.229 ; state[2]  ; state[1] ; clock_1s:u0|counter[0] ; clock_1s:u0|counter[0] ; 1.000        ; 0.000      ; 0.803      ;
; 0.229 ; state[2]  ; state[2] ; clock_1s:u0|counter[0] ; clock_1s:u0|counter[0] ; 1.000        ; 0.000      ; 0.803      ;
; 0.291 ; state[0]  ; state[0] ; clock_1s:u0|counter[0] ; clock_1s:u0|counter[0] ; 1.000        ; 0.000      ; 0.741      ;
; 0.292 ; state[0]  ; state[1] ; clock_1s:u0|counter[0] ; clock_1s:u0|counter[0] ; 1.000        ; 0.000      ; 0.740      ;
; 0.292 ; state[0]  ; state[2] ; clock_1s:u0|counter[0] ; clock_1s:u0|counter[0] ; 1.000        ; 0.000      ; 0.740      ;
; 0.322 ; timer[0]  ; state[0] ; clock_1s:u0|counter[0] ; clock_1s:u0|counter[0] ; 1.000        ; 0.000      ; 0.710      ;
; 0.323 ; timer[0]  ; state[1] ; clock_1s:u0|counter[0] ; clock_1s:u0|counter[0] ; 1.000        ; 0.000      ; 0.709      ;
; 0.323 ; timer[0]  ; state[2] ; clock_1s:u0|counter[0] ; clock_1s:u0|counter[0] ; 1.000        ; 0.000      ; 0.709      ;
; 0.329 ; state[1]  ; timer[0] ; clock_1s:u0|counter[0] ; clock_1s:u0|counter[0] ; 1.000        ; 0.000      ; 0.703      ;
; 0.329 ; state[1]  ; timer[1] ; clock_1s:u0|counter[0] ; clock_1s:u0|counter[0] ; 1.000        ; 0.000      ; 0.703      ;
; 0.329 ; state[1]  ; timer[2] ; clock_1s:u0|counter[0] ; clock_1s:u0|counter[0] ; 1.000        ; 0.000      ; 0.703      ;
; 0.337 ; timer[1]  ; state[0] ; clock_1s:u0|counter[0] ; clock_1s:u0|counter[0] ; 1.000        ; 0.000      ; 0.695      ;
; 0.338 ; timer[1]  ; state[1] ; clock_1s:u0|counter[0] ; clock_1s:u0|counter[0] ; 1.000        ; 0.000      ; 0.694      ;
; 0.338 ; timer[1]  ; state[2] ; clock_1s:u0|counter[0] ; clock_1s:u0|counter[0] ; 1.000        ; 0.000      ; 0.694      ;
; 0.394 ; state[2]  ; timer[0] ; clock_1s:u0|counter[0] ; clock_1s:u0|counter[0] ; 1.000        ; 0.000      ; 0.638      ;
; 0.394 ; state[2]  ; timer[1] ; clock_1s:u0|counter[0] ; clock_1s:u0|counter[0] ; 1.000        ; 0.000      ; 0.638      ;
; 0.394 ; state[2]  ; timer[2] ; clock_1s:u0|counter[0] ; clock_1s:u0|counter[0] ; 1.000        ; 0.000      ; 0.638      ;
; 0.406 ; timer[2]  ; state[0] ; clock_1s:u0|counter[0] ; clock_1s:u0|counter[0] ; 1.000        ; 0.000      ; 0.626      ;
; 0.407 ; timer[2]  ; state[1] ; clock_1s:u0|counter[0] ; clock_1s:u0|counter[0] ; 1.000        ; 0.000      ; 0.625      ;
; 0.407 ; timer[2]  ; state[2] ; clock_1s:u0|counter[0] ; clock_1s:u0|counter[0] ; 1.000        ; 0.000      ; 0.625      ;
; 0.439 ; timer[0]  ; timer[1] ; clock_1s:u0|counter[0] ; clock_1s:u0|counter[0] ; 1.000        ; 0.000      ; 0.593      ;
; 0.457 ; state[0]  ; timer[0] ; clock_1s:u0|counter[0] ; clock_1s:u0|counter[0] ; 1.000        ; 0.000      ; 0.575      ;
; 0.457 ; state[0]  ; timer[1] ; clock_1s:u0|counter[0] ; clock_1s:u0|counter[0] ; 1.000        ; 0.000      ; 0.575      ;
; 0.457 ; state[0]  ; timer[2] ; clock_1s:u0|counter[0] ; clock_1s:u0|counter[0] ; 1.000        ; 0.000      ; 0.575      ;
; 0.493 ; timer[2]  ; timer[0] ; clock_1s:u0|counter[0] ; clock_1s:u0|counter[0] ; 1.000        ; 0.000      ; 0.539      ;
; 0.493 ; timer[2]  ; timer[1] ; clock_1s:u0|counter[0] ; clock_1s:u0|counter[0] ; 1.000        ; 0.000      ; 0.539      ;
; 0.495 ; timer[0]  ; timer[2] ; clock_1s:u0|counter[0] ; clock_1s:u0|counter[0] ; 1.000        ; 0.000      ; 0.537      ;
; 0.507 ; timer[1]  ; timer[2] ; clock_1s:u0|counter[0] ; clock_1s:u0|counter[0] ; 1.000        ; 0.000      ; 0.525      ;
; 0.665 ; timer[0]  ; timer[0] ; clock_1s:u0|counter[0] ; clock_1s:u0|counter[0] ; 1.000        ; 0.000      ; 0.367      ;
; 0.665 ; timer[1]  ; timer[1] ; clock_1s:u0|counter[0] ; clock_1s:u0|counter[0] ; 1.000        ; 0.000      ; 0.367      ;
; 0.665 ; timer[2]  ; timer[2] ; clock_1s:u0|counter[0] ; clock_1s:u0|counter[0] ; 1.000        ; 0.000      ; 0.367      ;
+-------+-----------+----------+------------------------+------------------------+--------------+------------+------------+


+--------------------------------------------------------------------------------------------------------------------------------------------+
; Fast Model Hold: 'CLOCK_50'                                                                                                                ;
+--------+-------------------------+-------------------------+------------------------+-------------+--------------+------------+------------+
; Slack  ; From Node               ; To Node                 ; Launch Clock           ; Latch Clock ; Relationship ; Clock Skew ; Data Delay ;
+--------+-------------------------+-------------------------+------------------------+-------------+--------------+------------+------------+
; -1.509 ; clock_1s:u0|counter[0]  ; clock_1s:u0|counter[0]  ; clock_1s:u0|counter[0] ; CLOCK_50    ; 0.000        ; 1.744      ; 0.528      ;
; -1.369 ; clock_1s:u0|counter[0]  ; clock_1s:u0|counter[1]  ; clock_1s:u0|counter[0] ; CLOCK_50    ; 0.000        ; 1.744      ; 0.668      ;
; -1.334 ; clock_1s:u0|counter[0]  ; clock_1s:u0|counter[2]  ; clock_1s:u0|counter[0] ; CLOCK_50    ; 0.000        ; 1.744      ; 0.703      ;
; -1.299 ; clock_1s:u0|counter[0]  ; clock_1s:u0|counter[3]  ; clock_1s:u0|counter[0] ; CLOCK_50    ; 0.000        ; 1.744      ; 0.738      ;
; -1.264 ; clock_1s:u0|counter[0]  ; clock_1s:u0|counter[4]  ; clock_1s:u0|counter[0] ; CLOCK_50    ; 0.000        ; 1.744      ; 0.773      ;
; -1.170 ; clock_1s:u0|counter[0]  ; clock_1s:u0|counter[5]  ; clock_1s:u0|counter[0] ; CLOCK_50    ; 0.000        ; 1.744      ; 0.867      ;
; -1.135 ; clock_1s:u0|counter[0]  ; clock_1s:u0|counter[6]  ; clock_1s:u0|counter[0] ; CLOCK_50    ; 0.000        ; 1.744      ; 0.902      ;
; -1.076 ; clock_1s:u0|counter[0]  ; clock_1s:u0|counter[12] ; clock_1s:u0|counter[0] ; CLOCK_50    ; 0.000        ; 1.811      ; 1.028      ;
; -1.076 ; clock_1s:u0|counter[0]  ; clock_1s:u0|counter[20] ; clock_1s:u0|counter[0] ; CLOCK_50    ; 0.000        ; 1.811      ; 1.028      ;
; -1.068 ; clock_1s:u0|counter[0]  ; clock_1s:u0|counter[17] ; clock_1s:u0|counter[0] ; CLOCK_50    ; 0.000        ; 1.811      ; 1.036      ;
; -1.068 ; clock_1s:u0|counter[0]  ; clock_1s:u0|counter[19] ; clock_1s:u0|counter[0] ; CLOCK_50    ; 0.000        ; 1.811      ; 1.036      ;
; -1.065 ; clock_1s:u0|counter[0]  ; clock_1s:u0|counter[8]  ; clock_1s:u0|counter[0] ; CLOCK_50    ; 0.000        ; 1.744      ; 0.972      ;
; -1.030 ; clock_1s:u0|counter[0]  ; clock_1s:u0|counter[9]  ; clock_1s:u0|counter[0] ; CLOCK_50    ; 0.000        ; 1.744      ; 1.007      ;
; -1.009 ; clock_1s:u0|counter[0]  ; clock_1s:u0|counter[0]  ; clock_1s:u0|counter[0] ; CLOCK_50    ; -0.500       ; 1.744      ; 0.528      ;
; -0.995 ; clock_1s:u0|counter[0]  ; clock_1s:u0|counter[10] ; clock_1s:u0|counter[0] ; CLOCK_50    ; 0.000        ; 1.744      ; 1.042      ;
; -0.960 ; clock_1s:u0|counter[0]  ; clock_1s:u0|counter[11] ; clock_1s:u0|counter[0] ; CLOCK_50    ; 0.000        ; 1.744      ; 1.077      ;
; -0.957 ; clock_1s:u0|counter[0]  ; clock_1s:u0|counter[22] ; clock_1s:u0|counter[0] ; CLOCK_50    ; 0.000        ; 1.811      ; 1.147      ;
; -0.952 ; clock_1s:u0|counter[0]  ; clock_1s:u0|counter[13] ; clock_1s:u0|counter[0] ; CLOCK_50    ; 0.000        ; 1.811      ; 1.152      ;
; -0.951 ; clock_1s:u0|counter[0]  ; clock_1s:u0|counter[21] ; clock_1s:u0|counter[0] ; CLOCK_50    ; 0.000        ; 1.811      ; 1.153      ;
; -0.950 ; clock_1s:u0|counter[0]  ; clock_1s:u0|counter[14] ; clock_1s:u0|counter[0] ; CLOCK_50    ; 0.000        ; 1.811      ; 1.154      ;
; -0.950 ; clock_1s:u0|counter[0]  ; clock_1s:u0|counter[15] ; clock_1s:u0|counter[0] ; CLOCK_50    ; 0.000        ; 1.811      ; 1.154      ;
; -0.884 ; clock_1s:u0|counter[0]  ; clock_1s:u0|counter[23] ; clock_1s:u0|counter[0] ; CLOCK_50    ; 0.000        ; 1.807      ; 1.216      ;
; -0.883 ; clock_1s:u0|counter[0]  ; clock_1s:u0|counter[25] ; clock_1s:u0|counter[0] ; CLOCK_50    ; 0.000        ; 1.807      ; 1.217      ;
; -0.869 ; clock_1s:u0|counter[0]  ; clock_1s:u0|counter[1]  ; clock_1s:u0|counter[0] ; CLOCK_50    ; -0.500       ; 1.744      ; 0.668      ;
; -0.861 ; clock_1s:u0|counter[0]  ; clock_1s:u0|counter[7]  ; clock_1s:u0|counter[0] ; CLOCK_50    ; 0.000        ; 1.744      ; 1.176      ;
; -0.834 ; clock_1s:u0|counter[0]  ; clock_1s:u0|counter[2]  ; clock_1s:u0|counter[0] ; CLOCK_50    ; -0.500       ; 1.744      ; 0.703      ;
; -0.799 ; clock_1s:u0|counter[0]  ; clock_1s:u0|counter[3]  ; clock_1s:u0|counter[0] ; CLOCK_50    ; -0.500       ; 1.744      ; 0.738      ;
; -0.796 ; clock_1s:u0|counter[0]  ; clock_1s:u0|counter[16] ; clock_1s:u0|counter[0] ; CLOCK_50    ; 0.000        ; 1.807      ; 1.304      ;
; -0.764 ; clock_1s:u0|counter[0]  ; clock_1s:u0|counter[4]  ; clock_1s:u0|counter[0] ; CLOCK_50    ; -0.500       ; 1.744      ; 0.773      ;
; -0.726 ; clock_1s:u0|counter[0]  ; clock_1s:u0|counter[18] ; clock_1s:u0|counter[0] ; CLOCK_50    ; 0.000        ; 1.807      ; 1.374      ;
; -0.670 ; clock_1s:u0|counter[0]  ; clock_1s:u0|counter[5]  ; clock_1s:u0|counter[0] ; CLOCK_50    ; -0.500       ; 1.744      ; 0.867      ;
; -0.635 ; clock_1s:u0|counter[0]  ; clock_1s:u0|counter[6]  ; clock_1s:u0|counter[0] ; CLOCK_50    ; -0.500       ; 1.744      ; 0.902      ;
; -0.576 ; clock_1s:u0|counter[0]  ; clock_1s:u0|counter[12] ; clock_1s:u0|counter[0] ; CLOCK_50    ; -0.500       ; 1.811      ; 1.028      ;
; -0.576 ; clock_1s:u0|counter[0]  ; clock_1s:u0|counter[20] ; clock_1s:u0|counter[0] ; CLOCK_50    ; -0.500       ; 1.811      ; 1.028      ;
; -0.568 ; clock_1s:u0|counter[0]  ; clock_1s:u0|counter[17] ; clock_1s:u0|counter[0] ; CLOCK_50    ; -0.500       ; 1.811      ; 1.036      ;
; -0.568 ; clock_1s:u0|counter[0]  ; clock_1s:u0|counter[19] ; clock_1s:u0|counter[0] ; CLOCK_50    ; -0.500       ; 1.811      ; 1.036      ;
; -0.565 ; clock_1s:u0|counter[0]  ; clock_1s:u0|counter[8]  ; clock_1s:u0|counter[0] ; CLOCK_50    ; -0.500       ; 1.744      ; 0.972      ;
; -0.530 ; clock_1s:u0|counter[0]  ; clock_1s:u0|counter[9]  ; clock_1s:u0|counter[0] ; CLOCK_50    ; -0.500       ; 1.744      ; 1.007      ;
; -0.495 ; clock_1s:u0|counter[0]  ; clock_1s:u0|counter[10] ; clock_1s:u0|counter[0] ; CLOCK_50    ; -0.500       ; 1.744      ; 1.042      ;
; -0.460 ; clock_1s:u0|counter[0]  ; clock_1s:u0|counter[11] ; clock_1s:u0|counter[0] ; CLOCK_50    ; -0.500       ; 1.744      ; 1.077      ;
; -0.457 ; clock_1s:u0|counter[0]  ; clock_1s:u0|counter[24] ; clock_1s:u0|counter[0] ; CLOCK_50    ; 0.000        ; 1.807      ; 1.643      ;
; -0.457 ; clock_1s:u0|counter[0]  ; clock_1s:u0|counter[22] ; clock_1s:u0|counter[0] ; CLOCK_50    ; -0.500       ; 1.811      ; 1.147      ;
; -0.452 ; clock_1s:u0|counter[0]  ; clock_1s:u0|counter[13] ; clock_1s:u0|counter[0] ; CLOCK_50    ; -0.500       ; 1.811      ; 1.152      ;
; -0.451 ; clock_1s:u0|counter[0]  ; clock_1s:u0|counter[21] ; clock_1s:u0|counter[0] ; CLOCK_50    ; -0.500       ; 1.811      ; 1.153      ;
; -0.450 ; clock_1s:u0|counter[0]  ; clock_1s:u0|counter[14] ; clock_1s:u0|counter[0] ; CLOCK_50    ; -0.500       ; 1.811      ; 1.154      ;
; -0.450 ; clock_1s:u0|counter[0]  ; clock_1s:u0|counter[15] ; clock_1s:u0|counter[0] ; CLOCK_50    ; -0.500       ; 1.811      ; 1.154      ;
; -0.384 ; clock_1s:u0|counter[0]  ; clock_1s:u0|counter[23] ; clock_1s:u0|counter[0] ; CLOCK_50    ; -0.500       ; 1.807      ; 1.216      ;
; -0.383 ; clock_1s:u0|counter[0]  ; clock_1s:u0|counter[25] ; clock_1s:u0|counter[0] ; CLOCK_50    ; -0.500       ; 1.807      ; 1.217      ;
; -0.361 ; clock_1s:u0|counter[0]  ; clock_1s:u0|counter[7]  ; clock_1s:u0|counter[0] ; CLOCK_50    ; -0.500       ; 1.744      ; 1.176      ;
; -0.296 ; clock_1s:u0|counter[0]  ; clock_1s:u0|counter[16] ; clock_1s:u0|counter[0] ; CLOCK_50    ; -0.500       ; 1.807      ; 1.304      ;
; -0.226 ; clock_1s:u0|counter[0]  ; clock_1s:u0|counter[18] ; clock_1s:u0|counter[0] ; CLOCK_50    ; -0.500       ; 1.807      ; 1.374      ;
; 0.043  ; clock_1s:u0|counter[0]  ; clock_1s:u0|counter[24] ; clock_1s:u0|counter[0] ; CLOCK_50    ; -0.500       ; 1.807      ; 1.643      ;
; 0.356  ; clock_1s:u0|counter[24] ; clock_1s:u0|counter[24] ; CLOCK_50               ; CLOCK_50    ; 0.000        ; 0.000      ; 0.508      ;
; 0.358  ; clock_1s:u0|counter[10] ; clock_1s:u0|counter[10] ; CLOCK_50               ; CLOCK_50    ; 0.000        ; 0.000      ; 0.510      ;
; 0.358  ; clock_1s:u0|counter[11] ; clock_1s:u0|counter[11] ; CLOCK_50               ; CLOCK_50    ; 0.000        ; 0.000      ; 0.510      ;
; 0.363  ; clock_1s:u0|counter[1]  ; clock_1s:u0|counter[1]  ; CLOCK_50               ; CLOCK_50    ; 0.000        ; 0.000      ; 0.515      ;
; 0.364  ; clock_1s:u0|counter[4]  ; clock_1s:u0|counter[4]  ; CLOCK_50               ; CLOCK_50    ; 0.000        ; 0.000      ; 0.516      ;
; 0.364  ; clock_1s:u0|counter[8]  ; clock_1s:u0|counter[8]  ; CLOCK_50               ; CLOCK_50    ; 0.000        ; 0.000      ; 0.516      ;
; 0.365  ; clock_1s:u0|counter[6]  ; clock_1s:u0|counter[6]  ; CLOCK_50               ; CLOCK_50    ; 0.000        ; 0.000      ; 0.517      ;
; 0.367  ; clock_1s:u0|counter[18] ; clock_1s:u0|counter[18] ; CLOCK_50               ; CLOCK_50    ; 0.000        ; 0.000      ; 0.519      ;
; 0.374  ; clock_1s:u0|counter[5]  ; clock_1s:u0|counter[5]  ; CLOCK_50               ; CLOCK_50    ; 0.000        ; 0.000      ; 0.526      ;
; 0.376  ; clock_1s:u0|counter[2]  ; clock_1s:u0|counter[2]  ; CLOCK_50               ; CLOCK_50    ; 0.000        ; 0.000      ; 0.528      ;
; 0.376  ; clock_1s:u0|counter[3]  ; clock_1s:u0|counter[3]  ; CLOCK_50               ; CLOCK_50    ; 0.000        ; 0.000      ; 0.528      ;
; 0.376  ; clock_1s:u0|counter[9]  ; clock_1s:u0|counter[9]  ; CLOCK_50               ; CLOCK_50    ; 0.000        ; 0.000      ; 0.528      ;
; 0.442  ; clock_1s:u0|counter[16] ; clock_1s:u0|counter[16] ; CLOCK_50               ; CLOCK_50    ; 0.000        ; 0.000      ; 0.594      ;
; 0.480  ; clock_1s:u0|counter[25] ; clock_1s:u0|counter[25] ; CLOCK_50               ; CLOCK_50    ; 0.000        ; 0.000      ; 0.632      ;
; 0.496  ; clock_1s:u0|counter[10] ; clock_1s:u0|counter[11] ; CLOCK_50               ; CLOCK_50    ; 0.000        ; 0.000      ; 0.648      ;
; 0.498  ; clock_1s:u0|counter[23] ; clock_1s:u0|counter[24] ; CLOCK_50               ; CLOCK_50    ; 0.000        ; 0.000      ; 0.650      ;
; 0.501  ; clock_1s:u0|counter[1]  ; clock_1s:u0|counter[2]  ; CLOCK_50               ; CLOCK_50    ; 0.000        ; 0.000      ; 0.653      ;
; 0.502  ; clock_1s:u0|counter[8]  ; clock_1s:u0|counter[9]  ; CLOCK_50               ; CLOCK_50    ; 0.000        ; 0.000      ; 0.654      ;
; 0.509  ; clock_1s:u0|counter[7]  ; clock_1s:u0|counter[8]  ; CLOCK_50               ; CLOCK_50    ; 0.000        ; 0.000      ; 0.661      ;
; 0.514  ; clock_1s:u0|counter[5]  ; clock_1s:u0|counter[6]  ; CLOCK_50               ; CLOCK_50    ; 0.000        ; 0.000      ; 0.666      ;
; 0.516  ; clock_1s:u0|counter[9]  ; clock_1s:u0|counter[10] ; CLOCK_50               ; CLOCK_50    ; 0.000        ; 0.000      ; 0.668      ;
; 0.516  ; clock_1s:u0|counter[3]  ; clock_1s:u0|counter[4]  ; CLOCK_50               ; CLOCK_50    ; 0.000        ; 0.000      ; 0.668      ;
; 0.516  ; clock_1s:u0|counter[2]  ; clock_1s:u0|counter[3]  ; CLOCK_50               ; CLOCK_50    ; 0.000        ; 0.000      ; 0.668      ;
; 0.536  ; clock_1s:u0|counter[1]  ; clock_1s:u0|counter[3]  ; CLOCK_50               ; CLOCK_50    ; 0.000        ; 0.000      ; 0.688      ;
; 0.537  ; clock_1s:u0|counter[8]  ; clock_1s:u0|counter[10] ; CLOCK_50               ; CLOCK_50    ; 0.000        ; 0.000      ; 0.689      ;
; 0.538  ; clock_1s:u0|counter[6]  ; clock_1s:u0|counter[8]  ; CLOCK_50               ; CLOCK_50    ; 0.000        ; 0.000      ; 0.690      ;
; 0.544  ; clock_1s:u0|counter[7]  ; clock_1s:u0|counter[9]  ; CLOCK_50               ; CLOCK_50    ; 0.000        ; 0.000      ; 0.696      ;
; 0.551  ; clock_1s:u0|counter[9]  ; clock_1s:u0|counter[11] ; CLOCK_50               ; CLOCK_50    ; 0.000        ; 0.000      ; 0.703      ;
; 0.551  ; clock_1s:u0|counter[2]  ; clock_1s:u0|counter[4]  ; CLOCK_50               ; CLOCK_50    ; 0.000        ; 0.000      ; 0.703      ;
; 0.557  ; clock_1s:u0|counter[4]  ; clock_1s:u0|counter[5]  ; CLOCK_50               ; CLOCK_50    ; 0.000        ; 0.000      ; 0.709      ;
; 0.571  ; clock_1s:u0|counter[1]  ; clock_1s:u0|counter[4]  ; CLOCK_50               ; CLOCK_50    ; 0.000        ; 0.000      ; 0.723      ;
; 0.572  ; clock_1s:u0|counter[8]  ; clock_1s:u0|counter[11] ; CLOCK_50               ; CLOCK_50    ; 0.000        ; 0.000      ; 0.724      ;
; 0.573  ; clock_1s:u0|counter[6]  ; clock_1s:u0|counter[9]  ; CLOCK_50               ; CLOCK_50    ; 0.000        ; 0.000      ; 0.725      ;
; 0.579  ; clock_1s:u0|counter[7]  ; clock_1s:u0|counter[10] ; CLOCK_50               ; CLOCK_50    ; 0.000        ; 0.000      ; 0.731      ;
; 0.584  ; clock_1s:u0|counter[15] ; clock_1s:u0|counter[16] ; CLOCK_50               ; CLOCK_50    ; 0.000        ; -0.004     ; 0.732      ;
; 0.584  ; clock_1s:u0|counter[5]  ; clock_1s:u0|counter[8]  ; CLOCK_50               ; CLOCK_50    ; 0.000        ; 0.000      ; 0.736      ;
; 0.588  ; clock_1s:u0|counter[17] ; clock_1s:u0|counter[18] ; CLOCK_50               ; CLOCK_50    ; 0.000        ; -0.004     ; 0.736      ;
; 0.592  ; clock_1s:u0|counter[4]  ; clock_1s:u0|counter[6]  ; CLOCK_50               ; CLOCK_50    ; 0.000        ; 0.000      ; 0.744      ;
; 0.600  ; clock_1s:u0|counter[23] ; clock_1s:u0|counter[23] ; CLOCK_50               ; CLOCK_50    ; 0.000        ; 0.000      ; 0.752      ;
; 0.608  ; clock_1s:u0|counter[6]  ; clock_1s:u0|counter[10] ; CLOCK_50               ; CLOCK_50    ; 0.000        ; 0.000      ; 0.760      ;
; 0.610  ; clock_1s:u0|counter[3]  ; clock_1s:u0|counter[5]  ; CLOCK_50               ; CLOCK_50    ; 0.000        ; 0.000      ; 0.762      ;
; 0.614  ; clock_1s:u0|counter[7]  ; clock_1s:u0|counter[11] ; CLOCK_50               ; CLOCK_50    ; 0.000        ; 0.000      ; 0.766      ;
; 0.615  ; clock_1s:u0|counter[16] ; clock_1s:u0|counter[18] ; CLOCK_50               ; CLOCK_50    ; 0.000        ; 0.000      ; 0.767      ;
; 0.619  ; clock_1s:u0|counter[5]  ; clock_1s:u0|counter[9]  ; CLOCK_50               ; CLOCK_50    ; 0.000        ; 0.000      ; 0.771      ;
; 0.624  ; clock_1s:u0|counter[7]  ; clock_1s:u0|counter[7]  ; CLOCK_50               ; CLOCK_50    ; 0.000        ; 0.000      ; 0.776      ;
; 0.625  ; clock_1s:u0|counter[11] ; clock_1s:u0|counter[16] ; CLOCK_50               ; CLOCK_50    ; 0.000        ; 0.063      ; 0.840      ;
; 0.629  ; clock_1s:u0|counter[22] ; clock_1s:u0|counter[24] ; CLOCK_50               ; CLOCK_50    ; 0.000        ; -0.004     ; 0.777      ;
; 0.629  ; clock_1s:u0|counter[14] ; clock_1s:u0|counter[16] ; CLOCK_50               ; CLOCK_50    ; 0.000        ; -0.004     ; 0.777      ;
+--------+-------------------------+-------------------------+------------------------+-------------+--------------+------------+------------+


+-------------------------------------------------------------------------------------------------------------------------+
; Fast Model Hold: 'clock_1s:u0|counter[0]'                                                                               ;
+-------+-----------+----------+------------------------+------------------------+--------------+------------+------------+
; Slack ; From Node ; To Node  ; Launch Clock           ; Latch Clock            ; Relationship ; Clock Skew ; Data Delay ;
+-------+-----------+----------+------------------------+------------------------+--------------+------------+------------+
; 0.215 ; state[1]  ; state[1] ; clock_1s:u0|counter[0] ; clock_1s:u0|counter[0] ; 0.000        ; 0.000      ; 0.367      ;
; 0.215 ; state[2]  ; state[2] ; clock_1s:u0|counter[0] ; clock_1s:u0|counter[0] ; 0.000        ; 0.000      ; 0.367      ;
; 0.215 ; timer[0]  ; timer[0] ; clock_1s:u0|counter[0] ; clock_1s:u0|counter[0] ; 0.000        ; 0.000      ; 0.367      ;
; 0.215 ; timer[1]  ; timer[1] ; clock_1s:u0|counter[0] ; clock_1s:u0|counter[0] ; 0.000        ; 0.000      ; 0.367      ;
; 0.215 ; timer[2]  ; timer[2] ; clock_1s:u0|counter[0] ; clock_1s:u0|counter[0] ; 0.000        ; 0.000      ; 0.367      ;
; 0.215 ; state[0]  ; state[0] ; clock_1s:u0|counter[0] ; clock_1s:u0|counter[0] ; 0.000        ; 0.000      ; 0.367      ;
; 0.368 ; state[1]  ; state[2] ; clock_1s:u0|counter[0] ; clock_1s:u0|counter[0] ; 0.000        ; 0.000      ; 0.520      ;
; 0.371 ; state[2]  ; state[1] ; clock_1s:u0|counter[0] ; clock_1s:u0|counter[0] ; 0.000        ; 0.000      ; 0.523      ;
; 0.371 ; state[2]  ; state[0] ; clock_1s:u0|counter[0] ; clock_1s:u0|counter[0] ; 0.000        ; 0.000      ; 0.523      ;
; 0.373 ; timer[1]  ; timer[2] ; clock_1s:u0|counter[0] ; clock_1s:u0|counter[0] ; 0.000        ; 0.000      ; 0.525      ;
; 0.385 ; timer[0]  ; timer[2] ; clock_1s:u0|counter[0] ; clock_1s:u0|counter[0] ; 0.000        ; 0.000      ; 0.537      ;
; 0.387 ; timer[2]  ; timer[0] ; clock_1s:u0|counter[0] ; clock_1s:u0|counter[0] ; 0.000        ; 0.000      ; 0.539      ;
; 0.387 ; timer[2]  ; timer[1] ; clock_1s:u0|counter[0] ; clock_1s:u0|counter[0] ; 0.000        ; 0.000      ; 0.539      ;
; 0.423 ; state[0]  ; timer[0] ; clock_1s:u0|counter[0] ; clock_1s:u0|counter[0] ; 0.000        ; 0.000      ; 0.575      ;
; 0.423 ; state[0]  ; timer[1] ; clock_1s:u0|counter[0] ; clock_1s:u0|counter[0] ; 0.000        ; 0.000      ; 0.575      ;
; 0.423 ; state[0]  ; timer[2] ; clock_1s:u0|counter[0] ; clock_1s:u0|counter[0] ; 0.000        ; 0.000      ; 0.575      ;
; 0.441 ; timer[0]  ; timer[1] ; clock_1s:u0|counter[0] ; clock_1s:u0|counter[0] ; 0.000        ; 0.000      ; 0.593      ;
; 0.473 ; timer[2]  ; state[1] ; clock_1s:u0|counter[0] ; clock_1s:u0|counter[0] ; 0.000        ; 0.000      ; 0.625      ;
; 0.473 ; timer[2]  ; state[2] ; clock_1s:u0|counter[0] ; clock_1s:u0|counter[0] ; 0.000        ; 0.000      ; 0.625      ;
; 0.474 ; timer[2]  ; state[0] ; clock_1s:u0|counter[0] ; clock_1s:u0|counter[0] ; 0.000        ; 0.000      ; 0.626      ;
; 0.486 ; state[2]  ; timer[0] ; clock_1s:u0|counter[0] ; clock_1s:u0|counter[0] ; 0.000        ; 0.000      ; 0.638      ;
; 0.486 ; state[2]  ; timer[1] ; clock_1s:u0|counter[0] ; clock_1s:u0|counter[0] ; 0.000        ; 0.000      ; 0.638      ;
; 0.486 ; state[2]  ; timer[2] ; clock_1s:u0|counter[0] ; clock_1s:u0|counter[0] ; 0.000        ; 0.000      ; 0.638      ;
; 0.498 ; state[1]  ; state[0] ; clock_1s:u0|counter[0] ; clock_1s:u0|counter[0] ; 0.000        ; 0.000      ; 0.650      ;
; 0.542 ; timer[1]  ; state[1] ; clock_1s:u0|counter[0] ; clock_1s:u0|counter[0] ; 0.000        ; 0.000      ; 0.694      ;
; 0.542 ; timer[1]  ; state[2] ; clock_1s:u0|counter[0] ; clock_1s:u0|counter[0] ; 0.000        ; 0.000      ; 0.694      ;
; 0.543 ; timer[1]  ; state[0] ; clock_1s:u0|counter[0] ; clock_1s:u0|counter[0] ; 0.000        ; 0.000      ; 0.695      ;
; 0.551 ; state[1]  ; timer[0] ; clock_1s:u0|counter[0] ; clock_1s:u0|counter[0] ; 0.000        ; 0.000      ; 0.703      ;
; 0.551 ; state[1]  ; timer[1] ; clock_1s:u0|counter[0] ; clock_1s:u0|counter[0] ; 0.000        ; 0.000      ; 0.703      ;
; 0.551 ; state[1]  ; timer[2] ; clock_1s:u0|counter[0] ; clock_1s:u0|counter[0] ; 0.000        ; 0.000      ; 0.703      ;
; 0.557 ; timer[0]  ; state[1] ; clock_1s:u0|counter[0] ; clock_1s:u0|counter[0] ; 0.000        ; 0.000      ; 0.709      ;
; 0.557 ; timer[0]  ; state[2] ; clock_1s:u0|counter[0] ; clock_1s:u0|counter[0] ; 0.000        ; 0.000      ; 0.709      ;
; 0.558 ; timer[0]  ; state[0] ; clock_1s:u0|counter[0] ; clock_1s:u0|counter[0] ; 0.000        ; 0.000      ; 0.710      ;
; 0.583 ; state[0]  ; state[2] ; clock_1s:u0|counter[0] ; clock_1s:u0|counter[0] ; 0.000        ; 0.000      ; 0.735      ;
; 0.584 ; state[0]  ; state[1] ; clock_1s:u0|counter[0] ; clock_1s:u0|counter[0] ; 0.000        ; 0.000      ; 0.736      ;
+-------+-----------+----------+------------------------+------------------------+--------------+------------+------------+


+-------------------------------------------------------------------------------------------------------------+
; Fast Model Minimum Pulse Width: 'CLOCK_50'                                                                  ;
+--------+--------------+----------------+------------------+----------+------------+-------------------------+
; Slack  ; Actual Width ; Required Width ; Type             ; Clock    ; Clock Edge ; Target                  ;
+--------+--------------+----------------+------------------+----------+------------+-------------------------+
; -1.380 ; 1.000        ; 2.380          ; Port Rate        ; CLOCK_50 ; Rise       ; CLOCK_50                ;
; -0.500 ; 0.500        ; 1.000          ; High Pulse Width ; CLOCK_50 ; Rise       ; clock_1s:u0|counter[0]  ;
; -0.500 ; 0.500        ; 1.000          ; Low Pulse Width  ; CLOCK_50 ; Rise       ; clock_1s:u0|counter[0]  ;
; -0.500 ; 0.500        ; 1.000          ; High Pulse Width ; CLOCK_50 ; Rise       ; clock_1s:u0|counter[10] ;
; -0.500 ; 0.500        ; 1.000          ; Low Pulse Width  ; CLOCK_50 ; Rise       ; clock_1s:u0|counter[10] ;
; -0.500 ; 0.500        ; 1.000          ; High Pulse Width ; CLOCK_50 ; Rise       ; clock_1s:u0|counter[11] ;
; -0.500 ; 0.500        ; 1.000          ; Low Pulse Width  ; CLOCK_50 ; Rise       ; clock_1s:u0|counter[11] ;
; -0.500 ; 0.500        ; 1.000          ; High Pulse Width ; CLOCK_50 ; Rise       ; clock_1s:u0|counter[12] ;
; -0.500 ; 0.500        ; 1.000          ; Low Pulse Width  ; CLOCK_50 ; Rise       ; clock_1s:u0|counter[12] ;
; -0.500 ; 0.500        ; 1.000          ; High Pulse Width ; CLOCK_50 ; Rise       ; clock_1s:u0|counter[13] ;
; -0.500 ; 0.500        ; 1.000          ; Low Pulse Width  ; CLOCK_50 ; Rise       ; clock_1s:u0|counter[13] ;
; -0.500 ; 0.500        ; 1.000          ; High Pulse Width ; CLOCK_50 ; Rise       ; clock_1s:u0|counter[14] ;
; -0.500 ; 0.500        ; 1.000          ; Low Pulse Width  ; CLOCK_50 ; Rise       ; clock_1s:u0|counter[14] ;
; -0.500 ; 0.500        ; 1.000          ; High Pulse Width ; CLOCK_50 ; Rise       ; clock_1s:u0|counter[15] ;
; -0.500 ; 0.500        ; 1.000          ; Low Pulse Width  ; CLOCK_50 ; Rise       ; clock_1s:u0|counter[15] ;
; -0.500 ; 0.500        ; 1.000          ; High Pulse Width ; CLOCK_50 ; Rise       ; clock_1s:u0|counter[16] ;
; -0.500 ; 0.500        ; 1.000          ; Low Pulse Width  ; CLOCK_50 ; Rise       ; clock_1s:u0|counter[16] ;
; -0.500 ; 0.500        ; 1.000          ; High Pulse Width ; CLOCK_50 ; Rise       ; clock_1s:u0|counter[17] ;
; -0.500 ; 0.500        ; 1.000          ; Low Pulse Width  ; CLOCK_50 ; Rise       ; clock_1s:u0|counter[17] ;
; -0.500 ; 0.500        ; 1.000          ; High Pulse Width ; CLOCK_50 ; Rise       ; clock_1s:u0|counter[18] ;
; -0.500 ; 0.500        ; 1.000          ; Low Pulse Width  ; CLOCK_50 ; Rise       ; clock_1s:u0|counter[18] ;
; -0.500 ; 0.500        ; 1.000          ; High Pulse Width ; CLOCK_50 ; Rise       ; clock_1s:u0|counter[19] ;
; -0.500 ; 0.500        ; 1.000          ; Low Pulse Width  ; CLOCK_50 ; Rise       ; clock_1s:u0|counter[19] ;
; -0.500 ; 0.500        ; 1.000          ; High Pulse Width ; CLOCK_50 ; Rise       ; clock_1s:u0|counter[1]  ;
; -0.500 ; 0.500        ; 1.000          ; Low Pulse Width  ; CLOCK_50 ; Rise       ; clock_1s:u0|counter[1]  ;
; -0.500 ; 0.500        ; 1.000          ; High Pulse Width ; CLOCK_50 ; Rise       ; clock_1s:u0|counter[20] ;
; -0.500 ; 0.500        ; 1.000          ; Low Pulse Width  ; CLOCK_50 ; Rise       ; clock_1s:u0|counter[20] ;
; -0.500 ; 0.500        ; 1.000          ; High Pulse Width ; CLOCK_50 ; Rise       ; clock_1s:u0|counter[21] ;
; -0.500 ; 0.500        ; 1.000          ; Low Pulse Width  ; CLOCK_50 ; Rise       ; clock_1s:u0|counter[21] ;
; -0.500 ; 0.500        ; 1.000          ; High Pulse Width ; CLOCK_50 ; Rise       ; clock_1s:u0|counter[22] ;
; -0.500 ; 0.500        ; 1.000          ; Low Pulse Width  ; CLOCK_50 ; Rise       ; clock_1s:u0|counter[22] ;
; -0.500 ; 0.500        ; 1.000          ; High Pulse Width ; CLOCK_50 ; Rise       ; clock_1s:u0|counter[23] ;
; -0.500 ; 0.500        ; 1.000          ; Low Pulse Width  ; CLOCK_50 ; Rise       ; clock_1s:u0|counter[23] ;
; -0.500 ; 0.500        ; 1.000          ; High Pulse Width ; CLOCK_50 ; Rise       ; clock_1s:u0|counter[24] ;
; -0.500 ; 0.500        ; 1.000          ; Low Pulse Width  ; CLOCK_50 ; Rise       ; clock_1s:u0|counter[24] ;
; -0.500 ; 0.500        ; 1.000          ; High Pulse Width ; CLOCK_50 ; Rise       ; clock_1s:u0|counter[25] ;
; -0.500 ; 0.500        ; 1.000          ; Low Pulse Width  ; CLOCK_50 ; Rise       ; clock_1s:u0|counter[25] ;
; -0.500 ; 0.500        ; 1.000          ; High Pulse Width ; CLOCK_50 ; Rise       ; clock_1s:u0|counter[2]  ;
; -0.500 ; 0.500        ; 1.000          ; Low Pulse Width  ; CLOCK_50 ; Rise       ; clock_1s:u0|counter[2]  ;
; -0.500 ; 0.500        ; 1.000          ; High Pulse Width ; CLOCK_50 ; Rise       ; clock_1s:u0|counter[3]  ;
; -0.500 ; 0.500        ; 1.000          ; Low Pulse Width  ; CLOCK_50 ; Rise       ; clock_1s:u0|counter[3]  ;
; -0.500 ; 0.500        ; 1.000          ; High Pulse Width ; CLOCK_50 ; Rise       ; clock_1s:u0|counter[4]  ;
; -0.500 ; 0.500        ; 1.000          ; Low Pulse Width  ; CLOCK_50 ; Rise       ; clock_1s:u0|counter[4]  ;
; -0.500 ; 0.500        ; 1.000          ; High Pulse Width ; CLOCK_50 ; Rise       ; clock_1s:u0|counter[5]  ;
; -0.500 ; 0.500        ; 1.000          ; Low Pulse Width  ; CLOCK_50 ; Rise       ; clock_1s:u0|counter[5]  ;
; -0.500 ; 0.500        ; 1.000          ; High Pulse Width ; CLOCK_50 ; Rise       ; clock_1s:u0|counter[6]  ;
; -0.500 ; 0.500        ; 1.000          ; Low Pulse Width  ; CLOCK_50 ; Rise       ; clock_1s:u0|counter[6]  ;
; -0.500 ; 0.500        ; 1.000          ; High Pulse Width ; CLOCK_50 ; Rise       ; clock_1s:u0|counter[7]  ;
; -0.500 ; 0.500        ; 1.000          ; Low Pulse Width  ; CLOCK_50 ; Rise       ; clock_1s:u0|counter[7]  ;
; -0.500 ; 0.500        ; 1.000          ; High Pulse Width ; CLOCK_50 ; Rise       ; clock_1s:u0|counter[8]  ;
; -0.500 ; 0.500        ; 1.000          ; Low Pulse Width  ; CLOCK_50 ; Rise       ; clock_1s:u0|counter[8]  ;
; -0.500 ; 0.500        ; 1.000          ; High Pulse Width ; CLOCK_50 ; Rise       ; clock_1s:u0|counter[9]  ;
; -0.500 ; 0.500        ; 1.000          ; Low Pulse Width  ; CLOCK_50 ; Rise       ; clock_1s:u0|counter[9]  ;
; 0.500  ; 0.500        ; 0.000          ; High Pulse Width ; CLOCK_50 ; Rise       ; CLOCK_50|combout        ;
; 0.500  ; 0.500        ; 0.000          ; Low Pulse Width  ; CLOCK_50 ; Rise       ; CLOCK_50|combout        ;
; 0.500  ; 0.500        ; 0.000          ; High Pulse Width ; CLOCK_50 ; Rise       ; u0|counter[0]|clk       ;
; 0.500  ; 0.500        ; 0.000          ; Low Pulse Width  ; CLOCK_50 ; Rise       ; u0|counter[0]|clk       ;
; 0.500  ; 0.500        ; 0.000          ; High Pulse Width ; CLOCK_50 ; Rise       ; u0|counter[10]|clk      ;
; 0.500  ; 0.500        ; 0.000          ; Low Pulse Width  ; CLOCK_50 ; Rise       ; u0|counter[10]|clk      ;
; 0.500  ; 0.500        ; 0.000          ; High Pulse Width ; CLOCK_50 ; Rise       ; u0|counter[11]|clk      ;
; 0.500  ; 0.500        ; 0.000          ; Low Pulse Width  ; CLOCK_50 ; Rise       ; u0|counter[11]|clk      ;
; 0.500  ; 0.500        ; 0.000          ; High Pulse Width ; CLOCK_50 ; Rise       ; u0|counter[12]|clk      ;
; 0.500  ; 0.500        ; 0.000          ; Low Pulse Width  ; CLOCK_50 ; Rise       ; u0|counter[12]|clk      ;
; 0.500  ; 0.500        ; 0.000          ; High Pulse Width ; CLOCK_50 ; Rise       ; u0|counter[13]|clk      ;
; 0.500  ; 0.500        ; 0.000          ; Low Pulse Width  ; CLOCK_50 ; Rise       ; u0|counter[13]|clk      ;
; 0.500  ; 0.500        ; 0.000          ; High Pulse Width ; CLOCK_50 ; Rise       ; u0|counter[14]|clk      ;
; 0.500  ; 0.500        ; 0.000          ; Low Pulse Width  ; CLOCK_50 ; Rise       ; u0|counter[14]|clk      ;
; 0.500  ; 0.500        ; 0.000          ; High Pulse Width ; CLOCK_50 ; Rise       ; u0|counter[15]|clk      ;
; 0.500  ; 0.500        ; 0.000          ; Low Pulse Width  ; CLOCK_50 ; Rise       ; u0|counter[15]|clk      ;
; 0.500  ; 0.500        ; 0.000          ; High Pulse Width ; CLOCK_50 ; Rise       ; u0|counter[16]|clk      ;
; 0.500  ; 0.500        ; 0.000          ; Low Pulse Width  ; CLOCK_50 ; Rise       ; u0|counter[16]|clk      ;
; 0.500  ; 0.500        ; 0.000          ; High Pulse Width ; CLOCK_50 ; Rise       ; u0|counter[17]|clk      ;
; 0.500  ; 0.500        ; 0.000          ; Low Pulse Width  ; CLOCK_50 ; Rise       ; u0|counter[17]|clk      ;
; 0.500  ; 0.500        ; 0.000          ; High Pulse Width ; CLOCK_50 ; Rise       ; u0|counter[18]|clk      ;
; 0.500  ; 0.500        ; 0.000          ; Low Pulse Width  ; CLOCK_50 ; Rise       ; u0|counter[18]|clk      ;
; 0.500  ; 0.500        ; 0.000          ; High Pulse Width ; CLOCK_50 ; Rise       ; u0|counter[19]|clk      ;
; 0.500  ; 0.500        ; 0.000          ; Low Pulse Width  ; CLOCK_50 ; Rise       ; u0|counter[19]|clk      ;
; 0.500  ; 0.500        ; 0.000          ; High Pulse Width ; CLOCK_50 ; Rise       ; u0|counter[1]|clk       ;
; 0.500  ; 0.500        ; 0.000          ; Low Pulse Width  ; CLOCK_50 ; Rise       ; u0|counter[1]|clk       ;
; 0.500  ; 0.500        ; 0.000          ; High Pulse Width ; CLOCK_50 ; Rise       ; u0|counter[20]|clk      ;
; 0.500  ; 0.500        ; 0.000          ; Low Pulse Width  ; CLOCK_50 ; Rise       ; u0|counter[20]|clk      ;
; 0.500  ; 0.500        ; 0.000          ; High Pulse Width ; CLOCK_50 ; Rise       ; u0|counter[21]|clk      ;
; 0.500  ; 0.500        ; 0.000          ; Low Pulse Width  ; CLOCK_50 ; Rise       ; u0|counter[21]|clk      ;
; 0.500  ; 0.500        ; 0.000          ; High Pulse Width ; CLOCK_50 ; Rise       ; u0|counter[22]|clk      ;
; 0.500  ; 0.500        ; 0.000          ; Low Pulse Width  ; CLOCK_50 ; Rise       ; u0|counter[22]|clk      ;
; 0.500  ; 0.500        ; 0.000          ; High Pulse Width ; CLOCK_50 ; Rise       ; u0|counter[23]|clk      ;
; 0.500  ; 0.500        ; 0.000          ; Low Pulse Width  ; CLOCK_50 ; Rise       ; u0|counter[23]|clk      ;
; 0.500  ; 0.500        ; 0.000          ; High Pulse Width ; CLOCK_50 ; Rise       ; u0|counter[24]|clk      ;
; 0.500  ; 0.500        ; 0.000          ; Low Pulse Width  ; CLOCK_50 ; Rise       ; u0|counter[24]|clk      ;
; 0.500  ; 0.500        ; 0.000          ; High Pulse Width ; CLOCK_50 ; Rise       ; u0|counter[25]|clk      ;
; 0.500  ; 0.500        ; 0.000          ; Low Pulse Width  ; CLOCK_50 ; Rise       ; u0|counter[25]|clk      ;
; 0.500  ; 0.500        ; 0.000          ; High Pulse Width ; CLOCK_50 ; Rise       ; u0|counter[2]|clk       ;
; 0.500  ; 0.500        ; 0.000          ; Low Pulse Width  ; CLOCK_50 ; Rise       ; u0|counter[2]|clk       ;
; 0.500  ; 0.500        ; 0.000          ; High Pulse Width ; CLOCK_50 ; Rise       ; u0|counter[3]|clk       ;
; 0.500  ; 0.500        ; 0.000          ; Low Pulse Width  ; CLOCK_50 ; Rise       ; u0|counter[3]|clk       ;
; 0.500  ; 0.500        ; 0.000          ; High Pulse Width ; CLOCK_50 ; Rise       ; u0|counter[4]|clk       ;
; 0.500  ; 0.500        ; 0.000          ; Low Pulse Width  ; CLOCK_50 ; Rise       ; u0|counter[4]|clk       ;
; 0.500  ; 0.500        ; 0.000          ; High Pulse Width ; CLOCK_50 ; Rise       ; u0|counter[5]|clk       ;
; 0.500  ; 0.500        ; 0.000          ; Low Pulse Width  ; CLOCK_50 ; Rise       ; u0|counter[5]|clk       ;
; 0.500  ; 0.500        ; 0.000          ; High Pulse Width ; CLOCK_50 ; Rise       ; u0|counter[6]|clk       ;
+--------+--------------+----------------+------------------+----------+------------+-------------------------+


+------------------------------------------------------------------------------------------------------------------------------+
; Fast Model Minimum Pulse Width: 'clock_1s:u0|counter[0]'                                                                     ;
+--------+--------------+----------------+------------------+------------------------+------------+----------------------------+
; Slack  ; Actual Width ; Required Width ; Type             ; Clock                  ; Clock Edge ; Target                     ;
+--------+--------------+----------------+------------------+------------------------+------------+----------------------------+
; -0.500 ; 0.500        ; 1.000          ; High Pulse Width ; clock_1s:u0|counter[0] ; Rise       ; state[0]                   ;
; -0.500 ; 0.500        ; 1.000          ; Low Pulse Width  ; clock_1s:u0|counter[0] ; Rise       ; state[0]                   ;
; -0.500 ; 0.500        ; 1.000          ; High Pulse Width ; clock_1s:u0|counter[0] ; Rise       ; state[1]                   ;
; -0.500 ; 0.500        ; 1.000          ; Low Pulse Width  ; clock_1s:u0|counter[0] ; Rise       ; state[1]                   ;
; -0.500 ; 0.500        ; 1.000          ; High Pulse Width ; clock_1s:u0|counter[0] ; Rise       ; state[2]                   ;
; -0.500 ; 0.500        ; 1.000          ; Low Pulse Width  ; clock_1s:u0|counter[0] ; Rise       ; state[2]                   ;
; -0.500 ; 0.500        ; 1.000          ; High Pulse Width ; clock_1s:u0|counter[0] ; Rise       ; timer[0]                   ;
; -0.500 ; 0.500        ; 1.000          ; Low Pulse Width  ; clock_1s:u0|counter[0] ; Rise       ; timer[0]                   ;
; -0.500 ; 0.500        ; 1.000          ; High Pulse Width ; clock_1s:u0|counter[0] ; Rise       ; timer[1]                   ;
; -0.500 ; 0.500        ; 1.000          ; Low Pulse Width  ; clock_1s:u0|counter[0] ; Rise       ; timer[1]                   ;
; -0.500 ; 0.500        ; 1.000          ; High Pulse Width ; clock_1s:u0|counter[0] ; Rise       ; timer[2]                   ;
; -0.500 ; 0.500        ; 1.000          ; Low Pulse Width  ; clock_1s:u0|counter[0] ; Rise       ; timer[2]                   ;
; 0.500  ; 0.500        ; 0.000          ; High Pulse Width ; clock_1s:u0|counter[0] ; Rise       ; state[0]|clk               ;
; 0.500  ; 0.500        ; 0.000          ; Low Pulse Width  ; clock_1s:u0|counter[0] ; Rise       ; state[0]|clk               ;
; 0.500  ; 0.500        ; 0.000          ; High Pulse Width ; clock_1s:u0|counter[0] ; Rise       ; state[1]|clk               ;
; 0.500  ; 0.500        ; 0.000          ; Low Pulse Width  ; clock_1s:u0|counter[0] ; Rise       ; state[1]|clk               ;
; 0.500  ; 0.500        ; 0.000          ; High Pulse Width ; clock_1s:u0|counter[0] ; Rise       ; state[2]|clk               ;
; 0.500  ; 0.500        ; 0.000          ; Low Pulse Width  ; clock_1s:u0|counter[0] ; Rise       ; state[2]|clk               ;
; 0.500  ; 0.500        ; 0.000          ; High Pulse Width ; clock_1s:u0|counter[0] ; Rise       ; timer[0]|clk               ;
; 0.500  ; 0.500        ; 0.000          ; Low Pulse Width  ; clock_1s:u0|counter[0] ; Rise       ; timer[0]|clk               ;
; 0.500  ; 0.500        ; 0.000          ; High Pulse Width ; clock_1s:u0|counter[0] ; Rise       ; timer[1]|clk               ;
; 0.500  ; 0.500        ; 0.000          ; Low Pulse Width  ; clock_1s:u0|counter[0] ; Rise       ; timer[1]|clk               ;
; 0.500  ; 0.500        ; 0.000          ; High Pulse Width ; clock_1s:u0|counter[0] ; Rise       ; timer[2]|clk               ;
; 0.500  ; 0.500        ; 0.000          ; Low Pulse Width  ; clock_1s:u0|counter[0] ; Rise       ; timer[2]|clk               ;
; 0.500  ; 0.500        ; 0.000          ; High Pulse Width ; clock_1s:u0|counter[0] ; Rise       ; u0|Equal1|combout          ;
; 0.500  ; 0.500        ; 0.000          ; Low Pulse Width  ; clock_1s:u0|counter[0] ; Rise       ; u0|Equal1|combout          ;
; 0.500  ; 0.500        ; 0.000          ; High Pulse Width ; clock_1s:u0|counter[0] ; Rise       ; u0|Equal1|datab            ;
; 0.500  ; 0.500        ; 0.000          ; Low Pulse Width  ; clock_1s:u0|counter[0] ; Rise       ; u0|Equal1|datab            ;
; 0.500  ; 0.500        ; 0.000          ; High Pulse Width ; clock_1s:u0|counter[0] ; Rise       ; u0|Equal1~clkctrl|inclk[0] ;
; 0.500  ; 0.500        ; 0.000          ; Low Pulse Width  ; clock_1s:u0|counter[0] ; Rise       ; u0|Equal1~clkctrl|inclk[0] ;
; 0.500  ; 0.500        ; 0.000          ; High Pulse Width ; clock_1s:u0|counter[0] ; Rise       ; u0|Equal1~clkctrl|outclk   ;
; 0.500  ; 0.500        ; 0.000          ; Low Pulse Width  ; clock_1s:u0|counter[0] ; Rise       ; u0|Equal1~clkctrl|outclk   ;
; 0.500  ; 0.500        ; 0.000          ; High Pulse Width ; clock_1s:u0|counter[0] ; Rise       ; u0|counter[0]|regout       ;
; 0.500  ; 0.500        ; 0.000          ; Low Pulse Width  ; clock_1s:u0|counter[0] ; Rise       ; u0|counter[0]|regout       ;
+--------+--------------+----------------+------------------+------------------------+------------+----------------------------+


+------------------------------------------------------------------------------------------+
; Clock to Output Times                                                                    ;
+-----------+------------------------+-------+-------+------------+------------------------+
; Data Port ; Clock Port             ; Rise  ; Fall  ; Clock Edge ; Clock Reference        ;
+-----------+------------------------+-------+-------+------------+------------------------+
; HEX0[*]   ; clock_1s:u0|counter[0] ; 5.814 ; 5.814 ; Rise       ; clock_1s:u0|counter[0] ;
;  HEX0[0]  ; clock_1s:u0|counter[0] ; 5.532 ; 5.532 ; Rise       ; clock_1s:u0|counter[0] ;
;  HEX0[1]  ; clock_1s:u0|counter[0] ; 5.814 ; 5.814 ; Rise       ; clock_1s:u0|counter[0] ;
;  HEX0[2]  ; clock_1s:u0|counter[0] ; 5.575 ; 5.575 ; Rise       ; clock_1s:u0|counter[0] ;
;  HEX0[3]  ; clock_1s:u0|counter[0] ; 5.512 ; 5.512 ; Rise       ; clock_1s:u0|counter[0] ;
;  HEX0[4]  ; clock_1s:u0|counter[0] ; 5.399 ; 5.399 ; Rise       ; clock_1s:u0|counter[0] ;
;  HEX0[5]  ; clock_1s:u0|counter[0] ; 5.573 ; 5.573 ; Rise       ; clock_1s:u0|counter[0] ;
;  HEX0[6]  ; clock_1s:u0|counter[0] ; 5.663 ; 5.663 ; Rise       ; clock_1s:u0|counter[0] ;
; HEX1[*]   ; clock_1s:u0|counter[0] ; 5.266 ; 5.266 ; Rise       ; clock_1s:u0|counter[0] ;
;  HEX1[0]  ; clock_1s:u0|counter[0] ; 5.266 ; 5.266 ; Rise       ; clock_1s:u0|counter[0] ;
;  HEX1[1]  ; clock_1s:u0|counter[0] ; 5.050 ; 5.050 ; Rise       ; clock_1s:u0|counter[0] ;
;  HEX1[2]  ; clock_1s:u0|counter[0] ; 4.904 ; 4.904 ; Rise       ; clock_1s:u0|counter[0] ;
;  HEX1[3]  ; clock_1s:u0|counter[0] ; 5.012 ; 5.012 ; Rise       ; clock_1s:u0|counter[0] ;
;  HEX1[4]  ; clock_1s:u0|counter[0] ; 4.939 ; 4.939 ; Rise       ; clock_1s:u0|counter[0] ;
;  HEX1[5]  ; clock_1s:u0|counter[0] ; 4.919 ; 4.919 ; Rise       ; clock_1s:u0|counter[0] ;
;  HEX1[6]  ; clock_1s:u0|counter[0] ; 4.920 ; 4.920 ; Rise       ; clock_1s:u0|counter[0] ;
; LEDG[*]   ; clock_1s:u0|counter[0] ; 4.959 ; 4.959 ; Rise       ; clock_1s:u0|counter[0] ;
;  LEDG[0]  ; clock_1s:u0|counter[0] ; 4.831 ; 4.831 ; Rise       ; clock_1s:u0|counter[0] ;
;  LEDG[1]  ; clock_1s:u0|counter[0] ; 4.903 ; 4.903 ; Rise       ; clock_1s:u0|counter[0] ;
;  LEDG[6]  ; clock_1s:u0|counter[0] ; 4.927 ; 4.927 ; Rise       ; clock_1s:u0|counter[0] ;
;  LEDG[7]  ; clock_1s:u0|counter[0] ; 4.959 ; 4.959 ; Rise       ; clock_1s:u0|counter[0] ;
; LEDR[*]   ; clock_1s:u0|counter[0] ; 5.082 ; 5.082 ; Rise       ; clock_1s:u0|counter[0] ;
;  LEDR[0]  ; clock_1s:u0|counter[0] ; 5.011 ; 5.011 ; Rise       ; clock_1s:u0|counter[0] ;
;  LEDR[1]  ; clock_1s:u0|counter[0] ; 4.956 ; 4.956 ; Rise       ; clock_1s:u0|counter[0] ;
;  LEDR[2]  ; clock_1s:u0|counter[0] ; 5.082 ; 5.082 ; Rise       ; clock_1s:u0|counter[0] ;
;  LEDR[3]  ; clock_1s:u0|counter[0] ; 4.952 ; 4.952 ; Rise       ; clock_1s:u0|counter[0] ;
+-----------+------------------------+-------+-------+------------+------------------------+


+------------------------------------------------------------------------------------------+
; Minimum Clock to Output Times                                                            ;
+-----------+------------------------+-------+-------+------------+------------------------+
; Data Port ; Clock Port             ; Rise  ; Fall  ; Clock Edge ; Clock Reference        ;
+-----------+------------------------+-------+-------+------------+------------------------+
; HEX0[*]   ; clock_1s:u0|counter[0] ; 5.350 ; 5.350 ; Rise       ; clock_1s:u0|counter[0] ;
;  HEX0[0]  ; clock_1s:u0|counter[0] ; 5.476 ; 5.476 ; Rise       ; clock_1s:u0|counter[0] ;
;  HEX0[1]  ; clock_1s:u0|counter[0] ; 5.645 ; 5.645 ; Rise       ; clock_1s:u0|counter[0] ;
;  HEX0[2]  ; clock_1s:u0|counter[0] ; 5.530 ; 5.530 ; Rise       ; clock_1s:u0|counter[0] ;
;  HEX0[3]  ; clock_1s:u0|counter[0] ; 5.456 ; 5.456 ; Rise       ; clock_1s:u0|counter[0] ;
;  HEX0[4]  ; clock_1s:u0|counter[0] ; 5.350 ; 5.350 ; Rise       ; clock_1s:u0|counter[0] ;
;  HEX0[5]  ; clock_1s:u0|counter[0] ; 5.528 ; 5.528 ; Rise       ; clock_1s:u0|counter[0] ;
;  HEX0[6]  ; clock_1s:u0|counter[0] ; 5.593 ; 5.593 ; Rise       ; clock_1s:u0|counter[0] ;
; HEX1[*]   ; clock_1s:u0|counter[0] ; 4.774 ; 4.774 ; Rise       ; clock_1s:u0|counter[0] ;
;  HEX1[0]  ; clock_1s:u0|counter[0] ; 5.110 ; 5.110 ; Rise       ; clock_1s:u0|counter[0] ;
;  HEX1[1]  ; clock_1s:u0|counter[0] ; 5.000 ; 5.000 ; Rise       ; clock_1s:u0|counter[0] ;
;  HEX1[2]  ; clock_1s:u0|counter[0] ; 4.774 ; 4.774 ; Rise       ; clock_1s:u0|counter[0] ;
;  HEX1[3]  ; clock_1s:u0|counter[0] ; 4.856 ; 4.856 ; Rise       ; clock_1s:u0|counter[0] ;
;  HEX1[4]  ; clock_1s:u0|counter[0] ; 4.798 ; 4.798 ; Rise       ; clock_1s:u0|counter[0] ;
;  HEX1[5]  ; clock_1s:u0|counter[0] ; 4.789 ; 4.789 ; Rise       ; clock_1s:u0|counter[0] ;
;  HEX1[6]  ; clock_1s:u0|counter[0] ; 4.801 ; 4.801 ; Rise       ; clock_1s:u0|counter[0] ;
; LEDG[*]   ; clock_1s:u0|counter[0] ; 4.747 ; 4.747 ; Rise       ; clock_1s:u0|counter[0] ;
;  LEDG[0]  ; clock_1s:u0|counter[0] ; 4.775 ; 4.775 ; Rise       ; clock_1s:u0|counter[0] ;
;  LEDG[1]  ; clock_1s:u0|counter[0] ; 4.747 ; 4.747 ; Rise       ; clock_1s:u0|counter[0] ;
;  LEDG[6]  ; clock_1s:u0|counter[0] ; 4.877 ; 4.877 ; Rise       ; clock_1s:u0|counter[0] ;
;  LEDG[7]  ; clock_1s:u0|counter[0] ; 4.790 ; 4.790 ; Rise       ; clock_1s:u0|counter[0] ;
; LEDR[*]   ; clock_1s:u0|counter[0] ; 4.819 ; 4.819 ; Rise       ; clock_1s:u0|counter[0] ;
;  LEDR[0]  ; clock_1s:u0|counter[0] ; 4.842 ; 4.842 ; Rise       ; clock_1s:u0|counter[0] ;
;  LEDR[1]  ; clock_1s:u0|counter[0] ; 4.839 ; 4.839 ; Rise       ; clock_1s:u0|counter[0] ;
;  LEDR[2]  ; clock_1s:u0|counter[0] ; 5.032 ; 5.032 ; Rise       ; clock_1s:u0|counter[0] ;
;  LEDR[3]  ; clock_1s:u0|counter[0] ; 4.819 ; 4.819 ; Rise       ; clock_1s:u0|counter[0] ;
+-----------+------------------------+-------+-------+------------+------------------------+


+----------------------------------------------------------------------------------------+
; Multicorner Timing Analysis Summary                                                    ;
+-------------------------+---------+---------+----------+---------+---------------------+
; Clock                   ; Setup   ; Hold    ; Recovery ; Removal ; Minimum Pulse Width ;
+-------------------------+---------+---------+----------+---------+---------------------+
; Worst-case Slack        ; -2.666  ; -2.643  ; N/A      ; N/A     ; -1.380              ;
;  CLOCK_50               ; -2.666  ; -2.643  ; N/A      ; N/A     ; -1.380              ;
;  clock_1s:u0|counter[0] ; -0.870  ; 0.215   ; N/A      ; N/A     ; -0.500              ;
; Design-wide TNS         ; -44.804 ; -42.208 ; 0.0      ; 0.0     ; -33.38              ;
;  CLOCK_50               ; -40.786 ; -42.208 ; N/A      ; N/A     ; -27.380             ;
;  clock_1s:u0|counter[0] ; -4.018  ; 0.000   ; N/A      ; N/A     ; -6.000              ;
+-------------------------+---------+---------+----------+---------+---------------------+


+--------------------------------------------------------------------------------------------+
; Clock to Output Times                                                                      ;
+-----------+------------------------+--------+--------+------------+------------------------+
; Data Port ; Clock Port             ; Rise   ; Fall   ; Clock Edge ; Clock Reference        ;
+-----------+------------------------+--------+--------+------------+------------------------+
; HEX0[*]   ; clock_1s:u0|counter[0] ; 11.292 ; 11.292 ; Rise       ; clock_1s:u0|counter[0] ;
;  HEX0[0]  ; clock_1s:u0|counter[0] ; 10.530 ; 10.530 ; Rise       ; clock_1s:u0|counter[0] ;
;  HEX0[1]  ; clock_1s:u0|counter[0] ; 11.292 ; 11.292 ; Rise       ; clock_1s:u0|counter[0] ;
;  HEX0[2]  ; clock_1s:u0|counter[0] ; 10.687 ; 10.687 ; Rise       ; clock_1s:u0|counter[0] ;
;  HEX0[3]  ; clock_1s:u0|counter[0] ; 10.507 ; 10.507 ; Rise       ; clock_1s:u0|counter[0] ;
;  HEX0[4]  ; clock_1s:u0|counter[0] ; 10.261 ; 10.261 ; Rise       ; clock_1s:u0|counter[0] ;
;  HEX0[5]  ; clock_1s:u0|counter[0] ; 10.684 ; 10.684 ; Rise       ; clock_1s:u0|counter[0] ;
;  HEX0[6]  ; clock_1s:u0|counter[0] ; 10.912 ; 10.912 ; Rise       ; clock_1s:u0|counter[0] ;
; HEX1[*]   ; clock_1s:u0|counter[0] ; 10.062 ; 10.062 ; Rise       ; clock_1s:u0|counter[0] ;
;  HEX1[0]  ; clock_1s:u0|counter[0] ; 10.062 ; 10.062 ; Rise       ; clock_1s:u0|counter[0] ;
;  HEX1[1]  ; clock_1s:u0|counter[0] ; 9.609  ; 9.609  ; Rise       ; clock_1s:u0|counter[0] ;
;  HEX1[2]  ; clock_1s:u0|counter[0] ; 9.429  ; 9.429  ; Rise       ; clock_1s:u0|counter[0] ;
;  HEX1[3]  ; clock_1s:u0|counter[0] ; 9.616  ; 9.616  ; Rise       ; clock_1s:u0|counter[0] ;
;  HEX1[4]  ; clock_1s:u0|counter[0] ; 9.462  ; 9.462  ; Rise       ; clock_1s:u0|counter[0] ;
;  HEX1[5]  ; clock_1s:u0|counter[0] ; 9.444  ; 9.444  ; Rise       ; clock_1s:u0|counter[0] ;
;  HEX1[6]  ; clock_1s:u0|counter[0] ; 9.365  ; 9.365  ; Rise       ; clock_1s:u0|counter[0] ;
; LEDG[*]   ; clock_1s:u0|counter[0] ; 9.415  ; 9.415  ; Rise       ; clock_1s:u0|counter[0] ;
;  LEDG[0]  ; clock_1s:u0|counter[0] ; 9.085  ; 9.085  ; Rise       ; clock_1s:u0|counter[0] ;
;  LEDG[1]  ; clock_1s:u0|counter[0] ; 9.236  ; 9.236  ; Rise       ; clock_1s:u0|counter[0] ;
;  LEDG[6]  ; clock_1s:u0|counter[0] ; 9.308  ; 9.308  ; Rise       ; clock_1s:u0|counter[0] ;
;  LEDG[7]  ; clock_1s:u0|counter[0] ; 9.415  ; 9.415  ; Rise       ; clock_1s:u0|counter[0] ;
; LEDR[*]   ; clock_1s:u0|counter[0] ; 9.643  ; 9.643  ; Rise       ; clock_1s:u0|counter[0] ;
;  LEDR[0]  ; clock_1s:u0|counter[0] ; 9.465  ; 9.465  ; Rise       ; clock_1s:u0|counter[0] ;
;  LEDR[1]  ; clock_1s:u0|counter[0] ; 9.387  ; 9.387  ; Rise       ; clock_1s:u0|counter[0] ;
;  LEDR[2]  ; clock_1s:u0|counter[0] ; 9.643  ; 9.643  ; Rise       ; clock_1s:u0|counter[0] ;
;  LEDR[3]  ; clock_1s:u0|counter[0] ; 9.424  ; 9.424  ; Rise       ; clock_1s:u0|counter[0] ;
+-----------+------------------------+--------+--------+------------+------------------------+


+------------------------------------------------------------------------------------------+
; Minimum Clock to Output Times                                                            ;
+-----------+------------------------+-------+-------+------------+------------------------+
; Data Port ; Clock Port             ; Rise  ; Fall  ; Clock Edge ; Clock Reference        ;
+-----------+------------------------+-------+-------+------------+------------------------+
; HEX0[*]   ; clock_1s:u0|counter[0] ; 5.350 ; 5.350 ; Rise       ; clock_1s:u0|counter[0] ;
;  HEX0[0]  ; clock_1s:u0|counter[0] ; 5.476 ; 5.476 ; Rise       ; clock_1s:u0|counter[0] ;
;  HEX0[1]  ; clock_1s:u0|counter[0] ; 5.645 ; 5.645 ; Rise       ; clock_1s:u0|counter[0] ;
;  HEX0[2]  ; clock_1s:u0|counter[0] ; 5.530 ; 5.530 ; Rise       ; clock_1s:u0|counter[0] ;
;  HEX0[3]  ; clock_1s:u0|counter[0] ; 5.456 ; 5.456 ; Rise       ; clock_1s:u0|counter[0] ;
;  HEX0[4]  ; clock_1s:u0|counter[0] ; 5.350 ; 5.350 ; Rise       ; clock_1s:u0|counter[0] ;
;  HEX0[5]  ; clock_1s:u0|counter[0] ; 5.528 ; 5.528 ; Rise       ; clock_1s:u0|counter[0] ;
;  HEX0[6]  ; clock_1s:u0|counter[0] ; 5.593 ; 5.593 ; Rise       ; clock_1s:u0|counter[0] ;
; HEX1[*]   ; clock_1s:u0|counter[0] ; 4.774 ; 4.774 ; Rise       ; clock_1s:u0|counter[0] ;
;  HEX1[0]  ; clock_1s:u0|counter[0] ; 5.110 ; 5.110 ; Rise       ; clock_1s:u0|counter[0] ;
;  HEX1[1]  ; clock_1s:u0|counter[0] ; 5.000 ; 5.000 ; Rise       ; clock_1s:u0|counter[0] ;
;  HEX1[2]  ; clock_1s:u0|counter[0] ; 4.774 ; 4.774 ; Rise       ; clock_1s:u0|counter[0] ;
;  HEX1[3]  ; clock_1s:u0|counter[0] ; 4.856 ; 4.856 ; Rise       ; clock_1s:u0|counter[0] ;
;  HEX1[4]  ; clock_1s:u0|counter[0] ; 4.798 ; 4.798 ; Rise       ; clock_1s:u0|counter[0] ;
;  HEX1[5]  ; clock_1s:u0|counter[0] ; 4.789 ; 4.789 ; Rise       ; clock_1s:u0|counter[0] ;
;  HEX1[6]  ; clock_1s:u0|counter[0] ; 4.801 ; 4.801 ; Rise       ; clock_1s:u0|counter[0] ;
; LEDG[*]   ; clock_1s:u0|counter[0] ; 4.747 ; 4.747 ; Rise       ; clock_1s:u0|counter[0] ;
;  LEDG[0]  ; clock_1s:u0|counter[0] ; 4.775 ; 4.775 ; Rise       ; clock_1s:u0|counter[0] ;
;  LEDG[1]  ; clock_1s:u0|counter[0] ; 4.747 ; 4.747 ; Rise       ; clock_1s:u0|counter[0] ;
;  LEDG[6]  ; clock_1s:u0|counter[0] ; 4.877 ; 4.877 ; Rise       ; clock_1s:u0|counter[0] ;
;  LEDG[7]  ; clock_1s:u0|counter[0] ; 4.790 ; 4.790 ; Rise       ; clock_1s:u0|counter[0] ;
; LEDR[*]   ; clock_1s:u0|counter[0] ; 4.819 ; 4.819 ; Rise       ; clock_1s:u0|counter[0] ;
;  LEDR[0]  ; clock_1s:u0|counter[0] ; 4.842 ; 4.842 ; Rise       ; clock_1s:u0|counter[0] ;
;  LEDR[1]  ; clock_1s:u0|counter[0] ; 4.839 ; 4.839 ; Rise       ; clock_1s:u0|counter[0] ;
;  LEDR[2]  ; clock_1s:u0|counter[0] ; 5.032 ; 5.032 ; Rise       ; clock_1s:u0|counter[0] ;
;  LEDR[3]  ; clock_1s:u0|counter[0] ; 4.819 ; 4.819 ; Rise       ; clock_1s:u0|counter[0] ;
+-----------+------------------------+-------+-------+------------+------------------------+


+---------------------------------------------------------------------------------------------+
; Setup Transfers                                                                             ;
+------------------------+------------------------+----------+----------+----------+----------+
; From Clock             ; To Clock               ; RR Paths ; FR Paths ; RF Paths ; FF Paths ;
+------------------------+------------------------+----------+----------+----------+----------+
; clock_1s:u0|counter[0] ; clock_1s:u0|counter[0] ; 44       ; 0        ; 0        ; 0        ;
; clock_1s:u0|counter[0] ; CLOCK_50               ; 38       ; 38       ; 0        ; 0        ;
; CLOCK_50               ; CLOCK_50               ; 625      ; 0        ; 0        ; 0        ;
+------------------------+------------------------+----------+----------+----------+----------+
Entries labeled "false path" only account for clock-to-clock false paths and not path-based false paths. As a result, actual path counts may be lower than reported.


+---------------------------------------------------------------------------------------------+
; Hold Transfers                                                                              ;
+------------------------+------------------------+----------+----------+----------+----------+
; From Clock             ; To Clock               ; RR Paths ; FR Paths ; RF Paths ; FF Paths ;
+------------------------+------------------------+----------+----------+----------+----------+
; clock_1s:u0|counter[0] ; clock_1s:u0|counter[0] ; 44       ; 0        ; 0        ; 0        ;
; clock_1s:u0|counter[0] ; CLOCK_50               ; 38       ; 38       ; 0        ; 0        ;
; CLOCK_50               ; CLOCK_50               ; 625      ; 0        ; 0        ; 0        ;
+------------------------+------------------------+----------+----------+----------+----------+
Entries labeled "false path" only account for clock-to-clock false paths and not path-based false paths. As a result, actual path counts may be lower than reported.


---------------
; Report TCCS ;
---------------
No dedicated SERDES Transmitter circuitry present in device or used in design


---------------
; Report RSKM ;
---------------
No dedicated SERDES Receiver circuitry present in device or used in design


+------------------------------------------------+
; Unconstrained Paths                            ;
+---------------------------------+-------+------+
; Property                        ; Setup ; Hold ;
+---------------------------------+-------+------+
; Illegal Clocks                  ; 0     ; 0    ;
; Unconstrained Clocks            ; 0     ; 0    ;
; Unconstrained Input Ports       ; 1     ; 1    ;
; Unconstrained Input Port Paths  ; 32    ; 32   ;
; Unconstrained Output Ports      ; 22    ; 22   ;
; Unconstrained Output Port Paths ; 61    ; 61   ;
+---------------------------------+-------+------+


+------------------------------------+
; TimeQuest Timing Analyzer Messages ;
+------------------------------------+
Info: *******************************************************************
Info: Running Quartus II 64-Bit TimeQuest Timing Analyzer
    Info: Version 13.0.1 Build 232 06/12/2013 Service Pack 1 SJ Web Edition
    Info: Processing started: Fri Apr 03 11:01:36 2026
Info: Command: quartus_sta Lab3 -c Lab3
Info: qsta_default_script.tcl version: #1
Info (11104): Parallel Compilation has detected 20 hyper-threaded processors. However, the extra hyper-threaded processors will not be used by default. Parallel Compilation will use 14 of the 14 physical processors detected instead.
Info (21077): Low junction temperature is 0 degrees C
Info (21077): High junction temperature is 85 degrees C
Critical Warning (332012): Synopsys Design Constraints File file not found: 'Lab3.sdc'. A Synopsys Design Constraints File is required by the TimeQuest Timing Analyzer to get proper timing constraints. Without it, the Compiler will not properly optimize the design.
Info (332142): No user constrained base clocks found in the design. Calling "derive_clocks -period 1.0"
Info (332105): Deriving Clocks
    Info (332105): create_clock -period 1.000 -name CLOCK_50 CLOCK_50
    Info (332105): create_clock -period 1.000 -name clock_1s:u0|counter[0] clock_1s:u0|counter[0]
Info: Found TIMEQUEST_REPORT_SCRIPT_INCLUDE_DEFAULT_ANALYSIS = ON
Info: Analyzing Slow Model
Critical Warning (332148): Timing requirements not met
Info (332146): Worst-case setup slack is -2.666
    Info (332119):     Slack End Point TNS Clock 
    Info (332119): ========= ============= =====================
    Info (332119):    -2.666       -40.786 CLOCK_50 
    Info (332119):    -0.870        -4.018 clock_1s:u0|counter[0] 
Info (332146): Worst-case hold slack is -2.643
    Info (332119):     Slack End Point TNS Clock 
    Info (332119): ========= ============= =====================
    Info (332119):    -2.643       -42.208 CLOCK_50 
    Info (332119):     0.391         0.000 clock_1s:u0|counter[0] 
Info (332140): No Recovery paths to report
Info (332140): No Removal paths to report
Info (332146): Worst-case minimum pulse width slack is -1.380
    Info (332119):     Slack End Point TNS Clock 
    Info (332119): ========= ============= =====================
    Info (332119):    -1.380       -27.380 CLOCK_50 
    Info (332119):    -0.500        -6.000 clock_1s:u0|counter[0] 
Info (332001): The selected device family is not supported by the report_metastability command.
Info: Analyzing Fast Model
Critical Warning (332148): Timing requirements not met
Info (332146): Worst-case setup slack is -0.772
    Info (332119):     Slack End Point TNS Clock 
    Info (332119): ========= ============= =====================
    Info (332119):    -0.772        -8.057 CLOCK_50 
    Info (332119):     0.163         0.000 clock_1s:u0|counter[0] 
Info (332146): Worst-case hold slack is -1.509
    Info (332119):     Slack End Point TNS Clock 
    Info (332119): ========= ============= =====================
    Info (332119):    -1.509       -26.785 CLOCK_50 
    Info (332119):     0.215         0.000 clock_1s:u0|counter[0] 
Info (332140): No Recovery paths to report
Info (332140): No Removal paths to report
Info (332146): Worst-case minimum pulse width slack is -1.380
    Info (332119):     Slack End Point TNS Clock 
    Info (332119): ========= ============= =====================
    Info (332119):    -1.380       -27.380 CLOCK_50 
    Info (332119):    -0.500        -6.000 clock_1s:u0|counter[0] 
Info (332001): The selected device family is not supported by the report_metastability command.
Info (332102): Design is not fully constrained for setup requirements
Info (332102): Design is not fully constrained for hold requirements
Info: Quartus II 64-Bit TimeQuest Timing Analyzer was successful. 0 errors, 3 warnings
    Info: Peak virtual memory: 4641 megabytes
    Info: Processing ended: Fri Apr 03 11:01:37 2026
    Info: Elapsed time: 00:00:01
    Info: Total CPU time (on all processors): 00:00:01


