Fitter report for LAB5
Fri May 15 10:42:51 2026
Quartus II 64-Bit Version 13.0.1 Build 232 06/12/2013 Service Pack 1 SJ Web Edition


---------------------
; Table of Contents ;
---------------------
  1. Legal Notice
  2. Fitter Summary
  3. Fitter Settings
  4. Parallel Compilation
  5. Incremental Compilation Preservation Summary
  6. Incremental Compilation Partition Settings
  7. Incremental Compilation Placement Preservation
  8. Pin-Out File
  9. Fitter Resource Usage Summary
 10. Fitter Partition Statistics
 11. Input Pins
 12. Output Pins
 13. I/O Bank Usage
 14. All Package Pins
 15. Output Pin Default Load For Reported TCO
 16. Fitter Resource Utilization by Entity
 17. Delay Chain Summary
 18. Pad To Core Delay Chain Fanout
 19. Control Signals
 20. Global & Other Fast Signals
 21. Non-Global High Fan-Out Signals
 22. Other Routing Usage Summary
 23. LAB Logic Elements
 24. LAB-wide Signals
 25. LAB Signals Sourced
 26. LAB Signals Sourced Out
 27. LAB Distinct Inputs
 28. Fitter Device Options
 29. Operating Settings and Conditions
 30. Fitter Messages
 31. Fitter Suppressed Messages



----------------
; Legal Notice ;
----------------
Copyright (C) 1991-2013 Altera Corporation
Your use of Altera Corporation's design tools, logic functions 
and other software and tools, and its AMPP partner logic 
functions, and any output files from any of the foregoing 
(including device programming or simulation files), and any 
associated documentation or information are expressly subject 
to the terms and conditions of the Altera Program License 
Subscription Agreement, Altera MegaCore Function License 
Agreement, or other applicable license agreement, including, 
without limitation, that your use is for the sole purpose of 
programming logic devices manufactured by Altera and sold by 
Altera or its authorized distributors.  Please refer to the 
applicable agreement for further details.



+--------------------------------------------------------------------------------------+
; Fitter Summary                                                                       ;
+------------------------------------+-------------------------------------------------+
; Fitter Status                      ; Successful - Fri May 15 10:42:51 2026           ;
; Quartus II 64-Bit Version          ; 13.0.1 Build 232 06/12/2013 SP 1 SJ Web Edition ;
; Revision Name                      ; LAB5                                            ;
; Top-level Entity Name              ; MIPS_CPU                                        ;
; Family                             ; Cyclone II                                      ;
; Device                             ; EP2C35F672C6                                    ;
; Timing Models                      ; Final                                           ;
; Total logic elements               ; 13,661 / 33,216 ( 41 % )                        ;
;     Total combinational functions  ; 7,619 / 33,216 ( 23 % )                         ;
;     Dedicated logic registers      ; 9,216 / 33,216 ( 28 % )                         ;
; Total registers                    ; 9216                                            ;
; Total pins                         ; 130 / 475 ( 27 % )                              ;
; Total virtual pins                 ; 0                                               ;
; Total memory bits                  ; 0 / 483,840 ( 0 % )                             ;
; Embedded Multiplier 9-bit elements ; 0 / 70 ( 0 % )                                  ;
; Total PLLs                         ; 0 / 4 ( 0 % )                                   ;
+------------------------------------+-------------------------------------------------+


+----------------------------------------------------------------------------------------------------------------------------------------------+
; Fitter Settings                                                                                                                              ;
+----------------------------------------------------------------------------+--------------------------------+--------------------------------+
; Option                                                                     ; Setting                        ; Default Value                  ;
+----------------------------------------------------------------------------+--------------------------------+--------------------------------+
; Device                                                                     ; EP2C35F672C6                   ;                                ;
; Minimum Core Junction Temperature                                          ; 0                              ;                                ;
; Maximum Core Junction Temperature                                          ; 85                             ;                                ;
; Fit Attempts to Skip                                                       ; 0                              ; 0.0                            ;
; Use smart compilation                                                      ; Off                            ; Off                            ;
; Enable parallel Assembler and TimeQuest Timing Analyzer during compilation ; On                             ; On                             ;
; Enable compact report table                                                ; Off                            ; Off                            ;
; Auto Merge PLLs                                                            ; On                             ; On                             ;
; Ignore PLL Mode When Merging PLLs                                          ; Off                            ; Off                            ;
; Router Timing Optimization Level                                           ; Normal                         ; Normal                         ;
; Placement Effort Multiplier                                                ; 1.0                            ; 1.0                            ;
; Router Effort Multiplier                                                   ; 1.0                            ; 1.0                            ;
; Always Enable Input Buffers                                                ; Off                            ; Off                            ;
; Optimize Hold Timing                                                       ; IO Paths and Minimum TPD Paths ; IO Paths and Minimum TPD Paths ;
; Optimize Multi-Corner Timing                                               ; On                             ; On                             ;
; PowerPlay Power Optimization                                               ; Normal compilation             ; Normal compilation             ;
; Optimize Timing                                                            ; Normal compilation             ; Normal compilation             ;
; Optimize Timing for ECOs                                                   ; Off                            ; Off                            ;
; Regenerate full fit report during ECO compiles                             ; Off                            ; Off                            ;
; Optimize IOC Register Placement for Timing                                 ; Normal                         ; Normal                         ;
; Limit to One Fitting Attempt                                               ; Off                            ; Off                            ;
; Final Placement Optimizations                                              ; Automatically                  ; Automatically                  ;
; Fitter Aggressive Routability Optimizations                                ; Automatically                  ; Automatically                  ;
; Fitter Initial Placement Seed                                              ; 1                              ; 1                              ;
; PCI I/O                                                                    ; Off                            ; Off                            ;
; Weak Pull-Up Resistor                                                      ; Off                            ; Off                            ;
; Enable Bus-Hold Circuitry                                                  ; Off                            ; Off                            ;
; Auto Global Memory Control Signals                                         ; Off                            ; Off                            ;
; Auto Packed Registers                                                      ; Auto                           ; Auto                           ;
; Auto Delay Chains                                                          ; On                             ; On                             ;
; Auto Delay Chains for High Fanout Input Pins                               ; Off                            ; Off                            ;
; Perform Physical Synthesis for Combinational Logic for Fitting             ; Off                            ; Off                            ;
; Perform Physical Synthesis for Combinational Logic for Performance         ; Off                            ; Off                            ;
; Perform Register Duplication for Performance                               ; Off                            ; Off                            ;
; Perform Logic to Memory Mapping for Fitting                                ; Off                            ; Off                            ;
; Perform Register Retiming for Performance                                  ; Off                            ; Off                            ;
; Perform Asynchronous Signal Pipelining                                     ; Off                            ; Off                            ;
; Fitter Effort                                                              ; Auto Fit                       ; Auto Fit                       ;
; Physical Synthesis Effort Level                                            ; Normal                         ; Normal                         ;
; Auto Global Clock                                                          ; On                             ; On                             ;
; Auto Global Register Control Signals                                       ; On                             ; On                             ;
; Force Fitter to Avoid Periphery Placement Warnings                         ; Off                            ; Off                            ;
+----------------------------------------------------------------------------+--------------------------------+--------------------------------+


+------------------------------------------+
; Parallel Compilation                     ;
+----------------------------+-------------+
; Processors                 ; Number      ;
+----------------------------+-------------+
; Number detected on machine ; 20          ;
; Maximum allowed            ; 14          ;
;                            ;             ;
; Average used               ; 2.81        ;
; Maximum used               ; 14          ;
;                            ;             ;
; Usage by Processor         ; % Time Used ;
;     Processor 1            ; 100.0%      ;
;     Processors 2-4         ;  35.6%      ;
;     Processors 5-8         ;  13.6%      ;
;     Processors 9-14        ;   3.4%      ;
;     Processors 15-20       ;   0.0%      ;
+----------------------------+-------------+


+----------------------------------------------+
; Incremental Compilation Preservation Summary ;
+---------------------+------------------------+
; Type                ; Value                  ;
+---------------------+------------------------+
; Placement (by node) ;                        ;
;     -- Requested    ; 0 / 16970 ( 0.00 % )   ;
;     -- Achieved     ; 0 / 16970 ( 0.00 % )   ;
;                     ;                        ;
; Routing (by net)    ;                        ;
;     -- Requested    ; 0 / 0 ( 0.00 % )       ;
;     -- Achieved     ; 0 / 0 ( 0.00 % )       ;
+---------------------+------------------------+


+----------------------------------------------------------------------------------------------------------------------------------------------------------------------------------------+
; Incremental Compilation Partition Settings                                                                                                                                             ;
+--------------------------------+----------------+-------------------+-------------------------+------------------------+------------------------------+--------------------------------+
; Partition Name                 ; Partition Type ; Netlist Type Used ; Preservation Level Used ; Netlist Type Requested ; Preservation Level Requested ; Contents                       ;
+--------------------------------+----------------+-------------------+-------------------------+------------------------+------------------------------+--------------------------------+
; Top                            ; User-created   ; Source File       ; N/A                     ; Source File            ; N/A                          ;                                ;
; hard_block:auto_generated_inst ; Auto-generated ; Source File       ; N/A                     ; Source File            ; N/A                          ; hard_block:auto_generated_inst ;
+--------------------------------+----------------+-------------------+-------------------------+------------------------+------------------------------+--------------------------------+


+------------------------------------------------------------------------------------------------------------+
; Incremental Compilation Placement Preservation                                                             ;
+--------------------------------+---------+-------------------+-------------------------+-------------------+
; Partition Name                 ; # Nodes ; # Preserved Nodes ; Preservation Level Used ; Netlist Type Used ;
+--------------------------------+---------+-------------------+-------------------------+-------------------+
; Top                            ; 16967   ; 0                 ; N/A                     ; Source File       ;
; hard_block:auto_generated_inst ; 3       ; 0                 ; N/A                     ; Source File       ;
+--------------------------------+---------+-------------------+-------------------------+-------------------+


+--------------+
; Pin-Out File ;
+--------------+
The pin-out file can be found in E:/UIT/HDL/LAB/Lab5/output_files/LAB5.pin.


+------------------------------------------------------------------------+
; Fitter Resource Usage Summary                                          ;
+---------------------------------------------+--------------------------+
; Resource                                    ; Usage                    ;
+---------------------------------------------+--------------------------+
; Total logic elements                        ; 13,661 / 33,216 ( 41 % ) ;
;     -- Combinational with no register       ; 4445                     ;
;     -- Register only                        ; 6042                     ;
;     -- Combinational with a register        ; 3174                     ;
;                                             ;                          ;
; Logic element usage by number of LUT inputs ;                          ;
;     -- 4 input functions                    ; 6901                     ;
;     -- 3 input functions                    ; 482                      ;
;     -- <=2 input functions                  ; 236                      ;
;     -- Register only                        ; 6042                     ;
;                                             ;                          ;
; Logic elements by mode                      ;                          ;
;     -- normal mode                          ; 7495                     ;
;     -- arithmetic mode                      ; 124                      ;
;                                             ;                          ;
; Total registers*                            ; 9,216 / 34,593 ( 27 % )  ;
;     -- Dedicated logic registers            ; 9,216 / 33,216 ( 28 % )  ;
;     -- I/O registers                        ; 0 / 1,377 ( 0 % )        ;
;                                             ;                          ;
; Total LABs:  partially or completely used   ; 1,320 / 2,076 ( 64 % )   ;
; Virtual pins                                ; 0                        ;
; I/O pins                                    ; 130 / 475 ( 27 % )       ;
;     -- Clock pins                           ; 1 / 8 ( 13 % )           ;
;                                             ;                          ;
; Global signals                              ; 1                        ;
; M4Ks                                        ; 0 / 105 ( 0 % )          ;
; Total block memory bits                     ; 0 / 483,840 ( 0 % )      ;
; Total block memory implementation bits      ; 0 / 483,840 ( 0 % )      ;
; Embedded Multiplier 9-bit elements          ; 0 / 70 ( 0 % )           ;
; PLLs                                        ; 0 / 4 ( 0 % )            ;
; Global clocks                               ; 1 / 16 ( 6 % )           ;
; JTAGs                                       ; 0 / 1 ( 0 % )            ;
; ASMI blocks                                 ; 0 / 1 ( 0 % )            ;
; CRC blocks                                  ; 0 / 1 ( 0 % )            ;
; Average interconnect usage (total/H/V)      ; 31% / 30% / 33%          ;
; Peak interconnect usage (total/H/V)         ; 82% / 79% / 87%          ;
; Maximum fan-out                             ; 9216                     ;
; Highest non-global fan-out                  ; 1048                     ;
; Total fan-out                               ; 60589                    ;
; Average fan-out                             ; 2.97                     ;
+---------------------------------------------+--------------------------+
*  Register count does not include registers inside RAM blocks or DSP blocks.



+-------------------------------------------------------------------------------------------------------+
; Fitter Partition Statistics                                                                           ;
+---------------------------------------------+------------------------+--------------------------------+
; Statistic                                   ; Top                    ; hard_block:auto_generated_inst ;
+---------------------------------------------+------------------------+--------------------------------+
; Difficulty Clustering Region                ; Low                    ; Low                            ;
;                                             ;                        ;                                ;
; Total logic elements                        ; 13661 / 33216 ( 41 % ) ; 0 / 33216 ( 0 % )              ;
;     -- Combinational with no register       ; 4445                   ; 0                              ;
;     -- Register only                        ; 6042                   ; 0                              ;
;     -- Combinational with a register        ; 3174                   ; 0                              ;
;                                             ;                        ;                                ;
; Logic element usage by number of LUT inputs ;                        ;                                ;
;     -- 4 input functions                    ; 6901                   ; 0                              ;
;     -- 3 input functions                    ; 482                    ; 0                              ;
;     -- <=2 input functions                  ; 236                    ; 0                              ;
;     -- Register only                        ; 6042                   ; 0                              ;
;                                             ;                        ;                                ;
; Logic elements by mode                      ;                        ;                                ;
;     -- normal mode                          ; 7495                   ; 0                              ;
;     -- arithmetic mode                      ; 124                    ; 0                              ;
;                                             ;                        ;                                ;
; Total registers                             ; 9216                   ; 0                              ;
;     -- Dedicated logic registers            ; 9216 / 33216 ( 28 % )  ; 0 / 33216 ( 0 % )              ;
;                                             ;                        ;                                ;
; Total LABs:  partially or completely used   ; 1320 / 2076 ( 64 % )   ; 0 / 2076 ( 0 % )               ;
;                                             ;                        ;                                ;
; Virtual pins                                ; 0                      ; 0                              ;
; I/O pins                                    ; 130                    ; 0                              ;
; Embedded Multiplier 9-bit elements          ; 0 / 70 ( 0 % )         ; 0 / 70 ( 0 % )                 ;
; Total memory bits                           ; 0                      ; 0                              ;
; Total RAM block bits                        ; 0                      ; 0                              ;
; Clock control block                         ; 1 / 20 ( 5 % )         ; 0 / 20 ( 0 % )                 ;
;                                             ;                        ;                                ;
; Connections                                 ;                        ;                                ;
;     -- Input Connections                    ; 0                      ; 0                              ;
;     -- Registered Input Connections         ; 0                      ; 0                              ;
;     -- Output Connections                   ; 0                      ; 0                              ;
;     -- Registered Output Connections        ; 0                      ; 0                              ;
;                                             ;                        ;                                ;
; Internal Connections                        ;                        ;                                ;
;     -- Total Connections                    ; 60589                  ; 0                              ;
;     -- Registered Connections               ; 10240                  ; 0                              ;
;                                             ;                        ;                                ;
; External Connections                        ;                        ;                                ;
;     -- Top                                  ; 0                      ; 0                              ;
;     -- hard_block:auto_generated_inst       ; 0                      ; 0                              ;
;                                             ;                        ;                                ;
; Partition Interface                         ;                        ;                                ;
;     -- Input Ports                          ; 33                     ; 0                              ;
;     -- Output Ports                         ; 97                     ; 0                              ;
;     -- Bidir Ports                          ; 0                      ; 0                              ;
;                                             ;                        ;                                ;
; Registered Ports                            ;                        ;                                ;
;     -- Registered Input Ports               ; 0                      ; 0                              ;
;     -- Registered Output Ports              ; 0                      ; 0                              ;
;                                             ;                        ;                                ;
; Port Connectivity                           ;                        ;                                ;
;     -- Input Ports driven by GND            ; 0                      ; 0                              ;
;     -- Output Ports driven by GND           ; 0                      ; 0                              ;
;     -- Input Ports driven by VCC            ; 0                      ; 0                              ;
;     -- Output Ports driven by VCC           ; 0                      ; 0                              ;
;     -- Input Ports with no Source           ; 0                      ; 0                              ;
;     -- Output Ports with no Source          ; 0                      ; 0                              ;
;     -- Input Ports with no Fanout           ; 0                      ; 0                              ;
;     -- Output Ports with no Fanout          ; 0                      ; 0                              ;
+---------------------------------------------+------------------------+--------------------------------+


+-----------------------------------------------------------------------------------------------------------------------------------------------------------------------------------------------------------------------------------------------------------------------+
; Input Pins                                                                                                                                                                                                                                                            ;
+-----------------+-------+----------+--------------+--------------+-------------+-----------------------+--------------------+--------+----------------+---------------+-----------------+----------+--------------+--------------+-------------+----------------------+
; Name            ; Pin # ; I/O Bank ; X coordinate ; Y coordinate ; Cell number ; Combinational Fan-Out ; Registered Fan-Out ; Global ; Input Register ; Power Up High ; PCI I/O Enabled ; Bus Hold ; Weak Pull Up ; I/O Standard ; Termination ; Location assigned by ;
+-----------------+-------+----------+--------------+--------------+-------------+-----------------------+--------------------+--------+----------------+---------------+-----------------+----------+--------------+--------------+-------------+----------------------+
; CLK             ; P2    ; 1        ; 0            ; 18           ; 2           ; 1                     ; 0                  ; yes    ; no             ; no            ; no              ; no       ; Off          ; 3.3-V LVTTL  ; Off         ; Fitter               ;
; instruction[0]  ; AF13  ; 8        ; 31           ; 0            ; 0           ; 1                     ; 0                  ; no     ; no             ; no            ; no              ; no       ; Off          ; 3.3-V LVTTL  ; Off         ; Fitter               ;
; instruction[10] ; K26   ; 5        ; 65           ; 22           ; 1           ; 1                     ; 0                  ; no     ; no             ; no            ; no              ; no       ; Off          ; 3.3-V LVTTL  ; Off         ; Fitter               ;
; instruction[11] ; R2    ; 1        ; 0            ; 17           ; 2           ; 2                     ; 0                  ; no     ; no             ; no            ; no              ; no       ; Off          ; 3.3-V LVTTL  ; Off         ; Fitter               ;
; instruction[12] ; D18   ; 4        ; 50           ; 36           ; 1           ; 2                     ; 0                  ; no     ; no             ; no            ; no              ; no       ; Off          ; 3.3-V LVTTL  ; Off         ; Fitter               ;
; instruction[13] ; G13   ; 4        ; 35           ; 36           ; 0           ; 2                     ; 0                  ; no     ; no             ; no            ; no              ; no       ; Off          ; 3.3-V LVTTL  ; Off         ; Fitter               ;
; instruction[14] ; C17   ; 4        ; 46           ; 36           ; 1           ; 2                     ; 0                  ; no     ; no             ; no            ; no              ; no       ; Off          ; 3.3-V LVTTL  ; Off         ; Fitter               ;
; instruction[15] ; C15   ; 4        ; 37           ; 36           ; 3           ; 18                    ; 0                  ; no     ; no             ; no            ; no              ; no       ; Off          ; 3.3-V LVTTL  ; Off         ; Fitter               ;
; instruction[16] ; D15   ; 4        ; 40           ; 36           ; 2           ; 241                   ; 0                  ; no     ; no             ; no            ; no              ; no       ; Off          ; 3.3-V LVTTL  ; Off         ; Fitter               ;
; instruction[17] ; E15   ; 4        ; 40           ; 36           ; 1           ; 241                   ; 0                  ; no     ; no             ; no            ; no              ; no       ; Off          ; 3.3-V LVTTL  ; Off         ; Fitter               ;
; instruction[18] ; H15   ; 4        ; 42           ; 36           ; 3           ; 241                   ; 0                  ; no     ; no             ; no            ; no              ; no       ; Off          ; 3.3-V LVTTL  ; Off         ; Fitter               ;
; instruction[19] ; D16   ; 4        ; 40           ; 36           ; 0           ; 241                   ; 0                  ; no     ; no             ; no            ; no              ; no       ; Off          ; 3.3-V LVTTL  ; Off         ; Fitter               ;
; instruction[1]  ; AC14  ; 7        ; 35           ; 0            ; 1           ; 1                     ; 0                  ; no     ; no             ; no            ; no              ; no       ; Off          ; 3.3-V LVTTL  ; Off         ; Fitter               ;
; instruction[20] ; B10   ; 3        ; 22           ; 36           ; 3           ; 37                    ; 0                  ; no     ; no             ; no            ; no              ; no       ; Off          ; 3.3-V LVTTL  ; Off         ; Fitter               ;
; instruction[21] ; G16   ; 4        ; 44           ; 36           ; 0           ; 240                   ; 0                  ; no     ; no             ; no            ; no              ; no       ; Off          ; 3.3-V LVTTL  ; Off         ; Fitter               ;
; instruction[22] ; B17   ; 4        ; 42           ; 36           ; 0           ; 240                   ; 0                  ; no     ; no             ; no            ; no              ; no       ; Off          ; 3.3-V LVTTL  ; Off         ; Fitter               ;
; instruction[23] ; A17   ; 4        ; 42           ; 36           ; 1           ; 240                   ; 0                  ; no     ; no             ; no            ; no              ; no       ; Off          ; 3.3-V LVTTL  ; Off         ; Fitter               ;
; instruction[24] ; H16   ; 4        ; 42           ; 36           ; 2           ; 240                   ; 0                  ; no     ; no             ; no            ; no              ; no       ; Off          ; 3.3-V LVTTL  ; Off         ; Fitter               ;
; instruction[25] ; AE16  ; 7        ; 40           ; 0            ; 0           ; 32                    ; 0                  ; no     ; no             ; no            ; no              ; no       ; Off          ; 3.3-V LVTTL  ; Off         ; Fitter               ;
; instruction[26] ; AE9   ; 8        ; 20           ; 0            ; 0           ; 6                     ; 0                  ; no     ; no             ; no            ; no              ; no       ; Off          ; 3.3-V LVTTL  ; Off         ; Fitter               ;
; instruction[27] ; AF9   ; 8        ; 22           ; 0            ; 2           ; 8                     ; 0                  ; no     ; no             ; no            ; no              ; no       ; Off          ; 3.3-V LVTTL  ; Off         ; Fitter               ;
; instruction[28] ; W11   ; 8        ; 18           ; 0            ; 1           ; 8                     ; 0                  ; no     ; no             ; no            ; no              ; no       ; Off          ; 3.3-V LVTTL  ; Off         ; Fitter               ;
; instruction[29] ; AC11  ; 8        ; 22           ; 0            ; 0           ; 8                     ; 0                  ; no     ; no             ; no            ; no              ; no       ; Off          ; 3.3-V LVTTL  ; Off         ; Fitter               ;
; instruction[2]  ; M24   ; 5        ; 65           ; 20           ; 0           ; 1                     ; 0                  ; no     ; no             ; no            ; no              ; no       ; Off          ; 3.3-V LVTTL  ; Off         ; Fitter               ;
; instruction[30] ; AC9   ; 8        ; 20           ; 0            ; 2           ; 7                     ; 0                  ; no     ; no             ; no            ; no              ; no       ; Off          ; 3.3-V LVTTL  ; Off         ; Fitter               ;
; instruction[31] ; AC10  ; 8        ; 20           ; 0            ; 1           ; 7                     ; 0                  ; no     ; no             ; no            ; no              ; no       ; Off          ; 3.3-V LVTTL  ; Off         ; Fitter               ;
; instruction[3]  ; D14   ; 4        ; 33           ; 36           ; 0           ; 1                     ; 0                  ; no     ; no             ; no            ; no              ; no       ; Off          ; 3.3-V LVTTL  ; Off         ; Fitter               ;
; instruction[4]  ; N23   ; 5        ; 65           ; 20           ; 2           ; 1                     ; 0                  ; no     ; no             ; no            ; no              ; no       ; Off          ; 3.3-V LVTTL  ; Off         ; Fitter               ;
; instruction[5]  ; D17   ; 4        ; 46           ; 36           ; 0           ; 1                     ; 0                  ; no     ; no             ; no            ; no              ; no       ; Off          ; 3.3-V LVTTL  ; Off         ; Fitter               ;
; instruction[6]  ; Y14   ; 7        ; 37           ; 0            ; 1           ; 1                     ; 0                  ; no     ; no             ; no            ; no              ; no       ; Off          ; 3.3-V LVTTL  ; Off         ; Fitter               ;
; instruction[7]  ; M25   ; 5        ; 65           ; 20           ; 1           ; 1                     ; 0                  ; no     ; no             ; no            ; no              ; no       ; Off          ; 3.3-V LVTTL  ; Off         ; Fitter               ;
; instruction[8]  ; N24   ; 5        ; 65           ; 20           ; 3           ; 1                     ; 0                  ; no     ; no             ; no            ; no              ; no       ; Off          ; 3.3-V LVTTL  ; Off         ; Fitter               ;
; instruction[9]  ; C8    ; 3        ; 14           ; 36           ; 2           ; 1                     ; 0                  ; no     ; no             ; no            ; no              ; no       ; Off          ; 3.3-V LVTTL  ; Off         ; Fitter               ;
+-----------------+-------+----------+--------------+--------------+-------------+-----------------------+--------------------+--------+----------------+---------------+-----------------+----------+--------------+--------------+-------------+----------------------+


+------------------------------------------------------------------------------------------------------------------------------------------------------------------------------------------------------------------------------------------------------------------------------------------------------------------------------------------------+
; Output Pins                                                                                                                                                                                                                                                                                                                                    ;
+------------------+-------+----------+--------------+--------------+-------------+-----------------+------------------------+---------------+-----------------+------------+---------------+----------+--------------+--------------+------------------+-------------+----------------------+------+----------------------+---------------------+
; Name             ; Pin # ; I/O Bank ; X coordinate ; Y coordinate ; Cell number ; Output Register ; Output Enable Register ; Power Up High ; PCI I/O Enabled ; Open Drain ; TRI Primitive ; Bus Hold ; Weak Pull Up ; I/O Standard ; Current Strength ; Termination ; Location assigned by ; Load ; Output Enable Source ; Output Enable Group ;
+------------------+-------+----------+--------------+--------------+-------------+-----------------+------------------------+---------------+-----------------+------------+---------------+----------+--------------+--------------+------------------+-------------+----------------------+------+----------------------+---------------------+
; ALU_result[0]    ; AA20  ; 7        ; 57           ; 0            ; 2           ; no              ; no                     ; no            ; no              ; no         ; no            ; no       ; Off          ; 3.3-V LVTTL  ; 24mA             ; Off         ; Fitter               ; 0 pF ; -                    ; -                   ;
; ALU_result[10]   ; K1    ; 2        ; 0            ; 25           ; 0           ; no              ; no                     ; no            ; no              ; no         ; no            ; no       ; Off          ; 3.3-V LVTTL  ; 24mA             ; Off         ; Fitter               ; 0 pF ; -                    ; -                   ;
; ALU_result[11]   ; D8    ; 3        ; 14           ; 36           ; 3           ; no              ; no                     ; no            ; no              ; no         ; no            ; no       ; Off          ; 3.3-V LVTTL  ; 24mA             ; Off         ; Fitter               ; 0 pF ; -                    ; -                   ;
; ALU_result[12]   ; U12   ; 8        ; 29           ; 0            ; 2           ; no              ; no                     ; no            ; no              ; no         ; no            ; no       ; Off          ; 3.3-V LVTTL  ; 24mA             ; Off         ; Fitter               ; 0 pF ; -                    ; -                   ;
; ALU_result[13]   ; P3    ; 1        ; 0            ; 17           ; 0           ; no              ; no                     ; no            ; no              ; no         ; no            ; no       ; Off          ; 3.3-V LVTTL  ; 24mA             ; Off         ; Fitter               ; 0 pF ; -                    ; -                   ;
; ALU_result[14]   ; L25   ; 5        ; 65           ; 23           ; 2           ; no              ; no                     ; no            ; no              ; no         ; no            ; no       ; Off          ; 3.3-V LVTTL  ; 24mA             ; Off         ; Fitter               ; 0 pF ; -                    ; -                   ;
; ALU_result[15]   ; C19   ; 4        ; 53           ; 36           ; 0           ; no              ; no                     ; no            ; no              ; no         ; no            ; no       ; Off          ; 3.3-V LVTTL  ; 24mA             ; Off         ; Fitter               ; 0 pF ; -                    ; -                   ;
; ALU_result[16]   ; G18   ; 4        ; 50           ; 36           ; 2           ; no              ; no                     ; no            ; no              ; no         ; no            ; no       ; Off          ; 3.3-V LVTTL  ; 24mA             ; Off         ; Fitter               ; 0 pF ; -                    ; -                   ;
; ALU_result[17]   ; A19   ; 4        ; 53           ; 36           ; 3           ; no              ; no                     ; no            ; no              ; no         ; no            ; no       ; Off          ; 3.3-V LVTTL  ; 24mA             ; Off         ; Fitter               ; 0 pF ; -                    ; -                   ;
; ALU_result[18]   ; G17   ; 4        ; 48           ; 36           ; 3           ; no              ; no                     ; no            ; no              ; no         ; no            ; no       ; Off          ; 3.3-V LVTTL  ; 24mA             ; Off         ; Fitter               ; 0 pF ; -                    ; -                   ;
; ALU_result[19]   ; B8    ; 3        ; 16           ; 36           ; 1           ; no              ; no                     ; no            ; no              ; no         ; no            ; no       ; Off          ; 3.3-V LVTTL  ; 24mA             ; Off         ; Fitter               ; 0 pF ; -                    ; -                   ;
; ALU_result[1]    ; U17   ; 7        ; 57           ; 0            ; 1           ; no              ; no                     ; no            ; no              ; no         ; no            ; no       ; Off          ; 3.3-V LVTTL  ; 24mA             ; Off         ; Fitter               ; 0 pF ; -                    ; -                   ;
; ALU_result[20]   ; B18   ; 4        ; 46           ; 36           ; 2           ; no              ; no                     ; no            ; no              ; no         ; no            ; no       ; Off          ; 3.3-V LVTTL  ; 24mA             ; Off         ; Fitter               ; 0 pF ; -                    ; -                   ;
; ALU_result[21]   ; D19   ; 4        ; 53           ; 36           ; 1           ; no              ; no                     ; no            ; no              ; no         ; no            ; no       ; Off          ; 3.3-V LVTTL  ; 24mA             ; Off         ; Fitter               ; 0 pF ; -                    ; -                   ;
; ALU_result[22]   ; K24   ; 5        ; 65           ; 25           ; 4           ; no              ; no                     ; no            ; no              ; no         ; no            ; no       ; Off          ; 3.3-V LVTTL  ; 24mA             ; Off         ; Fitter               ; 0 pF ; -                    ; -                   ;
; ALU_result[23]   ; F10   ; 3        ; 14           ; 36           ; 1           ; no              ; no                     ; no            ; no              ; no         ; no            ; no       ; Off          ; 3.3-V LVTTL  ; 24mA             ; Off         ; Fitter               ; 0 pF ; -                    ; -                   ;
; ALU_result[24]   ; G10   ; 3        ; 14           ; 36           ; 0           ; no              ; no                     ; no            ; no              ; no         ; no            ; no       ; Off          ; 3.3-V LVTTL  ; 24mA             ; Off         ; Fitter               ; 0 pF ; -                    ; -                   ;
; ALU_result[25]   ; AB15  ; 7        ; 40           ; 0            ; 2           ; no              ; no                     ; no            ; no              ; no         ; no            ; no       ; Off          ; 3.3-V LVTTL  ; 24mA             ; Off         ; Fitter               ; 0 pF ; -                    ; -                   ;
; ALU_result[26]   ; B19   ; 4        ; 53           ; 36           ; 2           ; no              ; no                     ; no            ; no              ; no         ; no            ; no       ; Off          ; 3.3-V LVTTL  ; 24mA             ; Off         ; Fitter               ; 0 pF ; -                    ; -                   ;
; ALU_result[27]   ; R20   ; 6        ; 65           ; 16           ; 1           ; no              ; no                     ; no            ; no              ; no         ; no            ; no       ; Off          ; 3.3-V LVTTL  ; 24mA             ; Off         ; Fitter               ; 0 pF ; -                    ; -                   ;
; ALU_result[28]   ; V13   ; 8        ; 27           ; 0            ; 0           ; no              ; no                     ; no            ; no              ; no         ; no            ; no       ; Off          ; 3.3-V LVTTL  ; 24mA             ; Off         ; Fitter               ; 0 pF ; -                    ; -                   ;
; ALU_result[29]   ; Y13   ; 7        ; 37           ; 0            ; 3           ; no              ; no                     ; no            ; no              ; no         ; no            ; no       ; Off          ; 3.3-V LVTTL  ; 24mA             ; Off         ; Fitter               ; 0 pF ; -                    ; -                   ;
; ALU_result[2]    ; AE19  ; 7        ; 48           ; 0            ; 2           ; no              ; no                     ; no            ; no              ; no         ; no            ; no       ; Off          ; 3.3-V LVTTL  ; 24mA             ; Off         ; Fitter               ; 0 pF ; -                    ; -                   ;
; ALU_result[30]   ; T23   ; 6        ; 65           ; 16           ; 3           ; no              ; no                     ; no            ; no              ; no         ; no            ; no       ; Off          ; 3.3-V LVTTL  ; 24mA             ; Off         ; Fitter               ; 0 pF ; -                    ; -                   ;
; ALU_result[31]   ; E18   ; 4        ; 50           ; 36           ; 0           ; no              ; no                     ; no            ; no              ; no         ; no            ; no       ; Off          ; 3.3-V LVTTL  ; 24mA             ; Off         ; Fitter               ; 0 pF ; -                    ; -                   ;
; ALU_result[3]    ; AB20  ; 7        ; 55           ; 0            ; 3           ; no              ; no                     ; no            ; no              ; no         ; no            ; no       ; Off          ; 3.3-V LVTTL  ; 24mA             ; Off         ; Fitter               ; 0 pF ; -                    ; -                   ;
; ALU_result[4]    ; B20   ; 4        ; 55           ; 36           ; 1           ; no              ; no                     ; no            ; no              ; no         ; no            ; no       ; Off          ; 3.3-V LVTTL  ; 24mA             ; Off         ; Fitter               ; 0 pF ; -                    ; -                   ;
; ALU_result[5]    ; AA16  ; 7        ; 46           ; 0            ; 3           ; no              ; no                     ; no            ; no              ; no         ; no            ; no       ; Off          ; 3.3-V LVTTL  ; 24mA             ; Off         ; Fitter               ; 0 pF ; -                    ; -                   ;
; ALU_result[6]    ; AC15  ; 7        ; 40           ; 0            ; 1           ; no              ; no                     ; no            ; no              ; no         ; no            ; no       ; Off          ; 3.3-V LVTTL  ; 24mA             ; Off         ; Fitter               ; 0 pF ; -                    ; -                   ;
; ALU_result[7]    ; AB10  ; 8        ; 14           ; 0            ; 1           ; no              ; no                     ; no            ; no              ; no         ; no            ; no       ; Off          ; 3.3-V LVTTL  ; 24mA             ; Off         ; Fitter               ; 0 pF ; -                    ; -                   ;
; ALU_result[8]    ; Y15   ; 7        ; 37           ; 0            ; 0           ; no              ; no                     ; no            ; no              ; no         ; no            ; no       ; Off          ; 3.3-V LVTTL  ; 24mA             ; Off         ; Fitter               ; 0 pF ; -                    ; -                   ;
; ALU_result[9]    ; AA12  ; 8        ; 29           ; 0            ; 1           ; no              ; no                     ; no            ; no              ; no         ; no            ; no       ; Off          ; 3.3-V LVTTL  ; 24mA             ; Off         ; Fitter               ; 0 pF ; -                    ; -                   ;
; RAM_out[0]       ; AE13  ; 8        ; 31           ; 0            ; 1           ; no              ; no                     ; no            ; no              ; no         ; no            ; no       ; Off          ; 3.3-V LVTTL  ; 24mA             ; Off         ; Fitter               ; 0 pF ; -                    ; -                   ;
; RAM_out[10]      ; L4    ; 2        ; 0            ; 25           ; 2           ; no              ; no                     ; no            ; no              ; no         ; no            ; no       ; Off          ; 3.3-V LVTTL  ; 24mA             ; Off         ; Fitter               ; 0 pF ; -                    ; -                   ;
; RAM_out[11]      ; H11   ; 3        ; 18           ; 36           ; 3           ; no              ; no                     ; no            ; no              ; no         ; no            ; no       ; Off          ; 3.3-V LVTTL  ; 24mA             ; Off         ; Fitter               ; 0 pF ; -                    ; -                   ;
; RAM_out[12]      ; A9    ; 3        ; 20           ; 36           ; 2           ; no              ; no                     ; no            ; no              ; no         ; no            ; no       ; Off          ; 3.3-V LVTTL  ; 24mA             ; Off         ; Fitter               ; 0 pF ; -                    ; -                   ;
; RAM_out[13]      ; AD11  ; 8        ; 27           ; 0            ; 3           ; no              ; no                     ; no            ; no              ; no         ; no            ; no       ; Off          ; 3.3-V LVTTL  ; 24mA             ; Off         ; Fitter               ; 0 pF ; -                    ; -                   ;
; RAM_out[14]      ; H17   ; 4        ; 48           ; 36           ; 1           ; no              ; no                     ; no            ; no              ; no         ; no            ; no       ; Off          ; 3.3-V LVTTL  ; 24mA             ; Off         ; Fitter               ; 0 pF ; -                    ; -                   ;
; RAM_out[15]      ; H12   ; 3        ; 18           ; 36           ; 2           ; no              ; no                     ; no            ; no              ; no         ; no            ; no       ; Off          ; 3.3-V LVTTL  ; 24mA             ; Off         ; Fitter               ; 0 pF ; -                    ; -                   ;
; RAM_out[16]      ; F18   ; 4        ; 50           ; 36           ; 3           ; no              ; no                     ; no            ; no              ; no         ; no            ; no       ; Off          ; 3.3-V LVTTL  ; 24mA             ; Off         ; Fitter               ; 0 pF ; -                    ; -                   ;
; RAM_out[17]      ; E10   ; 3        ; 18           ; 36           ; 0           ; no              ; no                     ; no            ; no              ; no         ; no            ; no       ; Off          ; 3.3-V LVTTL  ; 24mA             ; Off         ; Fitter               ; 0 pF ; -                    ; -                   ;
; RAM_out[18]      ; F17   ; 4        ; 48           ; 36           ; 2           ; no              ; no                     ; no            ; no              ; no         ; no            ; no       ; Off          ; 3.3-V LVTTL  ; 24mA             ; Off         ; Fitter               ; 0 pF ; -                    ; -                   ;
; RAM_out[19]      ; C9    ; 3        ; 16           ; 36           ; 2           ; no              ; no                     ; no            ; no              ; no         ; no            ; no       ; Off          ; 3.3-V LVTTL  ; 24mA             ; Off         ; Fitter               ; 0 pF ; -                    ; -                   ;
; RAM_out[1]       ; M5    ; 2        ; 0            ; 23           ; 2           ; no              ; no                     ; no            ; no              ; no         ; no            ; no       ; Off          ; 3.3-V LVTTL  ; 24mA             ; Off         ; Fitter               ; 0 pF ; -                    ; -                   ;
; RAM_out[20]      ; G15   ; 4        ; 44           ; 36           ; 3           ; no              ; no                     ; no            ; no              ; no         ; no            ; no       ; Off          ; 3.3-V LVTTL  ; 24mA             ; Off         ; Fitter               ; 0 pF ; -                    ; -                   ;
; RAM_out[21]      ; V14   ; 8        ; 27           ; 0            ; 1           ; no              ; no                     ; no            ; no              ; no         ; no            ; no       ; Off          ; 3.3-V LVTTL  ; 24mA             ; Off         ; Fitter               ; 0 pF ; -                    ; -                   ;
; RAM_out[22]      ; E20   ; 4        ; 55           ; 36           ; 0           ; no              ; no                     ; no            ; no              ; no         ; no            ; no       ; Off          ; 3.3-V LVTTL  ; 24mA             ; Off         ; Fitter               ; 0 pF ; -                    ; -                   ;
; RAM_out[23]      ; D9    ; 3        ; 16           ; 36           ; 3           ; no              ; no                     ; no            ; no              ; no         ; no            ; no       ; Off          ; 3.3-V LVTTL  ; 24mA             ; Off         ; Fitter               ; 0 pF ; -                    ; -                   ;
; RAM_out[24]      ; A18   ; 4        ; 46           ; 36           ; 3           ; no              ; no                     ; no            ; no              ; no         ; no            ; no       ; Off          ; 3.3-V LVTTL  ; 24mA             ; Off         ; Fitter               ; 0 pF ; -                    ; -                   ;
; RAM_out[25]      ; F11   ; 3        ; 18           ; 36           ; 1           ; no              ; no                     ; no            ; no              ; no         ; no            ; no       ; Off          ; 3.3-V LVTTL  ; 24mA             ; Off         ; Fitter               ; 0 pF ; -                    ; -                   ;
; RAM_out[26]      ; B9    ; 3        ; 20           ; 36           ; 3           ; no              ; no                     ; no            ; no              ; no         ; no            ; no       ; Off          ; 3.3-V LVTTL  ; 24mA             ; Off         ; Fitter               ; 0 pF ; -                    ; -                   ;
; RAM_out[27]      ; AF10  ; 8        ; 24           ; 0            ; 2           ; no              ; no                     ; no            ; no              ; no         ; no            ; no       ; Off          ; 3.3-V LVTTL  ; 24mA             ; Off         ; Fitter               ; 0 pF ; -                    ; -                   ;
; RAM_out[28]      ; AE11  ; 8        ; 27           ; 0            ; 2           ; no              ; no                     ; no            ; no              ; no         ; no            ; no       ; Off          ; 3.3-V LVTTL  ; 24mA             ; Off         ; Fitter               ; 0 pF ; -                    ; -                   ;
; RAM_out[29]      ; V11   ; 8        ; 29           ; 0            ; 3           ; no              ; no                     ; no            ; no              ; no         ; no            ; no       ; Off          ; 3.3-V LVTTL  ; 24mA             ; Off         ; Fitter               ; 0 pF ; -                    ; -                   ;
; RAM_out[2]       ; AD12  ; 8        ; 31           ; 0            ; 3           ; no              ; no                     ; no            ; no              ; no         ; no            ; no       ; Off          ; 3.3-V LVTTL  ; 24mA             ; Off         ; Fitter               ; 0 pF ; -                    ; -                   ;
; RAM_out[30]      ; AE12  ; 8        ; 31           ; 0            ; 2           ; no              ; no                     ; no            ; no              ; no         ; no            ; no       ; Off          ; 3.3-V LVTTL  ; 24mA             ; Off         ; Fitter               ; 0 pF ; -                    ; -                   ;
; RAM_out[31]      ; A8    ; 3        ; 16           ; 36           ; 0           ; no              ; no                     ; no            ; no              ; no         ; no            ; no       ; Off          ; 3.3-V LVTTL  ; 24mA             ; Off         ; Fitter               ; 0 pF ; -                    ; -                   ;
; RAM_out[3]       ; AE10  ; 8        ; 24           ; 0            ; 3           ; no              ; no                     ; no            ; no              ; no         ; no            ; no       ; Off          ; 3.3-V LVTTL  ; 24mA             ; Off         ; Fitter               ; 0 pF ; -                    ; -                   ;
; RAM_out[4]       ; AD10  ; 8        ; 22           ; 0            ; 1           ; no              ; no                     ; no            ; no              ; no         ; no            ; no       ; Off          ; 3.3-V LVTTL  ; 24mA             ; Off         ; Fitter               ; 0 pF ; -                    ; -                   ;
; RAM_out[5]       ; AB12  ; 8        ; 24           ; 0            ; 1           ; no              ; no                     ; no            ; no              ; no         ; no            ; no       ; Off          ; 3.3-V LVTTL  ; 24mA             ; Off         ; Fitter               ; 0 pF ; -                    ; -                   ;
; RAM_out[6]       ; A20   ; 4        ; 55           ; 36           ; 2           ; no              ; no                     ; no            ; no              ; no         ; no            ; no       ; Off          ; 3.3-V LVTTL  ; 24mA             ; Off         ; Fitter               ; 0 pF ; -                    ; -                   ;
; RAM_out[7]       ; L19   ; 5        ; 65           ; 23           ; 3           ; no              ; no                     ; no            ; no              ; no         ; no            ; no       ; Off          ; 3.3-V LVTTL  ; 24mA             ; Off         ; Fitter               ; 0 pF ; -                    ; -                   ;
; RAM_out[8]       ; AE15  ; 7        ; 35           ; 0            ; 3           ; no              ; no                     ; no            ; no              ; no         ; no            ; no       ; Off          ; 3.3-V LVTTL  ; 24mA             ; Off         ; Fitter               ; 0 pF ; -                    ; -                   ;
; RAM_out[9]       ; T3    ; 1        ; 0            ; 15           ; 3           ; no              ; no                     ; no            ; no              ; no         ; no            ; no       ; Off          ; 3.3-V LVTTL  ; 24mA             ; Off         ; Fitter               ; 0 pF ; -                    ; -                   ;
; WriteData_RF[0]  ; Y12   ; 8        ; 29           ; 0            ; 0           ; no              ; no                     ; no            ; no              ; no         ; no            ; no       ; Off          ; 3.3-V LVTTL  ; 24mA             ; Off         ; Fitter               ; 0 pF ; -                    ; -                   ;
; WriteData_RF[10] ; D11   ; 3        ; 22           ; 36           ; 0           ; no              ; no                     ; no            ; no              ; no         ; no            ; no       ; Off          ; 3.3-V LVTTL  ; 24mA             ; Off         ; Fitter               ; 0 pF ; -                    ; -                   ;
; WriteData_RF[11] ; G11   ; 3        ; 22           ; 36           ; 1           ; no              ; no                     ; no            ; no              ; no         ; no            ; no       ; Off          ; 3.3-V LVTTL  ; 24mA             ; Off         ; Fitter               ; 0 pF ; -                    ; -                   ;
; WriteData_RF[12] ; J10   ; 3        ; 27           ; 36           ; 1           ; no              ; no                     ; no            ; no              ; no         ; no            ; no       ; Off          ; 3.3-V LVTTL  ; 24mA             ; Off         ; Fitter               ; 0 pF ; -                    ; -                   ;
; WriteData_RF[13] ; J13   ; 3        ; 24           ; 36           ; 1           ; no              ; no                     ; no            ; no              ; no         ; no            ; no       ; Off          ; 3.3-V LVTTL  ; 24mA             ; Off         ; Fitter               ; 0 pF ; -                    ; -                   ;
; WriteData_RF[14] ; F16   ; 4        ; 44           ; 36           ; 1           ; no              ; no                     ; no            ; no              ; no         ; no            ; no       ; Off          ; 3.3-V LVTTL  ; 24mA             ; Off         ; Fitter               ; 0 pF ; -                    ; -                   ;
; WriteData_RF[15] ; B11   ; 3        ; 29           ; 36           ; 2           ; no              ; no                     ; no            ; no              ; no         ; no            ; no       ; Off          ; 3.3-V LVTTL  ; 24mA             ; Off         ; Fitter               ; 0 pF ; -                    ; -                   ;
; WriteData_RF[16] ; F15   ; 4        ; 44           ; 36           ; 2           ; no              ; no                     ; no            ; no              ; no         ; no            ; no       ; Off          ; 3.3-V LVTTL  ; 24mA             ; Off         ; Fitter               ; 0 pF ; -                    ; -                   ;
; WriteData_RF[17] ; J14   ; 3        ; 24           ; 36           ; 0           ; no              ; no                     ; no            ; no              ; no         ; no            ; no       ; Off          ; 3.3-V LVTTL  ; 24mA             ; Off         ; Fitter               ; 0 pF ; -                    ; -                   ;
; WriteData_RF[18] ; B16   ; 4        ; 37           ; 36           ; 1           ; no              ; no                     ; no            ; no              ; no         ; no            ; no       ; Off          ; 3.3-V LVTTL  ; 24mA             ; Off         ; Fitter               ; 0 pF ; -                    ; -                   ;
; WriteData_RF[19] ; C12   ; 3        ; 29           ; 36           ; 1           ; no              ; no                     ; no            ; no              ; no         ; no            ; no       ; Off          ; 3.3-V LVTTL  ; 24mA             ; Off         ; Fitter               ; 0 pF ; -                    ; -                   ;
; WriteData_RF[1]  ; AD15  ; 7        ; 35           ; 0            ; 2           ; no              ; no                     ; no            ; no              ; no         ; no            ; no       ; Off          ; 3.3-V LVTTL  ; 24mA             ; Off         ; Fitter               ; 0 pF ; -                    ; -                   ;
; WriteData_RF[20] ; F14   ; 4        ; 35           ; 36           ; 3           ; no              ; no                     ; no            ; no              ; no         ; no            ; no       ; Off          ; 3.3-V LVTTL  ; 24mA             ; Off         ; Fitter               ; 0 pF ; -                    ; -                   ;
; WriteData_RF[21] ; F12   ; 3        ; 27           ; 36           ; 3           ; no              ; no                     ; no            ; no              ; no         ; no            ; no       ; Off          ; 3.3-V LVTTL  ; 24mA             ; Off         ; Fitter               ; 0 pF ; -                    ; -                   ;
; WriteData_RF[22] ; J11   ; 3        ; 27           ; 36           ; 0           ; no              ; no                     ; no            ; no              ; no         ; no            ; no       ; Off          ; 3.3-V LVTTL  ; 24mA             ; Off         ; Fitter               ; 0 pF ; -                    ; -                   ;
; WriteData_RF[23] ; D10   ; 3        ; 20           ; 36           ; 0           ; no              ; no                     ; no            ; no              ; no         ; no            ; no       ; Off          ; 3.3-V LVTTL  ; 24mA             ; Off         ; Fitter               ; 0 pF ; -                    ; -                   ;
; WriteData_RF[24] ; AA14  ; 7        ; 37           ; 0            ; 2           ; no              ; no                     ; no            ; no              ; no         ; no            ; no       ; Off          ; 3.3-V LVTTL  ; 24mA             ; Off         ; Fitter               ; 0 pF ; -                    ; -                   ;
; WriteData_RF[25] ; G12   ; 3        ; 27           ; 36           ; 2           ; no              ; no                     ; no            ; no              ; no         ; no            ; no       ; Off          ; 3.3-V LVTTL  ; 24mA             ; Off         ; Fitter               ; 0 pF ; -                    ; -                   ;
; WriteData_RF[26] ; C16   ; 4        ; 37           ; 36           ; 0           ; no              ; no                     ; no            ; no              ; no         ; no            ; no       ; Off          ; 3.3-V LVTTL  ; 24mA             ; Off         ; Fitter               ; 0 pF ; -                    ; -                   ;
; WriteData_RF[27] ; D12   ; 3        ; 24           ; 36           ; 2           ; no              ; no                     ; no            ; no              ; no         ; no            ; no       ; Off          ; 3.3-V LVTTL  ; 24mA             ; Off         ; Fitter               ; 0 pF ; -                    ; -                   ;
; WriteData_RF[28] ; C11   ; 3        ; 29           ; 36           ; 3           ; no              ; no                     ; no            ; no              ; no         ; no            ; no       ; Off          ; 3.3-V LVTTL  ; 24mA             ; Off         ; Fitter               ; 0 pF ; -                    ; -                   ;
; WriteData_RF[29] ; C10   ; 3        ; 20           ; 36           ; 1           ; no              ; no                     ; no            ; no              ; no         ; no            ; no       ; Off          ; 3.3-V LVTTL  ; 24mA             ; Off         ; Fitter               ; 0 pF ; -                    ; -                   ;
; WriteData_RF[2]  ; AA13  ; 7        ; 35           ; 0            ; 0           ; no              ; no                     ; no            ; no              ; no         ; no            ; no       ; Off          ; 3.3-V LVTTL  ; 24mA             ; Off         ; Fitter               ; 0 pF ; -                    ; -                   ;
; WriteData_RF[30] ; B14   ; 4        ; 33           ; 36           ; 2           ; no              ; no                     ; no            ; no              ; no         ; no            ; no       ; Off          ; 3.3-V LVTTL  ; 24mA             ; Off         ; Fitter               ; 0 pF ; -                    ; -                   ;
; WriteData_RF[31] ; A10   ; 3        ; 22           ; 36           ; 2           ; no              ; no                     ; no            ; no              ; no         ; no            ; no       ; Off          ; 3.3-V LVTTL  ; 24mA             ; Off         ; Fitter               ; 0 pF ; -                    ; -                   ;
; WriteData_RF[3]  ; AC12  ; 8        ; 24           ; 0            ; 0           ; no              ; no                     ; no            ; no              ; no         ; no            ; no       ; Off          ; 3.3-V LVTTL  ; 24mA             ; Off         ; Fitter               ; 0 pF ; -                    ; -                   ;
; WriteData_RF[4]  ; F13   ; 4        ; 35           ; 36           ; 1           ; no              ; no                     ; no            ; no              ; no         ; no            ; no       ; Off          ; 3.3-V LVTTL  ; 24mA             ; Off         ; Fitter               ; 0 pF ; -                    ; -                   ;
; WriteData_RF[5]  ; B12   ; 3        ; 29           ; 36           ; 0           ; no              ; no                     ; no            ; no              ; no         ; no            ; no       ; Off          ; 3.3-V LVTTL  ; 24mA             ; Off         ; Fitter               ; 0 pF ; -                    ; -                   ;
; WriteData_RF[6]  ; A14   ; 4        ; 33           ; 36           ; 1           ; no              ; no                     ; no            ; no              ; no         ; no            ; no       ; Off          ; 3.3-V LVTTL  ; 24mA             ; Off         ; Fitter               ; 0 pF ; -                    ; -                   ;
; WriteData_RF[7]  ; G14   ; 4        ; 35           ; 36           ; 2           ; no              ; no                     ; no            ; no              ; no         ; no            ; no       ; Off          ; 3.3-V LVTTL  ; 24mA             ; Off         ; Fitter               ; 0 pF ; -                    ; -                   ;
; WriteData_RF[8]  ; E12   ; 3        ; 24           ; 36           ; 3           ; no              ; no                     ; no            ; no              ; no         ; no            ; no       ; Off          ; 3.3-V LVTTL  ; 24mA             ; Off         ; Fitter               ; 0 pF ; -                    ; -                   ;
; WriteData_RF[9]  ; B15   ; 4        ; 37           ; 36           ; 2           ; no              ; no                     ; no            ; no              ; no         ; no            ; no       ; Off          ; 3.3-V LVTTL  ; 24mA             ; Off         ; Fitter               ; 0 pF ; -                    ; -                   ;
; zero             ; J17   ; 4        ; 48           ; 36           ; 0           ; no              ; no                     ; no            ; no              ; no         ; no            ; no       ; Off          ; 3.3-V LVTTL  ; 24mA             ; Off         ; Fitter               ; 0 pF ; -                    ; -                   ;
+------------------+-------+----------+--------------+--------------+-------------+-----------------+------------------------+---------------+-----------------+------------+---------------+----------+--------------+--------------+------------------+-------------+----------------------+------+----------------------+---------------------+


+------------------------------------------------------------+
; I/O Bank Usage                                             ;
+----------+------------------+---------------+--------------+
; I/O Bank ; Usage            ; VCCIO Voltage ; VREF Voltage ;
+----------+------------------+---------------+--------------+
; 1        ; 4 / 64 ( 6 % )   ; 3.3V          ; --           ;
; 2        ; 5 / 59 ( 8 % )   ; 3.3V          ; --           ;
; 3        ; 32 / 56 ( 57 % ) ; 3.3V          ; --           ;
; 4        ; 41 / 58 ( 71 % ) ; 3.3V          ; --           ;
; 5        ; 8 / 65 ( 12 % )  ; 3.3V          ; --           ;
; 6        ; 3 / 59 ( 5 % )   ; 3.3V          ; --           ;
; 7        ; 16 / 58 ( 28 % ) ; 3.3V          ; --           ;
; 8        ; 24 / 56 ( 43 % ) ; 3.3V          ; --           ;
+----------+------------------+---------------+--------------+


+------------------------------------------------------------------------------------------------------------------------------------------------------------------------+
; All Package Pins                                                                                                                                                       ;
+----------+------------+----------+------------------------------------------+--------+--------------+---------+------------+-----------------+----------+--------------+
; Location ; Pad Number ; I/O Bank ; Pin Name/Usage                           ; Dir.   ; I/O Standard ; Voltage ; I/O Type   ; User Assignment ; Bus Hold ; Weak Pull Up ;
+----------+------------+----------+------------------------------------------+--------+--------------+---------+------------+-----------------+----------+--------------+
; A2       ;            ;          ; GND                                      ; gnd    ;              ;         ; --         ;                 ; --       ; --           ;
; A3       ;            ; 3        ; VCCIO3                                   ; power  ;              ; 3.3V    ; --         ;                 ; --       ; --           ;
; A4       ; 484        ; 3        ; GND*                                     ;        ;              ;         ; Column I/O ;                 ; no       ; Off          ;
; A5       ; 482        ; 3        ; GND*                                     ;        ;              ;         ; Column I/O ;                 ; no       ; Off          ;
; A6       ; 479        ; 3        ; GND*                                     ;        ;              ;         ; Column I/O ;                 ; no       ; Off          ;
; A7       ; 465        ; 3        ; GND*                                     ;        ;              ;         ; Column I/O ;                 ; no       ; Off          ;
; A8       ; 457        ; 3        ; RAM_out[31]                              ; output ; 3.3-V LVTTL  ;         ; Column I/O ; N               ; no       ; Off          ;
; A9       ; 451        ; 3        ; RAM_out[12]                              ; output ; 3.3-V LVTTL  ;         ; Column I/O ; N               ; no       ; Off          ;
; A10      ; 447        ; 3        ; WriteData_RF[31]                         ; output ; 3.3-V LVTTL  ;         ; Column I/O ; N               ; no       ; Off          ;
; A11      ;            ; 3        ; VCCIO3                                   ; power  ;              ; 3.3V    ; --         ;                 ; --       ; --           ;
; A12      ;            ;          ; GND                                      ; gnd    ;              ;         ; --         ;                 ; --       ; --           ;
; A13      ; 430        ; 4        ; GND+                                     ;        ;              ;         ; Column I/O ;                 ; --       ; --           ;
; A14      ; 427        ; 4        ; WriteData_RF[6]                          ; output ; 3.3-V LVTTL  ;         ; Column I/O ; N               ; no       ; Off          ;
; A15      ;            ;          ; GND                                      ; gnd    ;              ;         ; --         ;                 ; --       ; --           ;
; A16      ;            ; 4        ; VCCIO4                                   ; power  ;              ; 3.3V    ; --         ;                 ; --       ; --           ;
; A17      ; 412        ; 4        ; instruction[23]                          ; input  ; 3.3-V LVTTL  ;         ; Column I/O ; N               ; no       ; Off          ;
; A18      ; 406        ; 4        ; RAM_out[24]                              ; output ; 3.3-V LVTTL  ;         ; Column I/O ; N               ; no       ; Off          ;
; A19      ; 394        ; 4        ; ALU_result[17]                           ; output ; 3.3-V LVTTL  ;         ; Column I/O ; N               ; no       ; Off          ;
; A20      ; 390        ; 4        ; RAM_out[6]                               ; output ; 3.3-V LVTTL  ;         ; Column I/O ; N               ; no       ; Off          ;
; A21      ; 382        ; 4        ; GND*                                     ;        ;              ;         ; Column I/O ;                 ; no       ; Off          ;
; A22      ; 379        ; 4        ; GND*                                     ;        ;              ;         ; Column I/O ;                 ; no       ; Off          ;
; A23      ; 378        ; 4        ; GND*                                     ;        ;              ;         ; Column I/O ;                 ; no       ; Off          ;
; A24      ;            ; 4        ; VCCIO4                                   ; power  ;              ; 3.3V    ; --         ;                 ; --       ; --           ;
; A25      ;            ;          ; GND                                      ; gnd    ;              ;         ; --         ;                 ; --       ; --           ;
; AA1      ; 107        ; 1        ; GND*                                     ;        ;              ;         ; Row I/O    ;                 ; no       ; Off          ;
; AA2      ; 106        ; 1        ; GND*                                     ;        ;              ;         ; Row I/O    ;                 ; no       ; Off          ;
; AA3      ; 117        ; 1        ; GND*                                     ;        ;              ;         ; Row I/O    ;                 ; no       ; Off          ;
; AA4      ; 116        ; 1        ; GND*                                     ;        ;              ;         ; Row I/O    ;                 ; no       ; Off          ;
; AA5      ; 120        ; 1        ; GND*                                     ;        ;              ;         ; Row I/O    ;                 ; no       ; Off          ;
; AA6      ; 130        ; 1        ; GND*                                     ;        ;              ;         ; Row I/O    ;                 ; no       ; Off          ;
; AA7      ; 129        ; 1        ; GND*                                     ;        ;              ;         ; Row I/O    ;                 ; no       ; Off          ;
; AA8      ;            ;          ; VCCA_PLL1                                ; power  ;              ; 1.2V    ; --         ;                 ; --       ; --           ;
; AA9      ; 152        ; 8        ; GND*                                     ;        ;              ;         ; Column I/O ;                 ; no       ; Off          ;
; AA10     ; 153        ; 8        ; GND*                                     ;        ;              ;         ; Column I/O ;                 ; no       ; Off          ;
; AA11     ; 155        ; 8        ; GND*                                     ;        ;              ;         ; Column I/O ;                 ; no       ; Off          ;
; AA12     ; 179        ; 8        ; ALU_result[9]                            ; output ; 3.3-V LVTTL  ;         ; Column I/O ; N               ; no       ; Off          ;
; AA13     ; 192        ; 7        ; WriteData_RF[2]                          ; output ; 3.3-V LVTTL  ;         ; Column I/O ; N               ; no       ; Off          ;
; AA14     ; 194        ; 7        ; WriteData_RF[24]                         ; output ; 3.3-V LVTTL  ;         ; Column I/O ; N               ; no       ; Off          ;
; AA15     ; 197        ; 7        ; GND*                                     ;        ;              ;         ; Column I/O ;                 ; no       ; Off          ;
; AA16     ; 209        ; 7        ; ALU_result[5]                            ; output ; 3.3-V LVTTL  ;         ; Column I/O ; N               ; no       ; Off          ;
; AA17     ; 219        ; 7        ; GND*                                     ;        ;              ;         ; Column I/O ;                 ; no       ; Off          ;
; AA18     ; 220        ; 7        ; GND*                                     ;        ;              ;         ; Column I/O ;                 ; no       ; Off          ;
; AA19     ;            ;          ; VCCA_PLL4                                ; power  ;              ; 1.2V    ; --         ;                 ; --       ; --           ;
; AA20     ; 230        ; 7        ; ALU_result[0]                            ; output ; 3.3-V LVTTL  ;         ; Column I/O ; N               ; no       ; Off          ;
; AA21     ;            ;          ; GND_PLL4                                 ; gnd    ;              ;         ; --         ;                 ; --       ; --           ;
; AA22     ;            ; 6        ; VCCIO6                                   ; power  ;              ; 3.3V    ; --         ;                 ; --       ; --           ;
; AA23     ; 256        ; 6        ; GND*                                     ;        ;              ;         ; Row I/O    ;                 ; no       ; Off          ;
; AA24     ; 255        ; 6        ; GND*                                     ;        ;              ;         ; Row I/O    ;                 ; no       ; Off          ;
; AA25     ; 266        ; 6        ; GND*                                     ;        ;              ;         ; Row I/O    ;                 ; no       ; Off          ;
; AA26     ; 267        ; 6        ; GND*                                     ;        ;              ;         ; Row I/O    ;                 ; no       ; Off          ;
; AB1      ; 115        ; 1        ; GND*                                     ;        ;              ;         ; Row I/O    ;                 ; no       ; Off          ;
; AB2      ; 114        ; 1        ; GND*                                     ;        ;              ;         ; Row I/O    ;                 ; no       ; Off          ;
; AB3      ; 126        ; 1        ; GND*                                     ;        ;              ;         ; Row I/O    ;                 ; no       ; Off          ;
; AB4      ; 127        ; 1        ; GND*                                     ;        ;              ;         ; Row I/O    ;                 ; no       ; Off          ;
; AB5      ;            ; 1        ; VCCIO1                                   ; power  ;              ; 3.3V    ; --         ;                 ; --       ; --           ;
; AB6      ;            ; 8        ; VCCIO8                                   ; power  ;              ; 3.3V    ; --         ;                 ; --       ; --           ;
; AB7      ;            ;          ; GND                                      ; gnd    ;              ;         ; --         ;                 ; --       ; --           ;
; AB8      ; 147        ; 8        ; GND*                                     ;        ;              ;         ; Column I/O ;                 ; no       ; Off          ;
; AB9      ;            ; 8        ; VCCIO8                                   ; power  ;              ; 3.3V    ; --         ;                 ; --       ; --           ;
; AB10     ; 154        ; 8        ; ALU_result[7]                            ; output ; 3.3-V LVTTL  ;         ; Column I/O ; N               ; no       ; Off          ;
; AB11     ;            ;          ; GND                                      ; gnd    ;              ;         ; --         ;                 ; --       ; --           ;
; AB12     ; 171        ; 8        ; RAM_out[5]                               ; output ; 3.3-V LVTTL  ;         ; Column I/O ; N               ; no       ; Off          ;
; AB13     ;            ; 8        ; VCCIO8                                   ; power  ;              ; 3.3V    ; --         ;                 ; --       ; --           ;
; AB14     ;            ; 7        ; VCCIO7                                   ; power  ;              ; 3.3V    ; --         ;                 ; --       ; --           ;
; AB15     ; 198        ; 7        ; ALU_result[25]                           ; output ; 3.3-V LVTTL  ;         ; Column I/O ; N               ; no       ; Off          ;
; AB16     ;            ;          ; GND                                      ; gnd    ;              ;         ; --         ;                 ; --       ; --           ;
; AB17     ;            ; 7        ; VCCIO7                                   ; power  ;              ; 3.3V    ; --         ;                 ; --       ; --           ;
; AB18     ; 215        ; 7        ; GND*                                     ;        ;              ;         ; Column I/O ;                 ; no       ; Off          ;
; AB19     ;            ;          ; GND                                      ; gnd    ;              ;         ; --         ;                 ; --       ; --           ;
; AB20     ; 225        ; 7        ; ALU_result[3]                            ; output ; 3.3-V LVTTL  ;         ; Column I/O ; N               ; no       ; Off          ;
; AB21     ; 242        ; 7        ; GND*                                     ;        ;              ;         ; Column I/O ;                 ; no       ; Off          ;
; AB22     ;            ; 7        ; VCCIO7                                   ; power  ;              ; 3.3V    ; --         ;                 ; --       ; --           ;
; AB23     ; 258        ; 6        ; GND*                                     ;        ;              ;         ; Row I/O    ;                 ; no       ; Off          ;
; AB24     ; 257        ; 6        ; GND*                                     ;        ;              ;         ; Row I/O    ;                 ; no       ; Off          ;
; AB25     ; 263        ; 6        ; GND*                                     ;        ;              ;         ; Row I/O    ;                 ; no       ; Off          ;
; AB26     ; 262        ; 6        ; GND*                                     ;        ;              ;         ; Row I/O    ;                 ; no       ; Off          ;
; AC1      ; 119        ; 1        ; GND*                                     ;        ;              ;         ; Row I/O    ;                 ; no       ; Off          ;
; AC2      ; 118        ; 1        ; GND*                                     ;        ;              ;         ; Row I/O    ;                 ; no       ; Off          ;
; AC3      ; 128        ; 1        ; GND*                                     ;        ;              ;         ; Row I/O    ;                 ; no       ; Off          ;
; AC4      ;            ;          ; GND                                      ; gnd    ;              ;         ; --         ;                 ; --       ; --           ;
; AC5      ; 133        ; 8        ; GND*                                     ;        ;              ;         ; Column I/O ;                 ; no       ; Off          ;
; AC6      ; 134        ; 8        ; GND*                                     ;        ;              ;         ; Column I/O ;                 ; no       ; Off          ;
; AC7      ; 143        ; 8        ; GND*                                     ;        ;              ;         ; Column I/O ;                 ; --       ; --           ;
; AC8      ; 148        ; 8        ; GND*                                     ;        ;              ;         ; Column I/O ;                 ; no       ; Off          ;
; AC9      ; 163        ; 8        ; instruction[30]                          ; input  ; 3.3-V LVTTL  ;         ; Column I/O ; N               ; no       ; Off          ;
; AC10     ; 164        ; 8        ; instruction[31]                          ; input  ; 3.3-V LVTTL  ;         ; Column I/O ; N               ; no       ; Off          ;
; AC11     ; 168        ; 8        ; instruction[29]                          ; input  ; 3.3-V LVTTL  ;         ; Column I/O ; N               ; no       ; Off          ;
; AC12     ; 172        ; 8        ; WriteData_RF[3]                          ; output ; 3.3-V LVTTL  ;         ; Column I/O ; N               ; no       ; Off          ;
; AC13     ; 185        ; 8        ; GND+                                     ;        ;              ;         ; Column I/O ;                 ; --       ; --           ;
; AC14     ; 191        ; 7        ; instruction[1]                           ; input  ; 3.3-V LVTTL  ;         ; Column I/O ; N               ; no       ; Off          ;
; AC15     ; 199        ; 7        ; ALU_result[6]                            ; output ; 3.3-V LVTTL  ;         ; Column I/O ; N               ; no       ; Off          ;
; AC16     ; 202        ; 7        ; GND*                                     ;        ;              ;         ; Column I/O ;                 ; --       ; --           ;
; AC17     ; 207        ; 7        ; GND*                                     ;        ;              ;         ; Column I/O ;                 ; no       ; Off          ;
; AC18     ; 216        ; 7        ; GND*                                     ;        ;              ;         ; Column I/O ;                 ; no       ; Off          ;
; AC19     ; 222        ; 7        ; GND*                                     ;        ;              ;         ; Column I/O ;                 ; no       ; Off          ;
; AC20     ; 226        ; 7        ; GND*                                     ;        ;              ;         ; Column I/O ;                 ; no       ; Off          ;
; AC21     ; 237        ; 7        ; GND*                                     ;        ;              ;         ; Column I/O ;                 ; no       ; Off          ;
; AC22     ; 241        ; 7        ; GND*                                     ;        ;              ;         ; Column I/O ;                 ; no       ; Off          ;
; AC23     ; 245        ; 6        ; GND*                                     ;        ;              ;         ; Row I/O    ;                 ; no       ; Off          ;
; AC24     ;            ;          ; NC                                       ;        ;              ;         ; --         ;                 ; --       ; --           ;
; AC25     ; 260        ; 6        ; GND*                                     ;        ;              ;         ; Row I/O    ;                 ; no       ; Off          ;
; AC26     ; 261        ; 6        ; GND*                                     ;        ;              ;         ; Row I/O    ;                 ; no       ; Off          ;
; AD1      ;            ; 1        ; VCCIO1                                   ; power  ;              ; 3.3V    ; --         ;                 ; --       ; --           ;
; AD2      ; 122        ; 1        ; GND*                                     ;        ;              ;         ; Row I/O    ;                 ; no       ; Off          ;
; AD3      ; 123        ; 1        ; GND*                                     ;        ;              ;         ; Row I/O    ;                 ; no       ; Off          ;
; AD4      ; 135        ; 8        ; GND*                                     ;        ;              ;         ; Column I/O ;                 ; no       ; Off          ;
; AD5      ; 136        ; 8        ; GND*                                     ;        ;              ;         ; Column I/O ;                 ; no       ; Off          ;
; AD6      ; 139        ; 8        ; GND*                                     ;        ;              ;         ; Column I/O ;                 ; no       ; Off          ;
; AD7      ; 140        ; 8        ; GND*                                     ;        ;              ;         ; Column I/O ;                 ; no       ; Off          ;
; AD8      ; 149        ; 8        ; GND*                                     ;        ;              ;         ; Column I/O ;                 ; no       ; Off          ;
; AD9      ;            ;          ; GND                                      ; gnd    ;              ;         ; --         ;                 ; --       ; --           ;
; AD10     ; 167        ; 8        ; RAM_out[4]                               ; output ; 3.3-V LVTTL  ;         ; Column I/O ; N               ; no       ; Off          ;
; AD11     ; 173        ; 8        ; RAM_out[13]                              ; output ; 3.3-V LVTTL  ;         ; Column I/O ; N               ; no       ; Off          ;
; AD12     ; 181        ; 8        ; RAM_out[2]                               ; output ; 3.3-V LVTTL  ;         ; Column I/O ; N               ; no       ; Off          ;
; AD13     ; 186        ; 8        ; GND+                                     ;        ;              ;         ; Column I/O ;                 ; --       ; --           ;
; AD14     ;            ;          ; GND                                      ; gnd    ;              ;         ; --         ;                 ; --       ; --           ;
; AD15     ; 190        ; 7        ; WriteData_RF[1]                          ; output ; 3.3-V LVTTL  ;         ; Column I/O ; N               ; no       ; Off          ;
; AD16     ; 201        ; 7        ; GND*                                     ;        ;              ;         ; Column I/O ;                 ; no       ; Off          ;
; AD17     ; 208        ; 7        ; GND*                                     ;        ;              ;         ; Column I/O ;                 ; no       ; Off          ;
; AD18     ;            ;          ; GND                                      ; gnd    ;              ;         ; --         ;                 ; --       ; --           ;
; AD19     ; 221        ; 7        ; GND*                                     ;        ;              ;         ; Column I/O ;                 ; no       ; Off          ;
; AD20     ;            ; 7        ; VCCIO7                                   ; power  ;              ; 3.3V    ; --         ;                 ; --       ; --           ;
; AD21     ; 238        ; 7        ; GND*                                     ;        ;              ;         ; Column I/O ;                 ; no       ; Off          ;
; AD22     ; 240        ; 7        ; GND*                                     ;        ;              ;         ; Column I/O ;                 ; no       ; Off          ;
; AD23     ; 239        ; 7        ; GND*                                     ;        ;              ;         ; Column I/O ;                 ; no       ; Off          ;
; AD24     ; 249        ; 6        ; GND*                                     ;        ;              ;         ; Row I/O    ;                 ; no       ; Off          ;
; AD25     ; 248        ; 6        ; GND*                                     ;        ;              ;         ; Row I/O    ;                 ; no       ; Off          ;
; AD26     ;            ; 6        ; VCCIO6                                   ; power  ;              ; 3.3V    ; --         ;                 ; --       ; --           ;
; AE1      ;            ;          ; GND                                      ; gnd    ;              ;         ; --         ;                 ; --       ; --           ;
; AE2      ; 124        ; 1        ; GND*                                     ;        ;              ;         ; Row I/O    ;                 ; no       ; Off          ;
; AE3      ; 125        ; 1        ; GND*                                     ;        ;              ;         ; Row I/O    ;                 ; no       ; Off          ;
; AE4      ; 131        ; 8        ; GND*                                     ;        ;              ;         ; Column I/O ;                 ; no       ; Off          ;
; AE5      ; 137        ; 8        ; GND*                                     ;        ;              ;         ; Column I/O ;                 ; no       ; Off          ;
; AE6      ; 150        ; 8        ; GND*                                     ;        ;              ;         ; Column I/O ;                 ; no       ; Off          ;
; AE7      ; 157        ; 8        ; GND*                                     ;        ;              ;         ; Column I/O ;                 ; no       ; Off          ;
; AE8      ; 159        ; 8        ; GND*                                     ;        ;              ;         ; Column I/O ;                 ; no       ; Off          ;
; AE9      ; 165        ; 8        ; instruction[26]                          ; input  ; 3.3-V LVTTL  ;         ; Column I/O ; N               ; no       ; Off          ;
; AE10     ; 169        ; 8        ; RAM_out[3]                               ; output ; 3.3-V LVTTL  ;         ; Column I/O ; N               ; no       ; Off          ;
; AE11     ; 174        ; 8        ; RAM_out[28]                              ; output ; 3.3-V LVTTL  ;         ; Column I/O ; N               ; no       ; Off          ;
; AE12     ; 182        ; 8        ; RAM_out[30]                              ; output ; 3.3-V LVTTL  ;         ; Column I/O ; N               ; no       ; Off          ;
; AE13     ; 183        ; 8        ; RAM_out[0]                               ; output ; 3.3-V LVTTL  ;         ; Column I/O ; N               ; no       ; Off          ;
; AE14     ; 188        ; 7        ; GND+                                     ;        ;              ;         ; Column I/O ;                 ; --       ; --           ;
; AE15     ; 189        ; 7        ; RAM_out[8]                               ; output ; 3.3-V LVTTL  ;         ; Column I/O ; N               ; no       ; Off          ;
; AE16     ; 200        ; 7        ; instruction[25]                          ; input  ; 3.3-V LVTTL  ;         ; Column I/O ; N               ; no       ; Off          ;
; AE17     ; 206        ; 7        ; GND*                                     ;        ;              ;         ; Column I/O ;                 ; no       ; Off          ;
; AE18     ; 212        ; 7        ; GND*                                     ;        ;              ;         ; Column I/O ;                 ; no       ; Off          ;
; AE19     ; 214        ; 7        ; ALU_result[2]                            ; output ; 3.3-V LVTTL  ;         ; Column I/O ; N               ; no       ; Off          ;
; AE20     ; 224        ; 7        ; GND*                                     ;        ;              ;         ; Column I/O ;                 ; no       ; Off          ;
; AE21     ; 228        ; 7        ; GND*                                     ;        ;              ;         ; Column I/O ;                 ; no       ; Off          ;
; AE22     ; 236        ; 7        ; GND*                                     ;        ;              ;         ; Column I/O ;                 ; no       ; Off          ;
; AE23     ; 244        ; 7        ; GND*                                     ;        ;              ;         ; Column I/O ;                 ; no       ; Off          ;
; AE24     ; 247        ; 6        ; ~LVDS150p/nCEO~                          ; output ; 3.3-V LVTTL  ;         ; Row I/O    ; N               ; no       ; Off          ;
; AE25     ; 246        ; 6        ; GND*                                     ;        ;              ;         ; Row I/O    ;                 ; no       ; Off          ;
; AE26     ;            ;          ; GND                                      ; gnd    ;              ;         ; --         ;                 ; --       ; --           ;
; AF2      ;            ;          ; GND                                      ; gnd    ;              ;         ; --         ;                 ; --       ; --           ;
; AF3      ;            ; 8        ; VCCIO8                                   ; power  ;              ; 3.3V    ; --         ;                 ; --       ; --           ;
; AF4      ; 132        ; 8        ; GND*                                     ;        ;              ;         ; Column I/O ;                 ; no       ; Off          ;
; AF5      ; 138        ; 8        ; GND*                                     ;        ;              ;         ; Column I/O ;                 ; no       ; Off          ;
; AF6      ; 151        ; 8        ; GND*                                     ;        ;              ;         ; Column I/O ;                 ; no       ; Off          ;
; AF7      ; 158        ; 8        ; GND*                                     ;        ;              ;         ; Column I/O ;                 ; no       ; Off          ;
; AF8      ; 160        ; 8        ; GND*                                     ;        ;              ;         ; Column I/O ;                 ; no       ; Off          ;
; AF9      ; 166        ; 8        ; instruction[27]                          ; input  ; 3.3-V LVTTL  ;         ; Column I/O ; N               ; no       ; Off          ;
; AF10     ; 170        ; 8        ; RAM_out[27]                              ; output ; 3.3-V LVTTL  ;         ; Column I/O ; N               ; no       ; Off          ;
; AF11     ;            ; 8        ; VCCIO8                                   ; power  ;              ; 3.3V    ; --         ;                 ; --       ; --           ;
; AF12     ;            ;          ; GND                                      ; gnd    ;              ;         ; --         ;                 ; --       ; --           ;
; AF13     ; 184        ; 8        ; instruction[0]                           ; input  ; 3.3-V LVTTL  ;         ; Column I/O ; N               ; no       ; Off          ;
; AF14     ; 187        ; 7        ; GND+                                     ;        ;              ;         ; Column I/O ;                 ; --       ; --           ;
; AF15     ;            ;          ; GND                                      ; gnd    ;              ;         ; --         ;                 ; --       ; --           ;
; AF16     ;            ; 7        ; VCCIO7                                   ; power  ;              ; 3.3V    ; --         ;                 ; --       ; --           ;
; AF17     ; 205        ; 7        ; GND*                                     ;        ;              ;         ; Column I/O ;                 ; no       ; Off          ;
; AF18     ; 211        ; 7        ; GND*                                     ;        ;              ;         ; Column I/O ;                 ; no       ; Off          ;
; AF19     ; 213        ; 7        ; GND*                                     ;        ;              ;         ; Column I/O ;                 ; no       ; Off          ;
; AF20     ; 223        ; 7        ; GND*                                     ;        ;              ;         ; Column I/O ;                 ; no       ; Off          ;
; AF21     ; 227        ; 7        ; GND*                                     ;        ;              ;         ; Column I/O ;                 ; no       ; Off          ;
; AF22     ; 235        ; 7        ; GND*                                     ;        ;              ;         ; Column I/O ;                 ; no       ; Off          ;
; AF23     ; 243        ; 7        ; GND*                                     ;        ;              ;         ; Column I/O ;                 ; no       ; Off          ;
; AF24     ;            ; 7        ; VCCIO7                                   ; power  ;              ; 3.3V    ; --         ;                 ; --       ; --           ;
; AF25     ;            ;          ; GND                                      ; gnd    ;              ;         ; --         ;                 ; --       ; --           ;
; B1       ;            ;          ; GND                                      ; gnd    ;              ;         ; --         ;                 ; --       ; --           ;
; B2       ; 2          ; 2        ; GND*                                     ;        ;              ;         ; Row I/O    ;                 ; no       ; Off          ;
; B3       ; 3          ; 2        ; GND*                                     ;        ;              ;         ; Row I/O    ;                 ; no       ; Off          ;
; B4       ; 483        ; 3        ; GND*                                     ;        ;              ;         ; Column I/O ;                 ; no       ; Off          ;
; B5       ; 481        ; 3        ; GND*                                     ;        ;              ;         ; Column I/O ;                 ; no       ; Off          ;
; B6       ; 480        ; 3        ; GND*                                     ;        ;              ;         ; Column I/O ;                 ; no       ; Off          ;
; B7       ; 466        ; 3        ; GND*                                     ;        ;              ;         ; Column I/O ;                 ; no       ; Off          ;
; B8       ; 458        ; 3        ; ALU_result[19]                           ; output ; 3.3-V LVTTL  ;         ; Column I/O ; N               ; no       ; Off          ;
; B9       ; 452        ; 3        ; RAM_out[26]                              ; output ; 3.3-V LVTTL  ;         ; Column I/O ; N               ; no       ; Off          ;
; B10      ; 448        ; 3        ; instruction[20]                          ; input  ; 3.3-V LVTTL  ;         ; Column I/O ; N               ; no       ; Off          ;
; B11      ; 435        ; 3        ; WriteData_RF[15]                         ; output ; 3.3-V LVTTL  ;         ; Column I/O ; N               ; no       ; Off          ;
; B12      ; 433        ; 3        ; WriteData_RF[5]                          ; output ; 3.3-V LVTTL  ;         ; Column I/O ; N               ; no       ; Off          ;
; B13      ; 429        ; 4        ; GND+                                     ;        ;              ;         ; Column I/O ;                 ; --       ; --           ;
; B14      ; 428        ; 4        ; WriteData_RF[30]                         ; output ; 3.3-V LVTTL  ;         ; Column I/O ; N               ; no       ; Off          ;
; B15      ; 420        ; 4        ; WriteData_RF[9]                          ; output ; 3.3-V LVTTL  ;         ; Column I/O ; N               ; no       ; Off          ;
; B16      ; 419        ; 4        ; WriteData_RF[18]                         ; output ; 3.3-V LVTTL  ;         ; Column I/O ; N               ; no       ; Off          ;
; B17      ; 411        ; 4        ; instruction[22]                          ; input  ; 3.3-V LVTTL  ;         ; Column I/O ; N               ; no       ; Off          ;
; B18      ; 405        ; 4        ; ALU_result[20]                           ; output ; 3.3-V LVTTL  ;         ; Column I/O ; N               ; no       ; Off          ;
; B19      ; 393        ; 4        ; ALU_result[26]                           ; output ; 3.3-V LVTTL  ;         ; Column I/O ; N               ; no       ; Off          ;
; B20      ; 389        ; 4        ; ALU_result[4]                            ; output ; 3.3-V LVTTL  ;         ; Column I/O ; N               ; no       ; Off          ;
; B21      ; 381        ; 4        ; GND*                                     ;        ;              ;         ; Column I/O ;                 ; no       ; Off          ;
; B22      ; 380        ; 4        ; GND*                                     ;        ;              ;         ; Column I/O ;                 ; no       ; Off          ;
; B23      ; 377        ; 4        ; GND*                                     ;        ;              ;         ; Column I/O ;                 ; no       ; Off          ;
; B24      ; 363        ; 5        ; GND*                                     ;        ;              ;         ; Row I/O    ;                 ; no       ; Off          ;
; B25      ; 362        ; 5        ; GND*                                     ;        ;              ;         ; Row I/O    ;                 ; no       ; Off          ;
; B26      ;            ;          ; GND                                      ; gnd    ;              ;         ; --         ;                 ; --       ; --           ;
; C1       ;            ; 2        ; VCCIO2                                   ; power  ;              ; 3.3V    ; --         ;                 ; --       ; --           ;
; C2       ; 6          ; 2        ; GND*                                     ;        ;              ;         ; Row I/O    ;                 ; no       ; Off          ;
; C3       ; 7          ; 2        ; GND*                                     ;        ;              ;         ; Row I/O    ;                 ; no       ; Off          ;
; C4       ; 478        ; 3        ; GND*                                     ;        ;              ;         ; Column I/O ;                 ; no       ; Off          ;
; C5       ; 486        ; 3        ; GND*                                     ;        ;              ;         ; Column I/O ;                 ; no       ; Off          ;
; C6       ; 485        ; 3        ; GND*                                     ;        ;              ;         ; Column I/O ;                 ; no       ; Off          ;
; C7       ; 468        ; 3        ; GND*                                     ;        ;              ;         ; Column I/O ;                 ; no       ; Off          ;
; C8       ; 463        ; 3        ; instruction[9]                           ; input  ; 3.3-V LVTTL  ;         ; Column I/O ; N               ; no       ; Off          ;
; C9       ; 459        ; 3        ; RAM_out[19]                              ; output ; 3.3-V LVTTL  ;         ; Column I/O ; N               ; no       ; Off          ;
; C10      ; 450        ; 3        ; WriteData_RF[29]                         ; output ; 3.3-V LVTTL  ;         ; Column I/O ; N               ; no       ; Off          ;
; C11      ; 436        ; 3        ; WriteData_RF[28]                         ; output ; 3.3-V LVTTL  ;         ; Column I/O ; N               ; no       ; Off          ;
; C12      ; 434        ; 3        ; WriteData_RF[19]                         ; output ; 3.3-V LVTTL  ;         ; Column I/O ; N               ; no       ; Off          ;
; C13      ; 431        ; 3        ; GND+                                     ;        ;              ;         ; Column I/O ;                 ; --       ; --           ;
; C14      ;            ;          ; GND                                      ; gnd    ;              ;         ; --         ;                 ; --       ; --           ;
; C15      ; 421        ; 4        ; instruction[15]                          ; input  ; 3.3-V LVTTL  ;         ; Column I/O ; N               ; no       ; Off          ;
; C16      ; 418        ; 4        ; WriteData_RF[26]                         ; output ; 3.3-V LVTTL  ;         ; Column I/O ; N               ; no       ; Off          ;
; C17      ; 404        ; 4        ; instruction[14]                          ; input  ; 3.3-V LVTTL  ;         ; Column I/O ; N               ; no       ; Off          ;
; C18      ;            ;          ; GND                                      ; gnd    ;              ;         ; --         ;                 ; --       ; --           ;
; C19      ; 391        ; 4        ; ALU_result[15]                           ; output ; 3.3-V LVTTL  ;         ; Column I/O ; N               ; no       ; Off          ;
; C20      ;            ; 4        ; VCCIO4                                   ; power  ;              ; 3.3V    ; --         ;                 ; --       ; --           ;
; C21      ; 375        ; 4        ; GND*                                     ;        ;              ;         ; Column I/O ;                 ; no       ; Off          ;
; C22      ; 374        ; 4        ; GND*                                     ;        ;              ;         ; Column I/O ;                 ; no       ; Off          ;
; C23      ; 373        ; 4        ; GND*                                     ;        ;              ;         ; Column I/O ;                 ; no       ; Off          ;
; C24      ; 360        ; 5        ; GND*                                     ;        ;              ;         ; Row I/O    ;                 ; no       ; Off          ;
; C25      ; 361        ; 5        ; GND*                                     ;        ;              ;         ; Row I/O    ;                 ; no       ; Off          ;
; C26      ;            ; 5        ; VCCIO5                                   ; power  ;              ; 3.3V    ; --         ;                 ; --       ; --           ;
; D1       ; 13         ; 2        ; GND*                                     ;        ;              ;         ; Row I/O    ;                 ; no       ; Off          ;
; D2       ; 12         ; 2        ; GND*                                     ;        ;              ;         ; Row I/O    ;                 ; no       ; Off          ;
; D3       ; 1          ; 2        ; ~nCSO~ / RESERVED_INPUT_WITH_WEAK_PULLUP ; input  ; 3.3-V LVTTL  ;         ; Row I/O    ; N               ; no       ; On           ;
; D4       ;            ;          ; GND                                      ; gnd    ;              ;         ; --         ;                 ; --       ; --           ;
; D5       ; 477        ; 3        ; GND*                                     ;        ;              ;         ; Column I/O ;                 ; no       ; Off          ;
; D6       ; 467        ; 3        ; GND*                                     ;        ;              ;         ; Column I/O ;                 ; no       ; Off          ;
; D7       ; 469        ; 3        ; GND*                                     ;        ;              ;         ; Column I/O ;                 ; no       ; Off          ;
; D8       ; 464        ; 3        ; ALU_result[11]                           ; output ; 3.3-V LVTTL  ;         ; Column I/O ; N               ; no       ; Off          ;
; D9       ; 460        ; 3        ; RAM_out[23]                              ; output ; 3.3-V LVTTL  ;         ; Column I/O ; N               ; no       ; Off          ;
; D10      ; 449        ; 3        ; WriteData_RF[23]                         ; output ; 3.3-V LVTTL  ;         ; Column I/O ; N               ; no       ; Off          ;
; D11      ; 445        ; 3        ; WriteData_RF[10]                         ; output ; 3.3-V LVTTL  ;         ; Column I/O ; N               ; no       ; Off          ;
; D12      ; 443        ; 3        ; WriteData_RF[27]                         ; output ; 3.3-V LVTTL  ;         ; Column I/O ; N               ; no       ; Off          ;
; D13      ; 432        ; 3        ; GND+                                     ;        ;              ;         ; Column I/O ;                 ; --       ; --           ;
; D14      ; 426        ; 4        ; instruction[3]                           ; input  ; 3.3-V LVTTL  ;         ; Column I/O ; N               ; no       ; Off          ;
; D15      ; 417        ; 4        ; instruction[16]                          ; input  ; 3.3-V LVTTL  ;         ; Column I/O ; N               ; no       ; Off          ;
; D16      ; 415        ; 4        ; instruction[19]                          ; input  ; 3.3-V LVTTL  ;         ; Column I/O ; N               ; no       ; Off          ;
; D17      ; 403        ; 4        ; instruction[5]                           ; input  ; 3.3-V LVTTL  ;         ; Column I/O ; N               ; no       ; Off          ;
; D18      ; 396        ; 4        ; instruction[12]                          ; input  ; 3.3-V LVTTL  ;         ; Column I/O ; N               ; no       ; Off          ;
; D19      ; 392        ; 4        ; ALU_result[21]                           ; output ; 3.3-V LVTTL  ;         ; Column I/O ; N               ; no       ; Off          ;
; D20      ; 387        ; 4        ; GND*                                     ;        ;              ;         ; Column I/O ;                 ; no       ; Off          ;
; D21      ; 376        ; 4        ; GND*                                     ;        ;              ;         ; Column I/O ;                 ; no       ; Off          ;
; D22      ;            ; 4        ; VCCIO4                                   ; power  ;              ; 3.3V    ; --         ;                 ; --       ; --           ;
; D23      ; 369        ; 5        ; GND*                                     ;        ;              ;         ; Row I/O    ;                 ; no       ; Off          ;
; D24      ;            ;          ; GND                                      ; gnd    ;              ;         ; --         ;                 ; --       ; --           ;
; D25      ; 358        ; 5        ; GND*                                     ;        ;              ;         ; Row I/O    ;                 ; no       ; Off          ;
; D26      ; 359        ; 5        ; GND*                                     ;        ;              ;         ; Row I/O    ;                 ; no       ; Off          ;
; E1       ; 20         ; 2        ; GND*                                     ;        ;              ;         ; Row I/O    ;                 ; no       ; Off          ;
; E2       ; 19         ; 2        ; GND*                                     ;        ;              ;         ; Row I/O    ;                 ; no       ; Off          ;
; E3       ; 0          ; 2        ; ~ASDO~ / RESERVED_INPUT_WITH_WEAK_PULLUP ; input  ; 3.3-V LVTTL  ;         ; Row I/O    ; N               ; no       ; On           ;
; E4       ;            ;          ; GND_PLL3                                 ; gnd    ;              ;         ; --         ;                 ; --       ; --           ;
; E5       ; 4          ; 2        ; GND*                                     ;        ;              ;         ; Row I/O    ;                 ; no       ; Off          ;
; E6       ;            ; 3        ; VCCIO3                                   ; power  ;              ; 3.3V    ; --         ;                 ; --       ; --           ;
; E7       ;            ;          ; GND                                      ; gnd    ;              ;         ; --         ;                 ; --       ; --           ;
; E8       ; 474        ; 3        ; GND*                                     ;        ;              ;         ; Column I/O ;                 ; --       ; --           ;
; E9       ;            ; 3        ; VCCIO3                                   ; power  ;              ; 3.3V    ; --         ;                 ; --       ; --           ;
; E10      ; 453        ; 3        ; RAM_out[17]                              ; output ; 3.3-V LVTTL  ;         ; Column I/O ; N               ; no       ; Off          ;
; E11      ;            ;          ; GND                                      ; gnd    ;              ;         ; --         ;                 ; --       ; --           ;
; E12      ; 444        ; 3        ; WriteData_RF[8]                          ; output ; 3.3-V LVTTL  ;         ; Column I/O ; N               ; no       ; Off          ;
; E13      ;            ; 3        ; VCCIO3                                   ; power  ;              ; 3.3V    ; --         ;                 ; --       ; --           ;
; E14      ;            ; 4        ; VCCIO4                                   ; power  ;              ; 3.3V    ; --         ;                 ; --       ; --           ;
; E15      ; 416        ; 4        ; instruction[17]                          ; input  ; 3.3-V LVTTL  ;         ; Column I/O ; N               ; no       ; Off          ;
; E16      ;            ;          ; GND                                      ; gnd    ;              ;         ; --         ;                 ; --       ; --           ;
; E17      ;            ; 4        ; VCCIO4                                   ; power  ;              ; 3.3V    ; --         ;                 ; --       ; --           ;
; E18      ; 395        ; 4        ; ALU_result[31]                           ; output ; 3.3-V LVTTL  ;         ; Column I/O ; N               ; no       ; Off          ;
; E19      ;            ;          ; GND                                      ; gnd    ;              ;         ; --         ;                 ; --       ; --           ;
; E20      ; 388        ; 4        ; RAM_out[22]                              ; output ; 3.3-V LVTTL  ;         ; Column I/O ; N               ; no       ; Off          ;
; E21      ;            ;          ; GND_PLL2                                 ; gnd    ;              ;         ; --         ;                 ; --       ; --           ;
; E22      ; 370        ; 5        ; GND*                                     ;        ;              ;         ; Row I/O    ;                 ; no       ; Off          ;
; E23      ; 365        ; 5        ; GND*                                     ;        ;              ;         ; Row I/O    ;                 ; no       ; Off          ;
; E24      ; 364        ; 5        ; GND*                                     ;        ;              ;         ; Row I/O    ;                 ; no       ; Off          ;
; E25      ; 355        ; 5        ; GND*                                     ;        ;              ;         ; Row I/O    ;                 ; no       ; Off          ;
; E26      ; 356        ; 5        ; GND*                                     ;        ;              ;         ; Row I/O    ;                 ; no       ; Off          ;
; F1       ; 29         ; 2        ; GND*                                     ;        ;              ;         ; Row I/O    ;                 ; no       ; Off          ;
; F2       ; 28         ; 2        ; GND*                                     ;        ;              ;         ; Row I/O    ;                 ; no       ; Off          ;
; F3       ; 10         ; 2        ; GND*                                     ;        ;              ;         ; Row I/O    ;                 ; no       ; Off          ;
; F4       ; 11         ; 2        ; GND*                                     ;        ;              ;         ; Row I/O    ;                 ; no       ; Off          ;
; F5       ;            ; 2        ; VCCIO2                                   ; power  ;              ; 3.3V    ; --         ;                 ; --       ; --           ;
; F6       ; 5          ; 2        ; GND*                                     ;        ;              ;         ; Row I/O    ;                 ; no       ; Off          ;
; F7       ; 14         ; 2        ; GND*                                     ;        ;              ;         ; Row I/O    ;                 ; no       ; Off          ;
; F8       ;            ;          ; GNDA_PLL3                                ; gnd    ;              ;         ; --         ;                 ; --       ; --           ;
; F9       ; 470        ; 3        ; GND*                                     ;        ;              ;         ; Column I/O ;                 ; no       ; Off          ;
; F10      ; 462        ; 3        ; ALU_result[23]                           ; output ; 3.3-V LVTTL  ;         ; Column I/O ; N               ; no       ; Off          ;
; F11      ; 454        ; 3        ; RAM_out[25]                              ; output ; 3.3-V LVTTL  ;         ; Column I/O ; N               ; no       ; Off          ;
; F12      ; 440        ; 3        ; WriteData_RF[21]                         ; output ; 3.3-V LVTTL  ;         ; Column I/O ; N               ; no       ; Off          ;
; F13      ; 423        ; 4        ; WriteData_RF[4]                          ; output ; 3.3-V LVTTL  ;         ; Column I/O ; N               ; no       ; Off          ;
; F14      ; 425        ; 4        ; WriteData_RF[20]                         ; output ; 3.3-V LVTTL  ;         ; Column I/O ; N               ; no       ; Off          ;
; F15      ; 409        ; 4        ; WriteData_RF[16]                         ; output ; 3.3-V LVTTL  ;         ; Column I/O ; N               ; no       ; Off          ;
; F16      ; 408        ; 4        ; WriteData_RF[14]                         ; output ; 3.3-V LVTTL  ;         ; Column I/O ; N               ; no       ; Off          ;
; F17      ; 401        ; 4        ; RAM_out[18]                              ; output ; 3.3-V LVTTL  ;         ; Column I/O ; N               ; no       ; Off          ;
; F18      ; 398        ; 4        ; RAM_out[16]                              ; output ; 3.3-V LVTTL  ;         ; Column I/O ; N               ; no       ; Off          ;
; F19      ;            ;          ; GNDA_PLL2                                ; gnd    ;              ;         ; --         ;                 ; --       ; --           ;
; F20      ; 372        ; 5        ; GND*                                     ;        ;              ;         ; Row I/O    ;                 ; no       ; Off          ;
; F21      ; 371        ; 5        ; GND*                                     ;        ;              ;         ; Row I/O    ;                 ; no       ; Off          ;
; F22      ;            ; 5        ; VCCIO5                                   ; power  ;              ; 3.3V    ; --         ;                 ; --       ; --           ;
; F23      ; 353        ; 5        ; GND*                                     ;        ;              ;         ; Row I/O    ;                 ; no       ; Off          ;
; F24      ; 354        ; 5        ; GND*                                     ;        ;              ;         ; Row I/O    ;                 ; no       ; Off          ;
; F25      ; 350        ; 5        ; GND*                                     ;        ;              ;         ; Row I/O    ;                 ; no       ; Off          ;
; F26      ; 349        ; 5        ; GND*                                     ;        ;              ;         ; Row I/O    ;                 ; no       ; Off          ;
; G1       ; 30         ; 2        ; GND*                                     ;        ;              ;         ; Row I/O    ;                 ; no       ; Off          ;
; G2       ; 31         ; 2        ; GND*                                     ;        ;              ;         ; Row I/O    ;                 ; no       ; Off          ;
; G3       ; 24         ; 2        ; GND*                                     ;        ;              ;         ; Row I/O    ;                 ; no       ; Off          ;
; G4       ; 23         ; 2        ; GND*                                     ;        ;              ;         ; Row I/O    ;                 ; no       ; Off          ;
; G5       ; 8          ; 2        ; GND*                                     ;        ;              ;         ; Row I/O    ;                 ; no       ; Off          ;
; G6       ; 9          ; 2        ; GND*                                     ;        ;              ;         ; Row I/O    ;                 ; no       ; Off          ;
; G7       ;            ;          ; GND_PLL3                                 ; gnd    ;              ;         ; --         ;                 ; --       ; --           ;
; G8       ;            ;          ; VCCA_PLL3                                ; power  ;              ; 1.2V    ; --         ;                 ; --       ; --           ;
; G9       ; 471        ; 3        ; GND*                                     ;        ;              ;         ; Column I/O ;                 ; no       ; Off          ;
; G10      ; 461        ; 3        ; ALU_result[24]                           ; output ; 3.3-V LVTTL  ;         ; Column I/O ; N               ; no       ; Off          ;
; G11      ; 446        ; 3        ; WriteData_RF[11]                         ; output ; 3.3-V LVTTL  ;         ; Column I/O ; N               ; no       ; Off          ;
; G12      ; 439        ; 3        ; WriteData_RF[25]                         ; output ; 3.3-V LVTTL  ;         ; Column I/O ; N               ; no       ; Off          ;
; G13      ; 422        ; 4        ; instruction[13]                          ; input  ; 3.3-V LVTTL  ;         ; Column I/O ; N               ; no       ; Off          ;
; G14      ; 424        ; 4        ; WriteData_RF[7]                          ; output ; 3.3-V LVTTL  ;         ; Column I/O ; N               ; no       ; Off          ;
; G15      ; 410        ; 4        ; RAM_out[20]                              ; output ; 3.3-V LVTTL  ;         ; Column I/O ; N               ; no       ; Off          ;
; G16      ; 407        ; 4        ; instruction[21]                          ; input  ; 3.3-V LVTTL  ;         ; Column I/O ; N               ; no       ; Off          ;
; G17      ; 402        ; 4        ; ALU_result[18]                           ; output ; 3.3-V LVTTL  ;         ; Column I/O ; N               ; no       ; Off          ;
; G18      ; 397        ; 4        ; ALU_result[16]                           ; output ; 3.3-V LVTTL  ;         ; Column I/O ; N               ; no       ; Off          ;
; G19      ;            ;          ; VCCA_PLL2                                ; power  ;              ; 1.2V    ; --         ;                 ; --       ; --           ;
; G20      ;            ;          ; GND_PLL2                                 ; gnd    ;              ;         ; --         ;                 ; --       ; --           ;
; G21      ; 368        ; 5        ; GND*                                     ;        ;              ;         ; Row I/O    ;                 ; no       ; Off          ;
; G22      ; 367        ; 5        ; GND*                                     ;        ;              ;         ; Row I/O    ;                 ; no       ; Off          ;
; G23      ; 346        ; 5        ; GND*                                     ;        ;              ;         ; Row I/O    ;                 ; no       ; Off          ;
; G24      ; 345        ; 5        ; GND*                                     ;        ;              ;         ; Row I/O    ;                 ; no       ; Off          ;
; G25      ; 343        ; 5        ; GND*                                     ;        ;              ;         ; Row I/O    ;                 ; no       ; Off          ;
; G26      ; 342        ; 5        ; GND*                                     ;        ;              ;         ; Row I/O    ;                 ; no       ; Off          ;
; H1       ; 37         ; 2        ; GND*                                     ;        ;              ;         ; Row I/O    ;                 ; no       ; Off          ;
; H2       ; 36         ; 2        ; GND*                                     ;        ;              ;         ; Row I/O    ;                 ; no       ; Off          ;
; H3       ; 32         ; 2        ; GND*                                     ;        ;              ;         ; Row I/O    ;                 ; no       ; Off          ;
; H4       ; 33         ; 2        ; GND*                                     ;        ;              ;         ; Row I/O    ;                 ; no       ; Off          ;
; H5       ;            ;          ; GND                                      ; gnd    ;              ;         ; --         ;                 ; --       ; --           ;
; H6       ; 18         ; 2        ; GND*                                     ;        ;              ;         ; Row I/O    ;                 ; no       ; Off          ;
; H7       ;            ;          ; VCCD_PLL3                                ; power  ;              ; 1.2V    ; --         ;                 ; --       ; --           ;
; H8       ; 473        ; 3        ; GND*                                     ;        ;              ;         ; Column I/O ;                 ; no       ; Off          ;
; H9       ;            ; 3        ; VCCIO3                                   ; power  ;              ; 3.3V    ; --         ;                 ; --       ; --           ;
; H10      ; 472        ; 3        ; GND*                                     ;        ;              ;         ; Column I/O ;                 ; no       ; Off          ;
; H11      ; 456        ; 3        ; RAM_out[11]                              ; output ; 3.3-V LVTTL  ;         ; Column I/O ; N               ; no       ; Off          ;
; H12      ; 455        ; 3        ; RAM_out[15]                              ; output ; 3.3-V LVTTL  ;         ; Column I/O ; N               ; no       ; Off          ;
; H13      ;            ;          ; GND                                      ; gnd    ;              ;         ; --         ;                 ; --       ; --           ;
; H14      ;            ;          ; GND                                      ; gnd    ;              ;         ; --         ;                 ; --       ; --           ;
; H15      ; 414        ; 4        ; instruction[18]                          ; input  ; 3.3-V LVTTL  ;         ; Column I/O ; N               ; no       ; Off          ;
; H16      ; 413        ; 4        ; instruction[24]                          ; input  ; 3.3-V LVTTL  ;         ; Column I/O ; N               ; no       ; Off          ;
; H17      ; 400        ; 4        ; RAM_out[14]                              ; output ; 3.3-V LVTTL  ;         ; Column I/O ; N               ; no       ; Off          ;
; H18      ;            ; 4        ; VCCIO4                                   ; power  ;              ; 3.3V    ; --         ;                 ; --       ; --           ;
; H19      ; 335        ; 5        ; GND*                                     ;        ;              ;         ; Row I/O    ;                 ; no       ; Off          ;
; H20      ;            ;          ; VCCD_PLL2                                ; power  ;              ; 1.2V    ; --         ;                 ; --       ; --           ;
; H21      ; 366        ; 5        ; GND*                                     ;        ;              ;         ; Row I/O    ;                 ; no       ; Off          ;
; H22      ;            ;          ; GND                                      ; gnd    ;              ;         ; --         ;                 ; --       ; --           ;
; H23      ; 341        ; 5        ; GND*                                     ;        ;              ;         ; Row I/O    ;                 ; no       ; Off          ;
; H24      ; 340        ; 5        ; GND*                                     ;        ;              ;         ; Row I/O    ;                 ; no       ; Off          ;
; H25      ; 337        ; 5        ; GND*                                     ;        ;              ;         ; Row I/O    ;                 ; no       ; Off          ;
; H26      ; 336        ; 5        ; GND*                                     ;        ;              ;         ; Row I/O    ;                 ; no       ; Off          ;
; J1       ; 39         ; 2        ; GND*                                     ;        ;              ;         ; Row I/O    ;                 ; no       ; Off          ;
; J2       ; 38         ; 2        ; GND*                                     ;        ;              ;         ; Row I/O    ;                 ; no       ; Off          ;
; J3       ; 34         ; 2        ; GND*                                     ;        ;              ;         ; Row I/O    ;                 ; no       ; Off          ;
; J4       ; 35         ; 2        ; GND*                                     ;        ;              ;         ; Row I/O    ;                 ; no       ; Off          ;
; J5       ; 15         ; 2        ; GND*                                     ;        ;              ;         ; Row I/O    ;                 ; --       ; --           ;
; J6       ; 25         ; 2        ; GND*                                     ;        ;              ;         ; Row I/O    ;                 ; no       ; Off          ;
; J7       ; 17         ; 2        ; GND*                                     ;        ;              ;         ; Row I/O    ;                 ; no       ; Off          ;
; J8       ; 16         ; 2        ; GND*                                     ;        ;              ;         ; Row I/O    ;                 ; no       ; Off          ;
; J9       ; 475        ; 3        ; GND*                                     ;        ;              ;         ; Column I/O ;                 ; no       ; Off          ;
; J10      ; 438        ; 3        ; WriteData_RF[12]                         ; output ; 3.3-V LVTTL  ;         ; Column I/O ; N               ; no       ; Off          ;
; J11      ; 437        ; 3        ; WriteData_RF[22]                         ; output ; 3.3-V LVTTL  ;         ; Column I/O ; N               ; no       ; Off          ;
; J12      ;            ; 3        ; VCCIO3                                   ; power  ;              ; 3.3V    ; --         ;                 ; --       ; --           ;
; J13      ; 442        ; 3        ; WriteData_RF[13]                         ; output ; 3.3-V LVTTL  ;         ; Column I/O ; N               ; no       ; Off          ;
; J14      ; 441        ; 3        ; WriteData_RF[17]                         ; output ; 3.3-V LVTTL  ;         ; Column I/O ; N               ; no       ; Off          ;
; J15      ;            ; 4        ; VCCIO4                                   ; power  ;              ; 3.3V    ; --         ;                 ; --       ; --           ;
; J16      ; 385        ; 4        ; GND*                                     ;        ;              ;         ; Column I/O ;                 ; no       ; Off          ;
; J17      ; 399        ; 4        ; zero                                     ; output ; 3.3-V LVTTL  ;         ; Column I/O ; N               ; no       ; Off          ;
; J18      ; 383        ; 4        ; GND*                                     ;        ;              ;         ; Column I/O ;                 ; no       ; Off          ;
; J19      ;            ; 5        ; VCCIO5                                   ; power  ;              ; 3.3V    ; --         ;                 ; --       ; --           ;
; J20      ; 351        ; 5        ; GND*                                     ;        ;              ;         ; Row I/O    ;                 ; no       ; Off          ;
; J21      ; 352        ; 5        ; GND*                                     ;        ;              ;         ; Row I/O    ;                 ; no       ; Off          ;
; J22      ; 357        ; 5        ; GND*                                     ;        ;              ;         ; Row I/O    ;                 ; --       ; --           ;
; J23      ; 339        ; 5        ; GND*                                     ;        ;              ;         ; Row I/O    ;                 ; no       ; Off          ;
; J24      ; 338        ; 5        ; GND*                                     ;        ;              ;         ; Row I/O    ;                 ; no       ; Off          ;
; J25      ; 327        ; 5        ; GND*                                     ;        ;              ;         ; Row I/O    ;                 ; no       ; Off          ;
; J26      ; 326        ; 5        ; GND*                                     ;        ;              ;         ; Row I/O    ;                 ; no       ; Off          ;
; K1       ; 42         ; 2        ; ALU_result[10]                           ; output ; 3.3-V LVTTL  ;         ; Row I/O    ; N               ; no       ; Off          ;
; K2       ; 43         ; 2        ; GND*                                     ;        ;              ;         ; Row I/O    ;                 ; no       ; Off          ;
; K3       ; 41         ; 2        ; GND*                                     ;        ;              ;         ; Row I/O    ;                 ; no       ; Off          ;
; K4       ; 40         ; 2        ; GND*                                     ;        ;              ;         ; Row I/O    ;                 ; no       ; Off          ;
; K5       ; 22         ; 2        ; GND*                                     ;        ;              ;         ; Row I/O    ;                 ; no       ; Off          ;
; K6       ; 21         ; 2        ; GND*                                     ;        ;              ;         ; Row I/O    ;                 ; no       ; Off          ;
; K7       ; 27         ; 2        ; GND*                                     ;        ;              ;         ; Row I/O    ;                 ; no       ; Off          ;
; K8       ; 26         ; 2        ; GND*                                     ;        ;              ;         ; Row I/O    ;                 ; no       ; Off          ;
; K9       ; 476        ; 3        ; GND*                                     ;        ;              ;         ; Column I/O ;                 ; no       ; Off          ;
; K10      ;            ;          ; VCCINT                                   ; power  ;              ; 1.2V    ; --         ;                 ; --       ; --           ;
; K11      ;            ;          ; VCCINT                                   ; power  ;              ; 1.2V    ; --         ;                 ; --       ; --           ;
; K12      ;            ;          ; VCCINT                                   ; power  ;              ; 1.2V    ; --         ;                 ; --       ; --           ;
; K13      ;            ;          ; VCCINT                                   ; power  ;              ; 1.2V    ; --         ;                 ; --       ; --           ;
; K14      ;            ;          ; VCCINT                                   ; power  ;              ; 1.2V    ; --         ;                 ; --       ; --           ;
; K15      ;            ;          ; VCCINT                                   ; power  ;              ; 1.2V    ; --         ;                 ; --       ; --           ;
; K16      ; 386        ; 4        ; GND*                                     ;        ;              ;         ; Column I/O ;                 ; no       ; Off          ;
; K17      ; 384        ; 4        ; GND*                                     ;        ;              ;         ; Column I/O ;                 ; no       ; Off          ;
; K18      ; 334        ; 5        ; GND*                                     ;        ;              ;         ; Row I/O    ;                 ; no       ; Off          ;
; K19      ; 333        ; 5        ; GND*                                     ;        ;              ;         ; Row I/O    ;                 ; no       ; Off          ;
; K20      ;            ;          ; GND                                      ; gnd    ;              ;         ; --         ;                 ; --       ; --           ;
; K21      ; 332        ; 5        ; GND*                                     ;        ;              ;         ; Row I/O    ;                 ; no       ; Off          ;
; K22      ; 344        ; 5        ; GND*                                     ;        ;              ;         ; Row I/O    ;                 ; no       ; Off          ;
; K23      ; 331        ; 5        ; GND*                                     ;        ;              ;         ; Row I/O    ;                 ; no       ; Off          ;
; K24      ; 330        ; 5        ; ALU_result[22]                           ; output ; 3.3-V LVTTL  ;         ; Row I/O    ; N               ; no       ; Off          ;
; K25      ; 321        ; 5        ; GND*                                     ;        ;              ;         ; Row I/O    ;                 ; no       ; Off          ;
; K26      ; 320        ; 5        ; instruction[10]                          ; input  ; 3.3-V LVTTL  ;         ; Row I/O    ; N               ; no       ; Off          ;
; L1       ;            ; 2        ; VCCIO2                                   ; power  ;              ; 3.3V    ; --         ;                 ; --       ; --           ;
; L2       ; 50         ; 2        ; GND*                                     ;        ;              ;         ; Row I/O    ;                 ; no       ; Off          ;
; L3       ; 51         ; 2        ; GND*                                     ;        ;              ;         ; Row I/O    ;                 ; no       ; Off          ;
; L4       ; 44         ; 2        ; RAM_out[10]                              ; output ; 3.3-V LVTTL  ;         ; Row I/O    ; N               ; no       ; Off          ;
; L5       ;            ;          ; GND                                      ; gnd    ;              ;         ; --         ;                 ; --       ; --           ;
; L6       ; 48         ; 2        ; GND*                                     ;        ;              ;         ; Row I/O    ;                 ; no       ; Off          ;
; L7       ; 47         ; 2        ; GND*                                     ;        ;              ;         ; Row I/O    ;                 ; no       ; Off          ;
; L8       ; 59         ; 2        ; #TMS                                     ; input  ;              ;         ; --         ;                 ; --       ; --           ;
; L9       ; 49         ; 2        ; GND*                                     ;        ;              ;         ; Row I/O    ;                 ; no       ; Off          ;
; L10      ; 52         ; 2        ; GND*                                     ;        ;              ;         ; Row I/O    ;                 ; no       ; Off          ;
; L11      ;            ;          ; VCCINT                                   ; power  ;              ; 1.2V    ; --         ;                 ; --       ; --           ;
; L12      ;            ;          ; GND                                      ; gnd    ;              ;         ; --         ;                 ; --       ; --           ;
; L13      ;            ;          ; GND                                      ; gnd    ;              ;         ; --         ;                 ; --       ; --           ;
; L14      ;            ;          ; GND                                      ; gnd    ;              ;         ; --         ;                 ; --       ; --           ;
; L15      ;            ;          ; GND                                      ; gnd    ;              ;         ; --         ;                 ; --       ; --           ;
; L16      ;            ;          ; VCCINT                                   ; power  ;              ; 1.2V    ; --         ;                 ; --       ; --           ;
; L17      ;            ;          ; VCCINT                                   ; power  ;              ; 1.2V    ; --         ;                 ; --       ; --           ;
; L18      ;            ;          ; VCCINT                                   ; power  ;              ; 1.2V    ; --         ;                 ; --       ; --           ;
; L19      ; 322        ; 5        ; RAM_out[7]                               ; output ; 3.3-V LVTTL  ;         ; Row I/O    ; N               ; no       ; Off          ;
; L20      ; 328        ; 5        ; GND*                                     ;        ;              ;         ; Row I/O    ;                 ; no       ; Off          ;
; L21      ; 329        ; 5        ; GND*                                     ;        ;              ;         ; Row I/O    ;                 ; no       ; Off          ;
; L22      ;            ;          ; GND                                      ; gnd    ;              ;         ; --         ;                 ; --       ; --           ;
; L23      ; 325        ; 5        ; GND*                                     ;        ;              ;         ; Row I/O    ;                 ; --       ; --           ;
; L24      ; 324        ; 5        ; GND*                                     ;        ;              ;         ; Row I/O    ;                 ; no       ; Off          ;
; L25      ; 323        ; 5        ; ALU_result[14]                           ; output ; 3.3-V LVTTL  ;         ; Row I/O    ; N               ; no       ; Off          ;
; L26      ;            ; 5        ; VCCIO5                                   ; power  ;              ; 3.3V    ; --         ;                 ; --       ; --           ;
; M1       ;            ;          ; GND                                      ; gnd    ;              ;         ; --         ;                 ; --       ; --           ;
; M2       ; 56         ; 2        ; GND*                                     ;        ;              ;         ; Row I/O    ;                 ; no       ; Off          ;
; M3       ; 55         ; 2        ; GND*                                     ;        ;              ;         ; Row I/O    ;                 ; no       ; Off          ;
; M4       ; 53         ; 2        ; GND*                                     ;        ;              ;         ; Row I/O    ;                 ; no       ; Off          ;
; M5       ; 54         ; 2        ; RAM_out[1]                               ; output ; 3.3-V LVTTL  ;         ; Row I/O    ; N               ; no       ; Off          ;
; M6       ; 58         ; 2        ; #TCK                                     ; input  ;              ;         ; --         ;                 ; --       ; --           ;
; M7       ; 60         ; 2        ; #TDO                                     ; output ;              ;         ; --         ;                 ; --       ; --           ;
; M8       ; 57         ; 2        ; #TDI                                     ; input  ;              ;         ; --         ;                 ; --       ; --           ;
; M9       ;            ; 2        ; VCCIO2                                   ; power  ;              ; 3.3V    ; --         ;                 ; --       ; --           ;
; M10      ;            ;          ; VCCINT                                   ; power  ;              ; 1.2V    ; --         ;                 ; --       ; --           ;
; M11      ;            ;          ; VCCINT                                   ; power  ;              ; 1.2V    ; --         ;                 ; --       ; --           ;
; M12      ;            ;          ; GND                                      ; gnd    ;              ;         ; --         ;                 ; --       ; --           ;
; M13      ;            ;          ; GND                                      ; gnd    ;              ;         ; --         ;                 ; --       ; --           ;
; M14      ;            ;          ; GND                                      ; gnd    ;              ;         ; --         ;                 ; --       ; --           ;
; M15      ;            ;          ; GND                                      ; gnd    ;              ;         ; --         ;                 ; --       ; --           ;
; M16      ;            ;          ; VCCINT                                   ; power  ;              ; 1.2V    ; --         ;                 ; --       ; --           ;
; M17      ;            ;          ; VCCINT                                   ; power  ;              ; 1.2V    ; --         ;                 ; --       ; --           ;
; M18      ;            ; 5        ; VCCIO5                                   ; power  ;              ; 3.3V    ; --         ;                 ; --       ; --           ;
; M19      ; 317        ; 5        ; GND*                                     ;        ;              ;         ; Row I/O    ;                 ; no       ; Off          ;
; M20      ; 316        ; 5        ; GND*                                     ;        ;              ;         ; Row I/O    ;                 ; no       ; Off          ;
; M21      ; 314        ; 5        ; GND*                                     ;        ;              ;         ; Row I/O    ;                 ; no       ; Off          ;
; M22      ; 319        ; 5        ; GND*                                     ;        ;              ;         ; Row I/O    ;                 ; no       ; Off          ;
; M23      ; 318        ; 5        ; GND*                                     ;        ;              ;         ; Row I/O    ;                 ; no       ; Off          ;
; M24      ; 313        ; 5        ; instruction[2]                           ; input  ; 3.3-V LVTTL  ;         ; Row I/O    ; N               ; no       ; Off          ;
; M25      ; 312        ; 5        ; instruction[7]                           ; input  ; 3.3-V LVTTL  ;         ; Row I/O    ; N               ; no       ; Off          ;
; M26      ;            ;          ; GND                                      ; gnd    ;              ;         ; --         ;                 ; --       ; --           ;
; N1       ; 65         ; 2        ; GND+                                     ;        ;              ;         ; Row I/O    ;                 ; --       ; --           ;
; N2       ; 64         ; 2        ; GND+                                     ;        ;              ;         ; Row I/O    ;                 ; --       ; --           ;
; N3       ; 62         ; 2        ; ^DATA0                                   ; input  ;              ;         ; --         ;                 ; --       ; --           ;
; N4       ; 63         ; 2        ; ^nCE                                     ;        ;              ;         ; --         ;                 ; --       ; --           ;
; N5       ;            ; 2        ; VCCIO2                                   ; power  ;              ; 3.3V    ; --         ;                 ; --       ; --           ;
; N6       ; 61         ; 2        ; ^DCLK                                    ;        ;              ;         ; --         ;                 ; --       ; --           ;
; N7       ; 66         ; 2        ; ^nCONFIG                                 ;        ;              ;         ; --         ;                 ; --       ; --           ;
; N8       ;            ;          ; GND                                      ; gnd    ;              ;         ; --         ;                 ; --       ; --           ;
; N9       ; 45         ; 2        ; GND*                                     ;        ;              ;         ; Row I/O    ;                 ; no       ; Off          ;
; N10      ;            ;          ; VCCINT                                   ; power  ;              ; 1.2V    ; --         ;                 ; --       ; --           ;
; N11      ;            ;          ; GND                                      ; gnd    ;              ;         ; --         ;                 ; --       ; --           ;
; N12      ;            ;          ; GND                                      ; gnd    ;              ;         ; --         ;                 ; --       ; --           ;
; N13      ;            ;          ; GND                                      ; gnd    ;              ;         ; --         ;                 ; --       ; --           ;
; N14      ;            ;          ; GND                                      ; gnd    ;              ;         ; --         ;                 ; --       ; --           ;
; N15      ;            ;          ; GND                                      ; gnd    ;              ;         ; --         ;                 ; --       ; --           ;
; N16      ;            ;          ; GND                                      ; gnd    ;              ;         ; --         ;                 ; --       ; --           ;
; N17      ;            ;          ; VCCINT                                   ; power  ;              ; 1.2V    ; --         ;                 ; --       ; --           ;
; N18      ; 348        ; 5        ; GND*                                     ;        ;              ;         ; Row I/O    ;                 ; no       ; Off          ;
; N19      ;            ;          ; GND                                      ; gnd    ;              ;         ; --         ;                 ; --       ; --           ;
; N20      ; 315        ; 5        ; GND*                                     ;        ;              ;         ; Row I/O    ;                 ; no       ; Off          ;
; N21      ;            ;          ; NC                                       ;        ;              ;         ; --         ;                 ; --       ; --           ;
; N22      ;            ; 5        ; VCCIO5                                   ; power  ;              ; 3.3V    ; --         ;                 ; --       ; --           ;
; N23      ; 311        ; 5        ; instruction[4]                           ; input  ; 3.3-V LVTTL  ;         ; Row I/O    ; N               ; no       ; Off          ;
; N24      ; 310        ; 5        ; instruction[8]                           ; input  ; 3.3-V LVTTL  ;         ; Row I/O    ; N               ; no       ; Off          ;
; N25      ; 309        ; 5        ; GND+                                     ;        ;              ;         ; Row I/O    ;                 ; --       ; --           ;
; N26      ; 308        ; 5        ; GND+                                     ;        ;              ;         ; Row I/O    ;                 ; --       ; --           ;
; P1       ; 68         ; 1        ; GND+                                     ;        ;              ;         ; Row I/O    ;                 ; --       ; --           ;
; P2       ; 67         ; 1        ; CLK                                      ; input  ; 3.3-V LVTTL  ;         ; Row I/O    ; N               ; no       ; Off          ;
; P3       ; 69         ; 1        ; ALU_result[13]                           ; output ; 3.3-V LVTTL  ;         ; Row I/O    ; N               ; no       ; Off          ;
; P4       ; 70         ; 1        ; GND*                                     ;        ;              ;         ; Row I/O    ;                 ; no       ; Off          ;
; P5       ;            ; 1        ; VCCIO1                                   ; power  ;              ; 3.3V    ; --         ;                 ; --       ; --           ;
; P6       ; 78         ; 1        ; GND*                                     ;        ;              ;         ; Row I/O    ;                 ; no       ; Off          ;
; P7       ; 77         ; 1        ; GND*                                     ;        ;              ;         ; Row I/O    ;                 ; no       ; Off          ;
; P8       ;            ;          ; GND                                      ; gnd    ;              ;         ; --         ;                 ; --       ; --           ;
; P9       ; 46         ; 2        ; GND*                                     ;        ;              ;         ; Row I/O    ;                 ; no       ; Off          ;
; P10      ;            ;          ; VCCINT                                   ; power  ;              ; 1.2V    ; --         ;                 ; --       ; --           ;
; P11      ;            ;          ; GND                                      ; gnd    ;              ;         ; --         ;                 ; --       ; --           ;
; P12      ;            ;          ; GND                                      ; gnd    ;              ;         ; --         ;                 ; --       ; --           ;
; P13      ;            ;          ; GND                                      ; gnd    ;              ;         ; --         ;                 ; --       ; --           ;
; P14      ;            ;          ; GND                                      ; gnd    ;              ;         ; --         ;                 ; --       ; --           ;
; P15      ;            ;          ; GND                                      ; gnd    ;              ;         ; --         ;                 ; --       ; --           ;
; P16      ;            ;          ; GND                                      ; gnd    ;              ;         ; --         ;                 ; --       ; --           ;
; P17      ; 293        ; 6        ; GND*                                     ;        ;              ;         ; Row I/O    ;                 ; no       ; Off          ;
; P18      ; 347        ; 5        ; GND*                                     ;        ;              ;         ; Row I/O    ;                 ; no       ; Off          ;
; P19      ;            ;          ; GND                                      ; gnd    ;              ;         ; --         ;                 ; --       ; --           ;
; P20      ; 301        ; 6        ; ^MSEL0                                   ;        ;              ;         ; --         ;                 ; --       ; --           ;
; P21      ; 300        ; 6        ; ^MSEL1                                   ;        ;              ;         ; --         ;                 ; --       ; --           ;
; P22      ;            ; 6        ; VCCIO6                                   ; power  ;              ; 3.3V    ; --         ;                 ; --       ; --           ;
; P23      ; 305        ; 6        ; GND*                                     ;        ;              ;         ; Row I/O    ;                 ; no       ; Off          ;
; P24      ; 304        ; 6        ; GND*                                     ;        ;              ;         ; Row I/O    ;                 ; no       ; Off          ;
; P25      ; 307        ; 6        ; GND+                                     ;        ;              ;         ; Row I/O    ;                 ; --       ; --           ;
; P26      ; 306        ; 6        ; GND+                                     ;        ;              ;         ; Row I/O    ;                 ; --       ; --           ;
; R1       ;            ;          ; GND                                      ; gnd    ;              ;         ; --         ;                 ; --       ; --           ;
; R2       ; 71         ; 1        ; instruction[11]                          ; input  ; 3.3-V LVTTL  ;         ; Row I/O    ; N               ; no       ; Off          ;
; R3       ; 72         ; 1        ; GND*                                     ;        ;              ;         ; Row I/O    ;                 ; no       ; Off          ;
; R4       ; 73         ; 1        ; GND*                                     ;        ;              ;         ; Row I/O    ;                 ; no       ; Off          ;
; R5       ; 74         ; 1        ; GND*                                     ;        ;              ;         ; Row I/O    ;                 ; no       ; Off          ;
; R6       ; 81         ; 1        ; GND*                                     ;        ;              ;         ; Row I/O    ;                 ; no       ; Off          ;
; R7       ; 82         ; 1        ; GND*                                     ;        ;              ;         ; Row I/O    ;                 ; no       ; Off          ;
; R8       ; 110        ; 1        ; GND*                                     ;        ;              ;         ; Row I/O    ;                 ; no       ; Off          ;
; R9       ;            ; 1        ; VCCIO1                                   ; power  ;              ; 3.3V    ; --         ;                 ; --       ; --           ;
; R10      ;            ;          ; VCCINT                                   ; power  ;              ; 1.2V    ; --         ;                 ; --       ; --           ;
; R11      ;            ;          ; VCCINT                                   ; power  ;              ; 1.2V    ; --         ;                 ; --       ; --           ;
; R12      ;            ;          ; GND                                      ; gnd    ;              ;         ; --         ;                 ; --       ; --           ;
; R13      ;            ;          ; GND                                      ; gnd    ;              ;         ; --         ;                 ; --       ; --           ;
; R14      ;            ;          ; GND                                      ; gnd    ;              ;         ; --         ;                 ; --       ; --           ;
; R15      ;            ;          ; GND                                      ; gnd    ;              ;         ; --         ;                 ; --       ; --           ;
; R16      ;            ;          ; VCCINT                                   ; power  ;              ; 1.2V    ; --         ;                 ; --       ; --           ;
; R17      ; 294        ; 6        ; GND*                                     ;        ;              ;         ; Row I/O    ;                 ; no       ; Off          ;
; R18      ;            ; 6        ; VCCIO6                                   ; power  ;              ; 3.3V    ; --         ;                 ; --       ; --           ;
; R19      ; 282        ; 6        ; GND*                                     ;        ;              ;         ; Row I/O    ;                 ; no       ; Off          ;
; R20      ; 297        ; 6        ; ALU_result[27]                           ; output ; 3.3-V LVTTL  ;         ; Row I/O    ; N               ; no       ; Off          ;
; R21      ;            ;          ; GND                                      ; gnd    ;              ;         ; --         ;                 ; --       ; --           ;
; R22      ; 298        ; 6        ; ^nSTATUS                                 ;        ;              ;         ; --         ;                 ; --       ; --           ;
; R23      ; 299        ; 6        ; ^CONF_DONE                               ;        ;              ;         ; --         ;                 ; --       ; --           ;
; R24      ; 302        ; 6        ; GND*                                     ;        ;              ;         ; Row I/O    ;                 ; no       ; Off          ;
; R25      ; 303        ; 6        ; GND*                                     ;        ;              ;         ; Row I/O    ;                 ; no       ; Off          ;
; R26      ;            ;          ; GND                                      ; gnd    ;              ;         ; --         ;                 ; --       ; --           ;
; T1       ;            ; 1        ; VCCIO1                                   ; power  ;              ; 3.3V    ; --         ;                 ; --       ; --           ;
; T2       ; 79         ; 1        ; GND*                                     ;        ;              ;         ; Row I/O    ;                 ; no       ; Off          ;
; T3       ; 80         ; 1        ; RAM_out[9]                               ; output ; 3.3-V LVTTL  ;         ; Row I/O    ; N               ; no       ; Off          ;
; T4       ; 83         ; 1        ; GND*                                     ;        ;              ;         ; Row I/O    ;                 ; --       ; --           ;
; T5       ;            ;          ; GND                                      ; gnd    ;              ;         ; --         ;                 ; --       ; --           ;
; T6       ; 93         ; 1        ; GND*                                     ;        ;              ;         ; Row I/O    ;                 ; no       ; Off          ;
; T7       ; 92         ; 1        ; GND*                                     ;        ;              ;         ; Row I/O    ;                 ; no       ; Off          ;
; T8       ; 111        ; 1        ; GND*                                     ;        ;              ;         ; Row I/O    ;                 ; no       ; Off          ;
; T9       ; 76         ; 1        ; GND*                                     ;        ;              ;         ; Row I/O    ;                 ; no       ; Off          ;
; T10      ; 75         ; 1        ; GND*                                     ;        ;              ;         ; Row I/O    ;                 ; no       ; Off          ;
; T11      ;            ;          ; VCCINT                                   ; power  ;              ; 1.2V    ; --         ;                 ; --       ; --           ;
; T12      ;            ;          ; GND                                      ; gnd    ;              ;         ; --         ;                 ; --       ; --           ;
; T13      ;            ;          ; GND                                      ; gnd    ;              ;         ; --         ;                 ; --       ; --           ;
; T14      ;            ;          ; GND                                      ; gnd    ;              ;         ; --         ;                 ; --       ; --           ;
; T15      ;            ;          ; GND                                      ; gnd    ;              ;         ; --         ;                 ; --       ; --           ;
; T16      ;            ;          ; VCCINT                                   ; power  ;              ; 1.2V    ; --         ;                 ; --       ; --           ;
; T17      ; 289        ; 6        ; GND*                                     ;        ;              ;         ; Row I/O    ;                 ; no       ; Off          ;
; T18      ; 290        ; 6        ; GND*                                     ;        ;              ;         ; Row I/O    ;                 ; no       ; Off          ;
; T19      ; 281        ; 6        ; GND*                                     ;        ;              ;         ; Row I/O    ;                 ; no       ; Off          ;
; T20      ; 287        ; 6        ; GND*                                     ;        ;              ;         ; Row I/O    ;                 ; no       ; Off          ;
; T21      ; 288        ; 6        ; GND*                                     ;        ;              ;         ; Row I/O    ;                 ; --       ; --           ;
; T22      ; 296        ; 6        ; GND*                                     ;        ;              ;         ; Row I/O    ;                 ; no       ; Off          ;
; T23      ; 295        ; 6        ; ALU_result[30]                           ; output ; 3.3-V LVTTL  ;         ; Row I/O    ; N               ; no       ; Off          ;
; T24      ; 292        ; 6        ; GND*                                     ;        ;              ;         ; Row I/O    ;                 ; no       ; Off          ;
; T25      ; 291        ; 6        ; GND*                                     ;        ;              ;         ; Row I/O    ;                 ; no       ; Off          ;
; T26      ;            ; 6        ; VCCIO6                                   ; power  ;              ; 3.3V    ; --         ;                 ; --       ; --           ;
; U1       ; 85         ; 1        ; GND*                                     ;        ;              ;         ; Row I/O    ;                 ; no       ; Off          ;
; U2       ; 84         ; 1        ; GND*                                     ;        ;              ;         ; Row I/O    ;                 ; no       ; Off          ;
; U3       ; 88         ; 1        ; GND*                                     ;        ;              ;         ; Row I/O    ;                 ; no       ; Off          ;
; U4       ; 89         ; 1        ; GND*                                     ;        ;              ;         ; Row I/O    ;                 ; no       ; Off          ;
; U5       ; 100        ; 1        ; GND*                                     ;        ;              ;         ; Row I/O    ;                 ; no       ; Off          ;
; U6       ; 98         ; 1        ; GND*                                     ;        ;              ;         ; Row I/O    ;                 ; no       ; Off          ;
; U7       ; 99         ; 1        ; GND*                                     ;        ;              ;         ; Row I/O    ;                 ; no       ; Off          ;
; U8       ;            ;          ; GND                                      ; gnd    ;              ;         ; --         ;                 ; --       ; --           ;
; U9       ; 86         ; 1        ; GND*                                     ;        ;              ;         ; Row I/O    ;                 ; no       ; Off          ;
; U10      ; 87         ; 1        ; GND*                                     ;        ;              ;         ; Row I/O    ;                 ; no       ; Off          ;
; U11      ;            ;          ; VCCINT                                   ; power  ;              ; 1.2V    ; --         ;                 ; --       ; --           ;
; U12      ; 178        ; 8        ; ALU_result[12]                           ; output ; 3.3-V LVTTL  ;         ; Column I/O ; N               ; no       ; Off          ;
; U13      ;            ;          ; VCCINT                                   ; power  ;              ; 1.2V    ; --         ;                 ; --       ; --           ;
; U14      ;            ;          ; VCCINT                                   ; power  ;              ; 1.2V    ; --         ;                 ; --       ; --           ;
; U15      ;            ;          ; VCCINT                                   ; power  ;              ; 1.2V    ; --         ;                 ; --       ; --           ;
; U16      ;            ;          ; VCCINT                                   ; power  ;              ; 1.2V    ; --         ;                 ; --       ; --           ;
; U17      ; 231        ; 7        ; ALU_result[1]                            ; output ; 3.3-V LVTTL  ;         ; Column I/O ; N               ; no       ; Off          ;
; U18      ; 232        ; 7        ; GND*                                     ;        ;              ;         ; Column I/O ;                 ; no       ; Off          ;
; U19      ;            ;          ; GND                                      ; gnd    ;              ;         ; --         ;                 ; --       ; --           ;
; U20      ; 280        ; 6        ; GND*                                     ;        ;              ;         ; Row I/O    ;                 ; no       ; Off          ;
; U21      ; 279        ; 6        ; GND*                                     ;        ;              ;         ; Row I/O    ;                 ; no       ; Off          ;
; U22      ; 270        ; 6        ; GND*                                     ;        ;              ;         ; Row I/O    ;                 ; no       ; Off          ;
; U23      ; 284        ; 6        ; GND*                                     ;        ;              ;         ; Row I/O    ;                 ; no       ; Off          ;
; U24      ; 283        ; 6        ; GND*                                     ;        ;              ;         ; Row I/O    ;                 ; no       ; Off          ;
; U25      ; 285        ; 6        ; GND*                                     ;        ;              ;         ; Row I/O    ;                 ; no       ; Off          ;
; U26      ; 286        ; 6        ; GND*                                     ;        ;              ;         ; Row I/O    ;                 ; no       ; Off          ;
; V1       ; 90         ; 1        ; GND*                                     ;        ;              ;         ; Row I/O    ;                 ; no       ; Off          ;
; V2       ; 91         ; 1        ; GND*                                     ;        ;              ;         ; Row I/O    ;                 ; no       ; Off          ;
; V3       ; 95         ; 1        ; GND*                                     ;        ;              ;         ; Row I/O    ;                 ; no       ; Off          ;
; V4       ; 94         ; 1        ; GND*                                     ;        ;              ;         ; Row I/O    ;                 ; no       ; Off          ;
; V5       ; 104        ; 1        ; GND*                                     ;        ;              ;         ; Row I/O    ;                 ; no       ; Off          ;
; V6       ; 105        ; 1        ; GND*                                     ;        ;              ;         ; Row I/O    ;                 ; no       ; Off          ;
; V7       ; 112        ; 1        ; GND*                                     ;        ;              ;         ; Row I/O    ;                 ; no       ; Off          ;
; V8       ;            ; 1        ; VCCIO1                                   ; power  ;              ; 3.3V    ; --         ;                 ; --       ; --           ;
; V9       ; 142        ; 8        ; GND*                                     ;        ;              ;         ; Column I/O ;                 ; no       ; Off          ;
; V10      ; 141        ; 8        ; GND*                                     ;        ;              ;         ; Column I/O ;                 ; no       ; Off          ;
; V11      ; 177        ; 8        ; RAM_out[29]                              ; output ; 3.3-V LVTTL  ;         ; Column I/O ; N               ; no       ; Off          ;
; V12      ;            ; 8        ; VCCIO8                                   ; power  ;              ; 3.3V    ; --         ;                 ; --       ; --           ;
; V13      ; 176        ; 8        ; ALU_result[28]                           ; output ; 3.3-V LVTTL  ;         ; Column I/O ; N               ; no       ; Off          ;
; V14      ; 175        ; 8        ; RAM_out[21]                              ; output ; 3.3-V LVTTL  ;         ; Column I/O ; N               ; no       ; Off          ;
; V15      ;            ; 7        ; VCCIO7                                   ; power  ;              ; 3.3V    ; --         ;                 ; --       ; --           ;
; V16      ;            ;          ; VCCINT                                   ; power  ;              ; 1.2V    ; --         ;                 ; --       ; --           ;
; V17      ; 218        ; 7        ; GND*                                     ;        ;              ;         ; Column I/O ;                 ; no       ; Off          ;
; V18      ; 233        ; 7        ; GND*                                     ;        ;              ;         ; Column I/O ;                 ; no       ; Off          ;
; V19      ;            ; 6        ; VCCIO6                                   ; power  ;              ; 3.3V    ; --         ;                 ; --       ; --           ;
; V20      ; 251        ; 6        ; GND*                                     ;        ;              ;         ; Row I/O    ;                 ; no       ; Off          ;
; V21      ; 252        ; 6        ; GND*                                     ;        ;              ;         ; Row I/O    ;                 ; no       ; Off          ;
; V22      ; 259        ; 6        ; GND*                                     ;        ;              ;         ; Row I/O    ;                 ; --       ; --           ;
; V23      ; 275        ; 6        ; GND*                                     ;        ;              ;         ; Row I/O    ;                 ; no       ; Off          ;
; V24      ; 276        ; 6        ; GND*                                     ;        ;              ;         ; Row I/O    ;                 ; no       ; Off          ;
; V25      ; 277        ; 6        ; GND*                                     ;        ;              ;         ; Row I/O    ;                 ; no       ; Off          ;
; V26      ; 278        ; 6        ; GND*                                     ;        ;              ;         ; Row I/O    ;                 ; no       ; Off          ;
; W1       ; 97         ; 1        ; GND*                                     ;        ;              ;         ; Row I/O    ;                 ; no       ; Off          ;
; W2       ; 96         ; 1        ; GND*                                     ;        ;              ;         ; Row I/O    ;                 ; no       ; Off          ;
; W3       ; 102        ; 1        ; GND*                                     ;        ;              ;         ; Row I/O    ;                 ; no       ; Off          ;
; W4       ; 101        ; 1        ; GND*                                     ;        ;              ;         ; Row I/O    ;                 ; no       ; Off          ;
; W5       ;            ;          ; GND                                      ; gnd    ;              ;         ; --         ;                 ; --       ; --           ;
; W6       ; 113        ; 1        ; GND*                                     ;        ;              ;         ; Row I/O    ;                 ; --       ; --           ;
; W7       ;            ;          ; GND_PLL1                                 ; gnd    ;              ;         ; --         ;                 ; --       ; --           ;
; W8       ; 144        ; 8        ; GND*                                     ;        ;              ;         ; Column I/O ;                 ; no       ; Off          ;
; W9       ;            ; 8        ; VCCIO8                                   ; power  ;              ; 3.3V    ; --         ;                 ; --       ; --           ;
; W10      ; 145        ; 8        ; GND*                                     ;        ;              ;         ; Column I/O ;                 ; no       ; Off          ;
; W11      ; 161        ; 8        ; instruction[28]                          ; input  ; 3.3-V LVTTL  ;         ; Column I/O ; N               ; no       ; Off          ;
; W12      ; 162        ; 8        ; GND*                                     ;        ;              ;         ; Column I/O ;                 ; no       ; Off          ;
; W13      ;            ;          ; GND                                      ; gnd    ;              ;         ; --         ;                 ; --       ; --           ;
; W14      ;            ;          ; GND                                      ; gnd    ;              ;         ; --         ;                 ; --       ; --           ;
; W15      ; 203        ; 7        ; GND*                                     ;        ;              ;         ; Column I/O ;                 ; no       ; Off          ;
; W16      ; 204        ; 7        ; GND*                                     ;        ;              ;         ; Column I/O ;                 ; no       ; Off          ;
; W17      ; 217        ; 7        ; GND*                                     ;        ;              ;         ; Column I/O ;                 ; no       ; Off          ;
; W18      ;            ; 7        ; VCCIO7                                   ; power  ;              ; 3.3V    ; --         ;                 ; --       ; --           ;
; W19      ; 234        ; 7        ; GND*                                     ;        ;              ;         ; Column I/O ;                 ; no       ; Off          ;
; W20      ;            ;          ; GND_PLL4                                 ; gnd    ;              ;         ; --         ;                 ; --       ; --           ;
; W21      ; 253        ; 6        ; GND*                                     ;        ;              ;         ; Row I/O    ;                 ; no       ; Off          ;
; W22      ;            ;          ; GND                                      ; gnd    ;              ;         ; --         ;                 ; --       ; --           ;
; W23      ; 272        ; 6        ; GND*                                     ;        ;              ;         ; Row I/O    ;                 ; no       ; Off          ;
; W24      ; 271        ; 6        ; GND*                                     ;        ;              ;         ; Row I/O    ;                 ; no       ; Off          ;
; W25      ; 273        ; 6        ; GND*                                     ;        ;              ;         ; Row I/O    ;                 ; no       ; Off          ;
; W26      ; 274        ; 6        ; GND*                                     ;        ;              ;         ; Row I/O    ;                 ; no       ; Off          ;
; Y1       ; 103        ; 1        ; GND*                                     ;        ;              ;         ; Row I/O    ;                 ; no       ; Off          ;
; Y2       ;            ;          ; NC                                       ;        ;              ;         ; --         ;                 ; --       ; --           ;
; Y3       ; 108        ; 1        ; GND*                                     ;        ;              ;         ; Row I/O    ;                 ; no       ; Off          ;
; Y4       ; 109        ; 1        ; GND*                                     ;        ;              ;         ; Row I/O    ;                 ; no       ; Off          ;
; Y5       ; 121        ; 1        ; GND*                                     ;        ;              ;         ; Row I/O    ;                 ; no       ; Off          ;
; Y6       ;            ;          ; GND_PLL1                                 ; gnd    ;              ;         ; --         ;                 ; --       ; --           ;
; Y7       ;            ;          ; VCCD_PLL1                                ; power  ;              ; 1.2V    ; --         ;                 ; --       ; --           ;
; Y8       ;            ;          ; GNDA_PLL1                                ; gnd    ;              ;         ; --         ;                 ; --       ; --           ;
; Y9       ;            ;          ; GND                                      ; gnd    ;              ;         ; --         ;                 ; --       ; --           ;
; Y10      ; 146        ; 8        ; GND*                                     ;        ;              ;         ; Column I/O ;                 ; no       ; Off          ;
; Y11      ; 156        ; 8        ; GND*                                     ;        ;              ;         ; Column I/O ;                 ; no       ; Off          ;
; Y12      ; 180        ; 8        ; WriteData_RF[0]                          ; output ; 3.3-V LVTTL  ;         ; Column I/O ; N               ; no       ; Off          ;
; Y13      ; 193        ; 7        ; ALU_result[29]                           ; output ; 3.3-V LVTTL  ;         ; Column I/O ; N               ; no       ; Off          ;
; Y14      ; 195        ; 7        ; instruction[6]                           ; input  ; 3.3-V LVTTL  ;         ; Column I/O ; N               ; no       ; Off          ;
; Y15      ; 196        ; 7        ; ALU_result[8]                            ; output ; 3.3-V LVTTL  ;         ; Column I/O ; N               ; no       ; Off          ;
; Y16      ; 210        ; 7        ; GND*                                     ;        ;              ;         ; Column I/O ;                 ; no       ; Off          ;
; Y17      ;            ;          ; GND                                      ; gnd    ;              ;         ; --         ;                 ; --       ; --           ;
; Y18      ; 229        ; 7        ; GND*                                     ;        ;              ;         ; Column I/O ;                 ; --       ; --           ;
; Y19      ;            ;          ; GNDA_PLL4                                ; gnd    ;              ;         ; --         ;                 ; --       ; --           ;
; Y20      ;            ;          ; VCCD_PLL4                                ; power  ;              ; 1.2V    ; --         ;                 ; --       ; --           ;
; Y21      ; 250        ; 6        ; GND*                                     ;        ;              ;         ; Row I/O    ;                 ; no       ; Off          ;
; Y22      ; 254        ; 6        ; GND*                                     ;        ;              ;         ; Row I/O    ;                 ; no       ; Off          ;
; Y23      ; 265        ; 6        ; GND*                                     ;        ;              ;         ; Row I/O    ;                 ; no       ; Off          ;
; Y24      ; 264        ; 6        ; GND*                                     ;        ;              ;         ; Row I/O    ;                 ; no       ; Off          ;
; Y25      ; 269        ; 6        ; GND*                                     ;        ;              ;         ; Row I/O    ;                 ; no       ; Off          ;
; Y26      ; 268        ; 6        ; GND*                                     ;        ;              ;         ; Row I/O    ;                 ; no       ; Off          ;
+----------+------------+----------+------------------------------------------+--------+--------------+---------+------------+-----------------+----------+--------------+
Note: Pin directions (input, output or bidir) are based on device operating in user mode.


+-------------------------------------------------------------------------------+
; Output Pin Default Load For Reported TCO                                      ;
+----------------------------------+-------+------------------------------------+
; I/O Standard                     ; Load  ; Termination Resistance             ;
+----------------------------------+-------+------------------------------------+
; 3.3-V LVTTL                      ; 0 pF  ; Not Available                      ;
; 3.3-V LVCMOS                     ; 0 pF  ; Not Available                      ;
; 2.5 V                            ; 0 pF  ; Not Available                      ;
; 1.8 V                            ; 0 pF  ; Not Available                      ;
; 1.5 V                            ; 0 pF  ; Not Available                      ;
; 3.3-V PCI                        ; 10 pF ; 25 Ohm (Parallel)                  ;
; 3.3-V PCI-X                      ; 10 pF ; 25 Ohm (Parallel)                  ;
; SSTL-2 Class I                   ; 0 pF  ; 50 Ohm (Parallel), 25 Ohm (Serial) ;
; SSTL-2 Class II                  ; 0 pF  ; 25 Ohm (Parallel), 25 Ohm (Serial) ;
; SSTL-18 Class I                  ; 0 pF  ; 50 Ohm (Parallel), 25 Ohm (Serial) ;
; SSTL-18 Class II                 ; 0 pF  ; 25 Ohm (Parallel), 25 Ohm (Serial) ;
; 1.5-V HSTL Class I               ; 0 pF  ; 50 Ohm (Parallel)                  ;
; 1.5-V HSTL Class II              ; 0 pF  ; 25 Ohm (Parallel)                  ;
; 1.8-V HSTL Class I               ; 0 pF  ; 50 Ohm (Parallel)                  ;
; 1.8-V HSTL Class II              ; 0 pF  ; 25 Ohm (Parallel)                  ;
; Differential SSTL-2              ; 0 pF  ; (See SSTL-2)                       ;
; Differential 2.5-V SSTL Class II ; 0 pF  ; (See SSTL-2 Class II)              ;
; Differential 1.8-V SSTL Class I  ; 0 pF  ; (See 1.8-V SSTL Class I)           ;
; Differential 1.8-V SSTL Class II ; 0 pF  ; (See 1.8-V SSTL Class II)          ;
; Differential 1.5-V HSTL Class I  ; 0 pF  ; (See 1.5-V HSTL Class I)           ;
; Differential 1.5-V HSTL Class II ; 0 pF  ; (See 1.5-V HSTL Class II)          ;
; Differential 1.8-V HSTL Class I  ; 0 pF  ; (See 1.8-V HSTL Class I)           ;
; Differential 1.8-V HSTL Class II ; 0 pF  ; (See 1.8-V HSTL Class II)          ;
; LVDS                             ; 0 pF  ; 100 Ohm (Differential)             ;
; mini-LVDS                        ; 0 pF  ; 100 Ohm (Differential)             ;
; RSDS                             ; 0 pF  ; 100 Ohm (Differential)             ;
; Simple RSDS                      ; 0 pF  ; Not Available                      ;
; Differential LVPECL              ; 0 pF  ; 100 Ohm (Differential)             ;
+----------------------------------+-------+------------------------------------+
Note: User assignments will override these defaults. The user specified values are listed in the Output Pins and Bidir Pins tables.


+--------------------------------------------------------------------------------------------------------------------------------------------------------------------------------------------------------------------------------------------------------------------------------------+
; Fitter Resource Utilization by Entity                                                                                                                                                                                                                                                ;
+----------------------------+---------------+---------------------------+---------------+-------------+------+--------------+---------+-----------+------+--------------+--------------+-------------------+------------------+----------------------------------------+--------------+
; Compilation Hierarchy Node ; Logic Cells   ; Dedicated Logic Registers ; I/O Registers ; Memory Bits ; M4Ks ; DSP Elements ; DSP 9x9 ; DSP 18x18 ; Pins ; Virtual Pins ; LUT-Only LCs ; Register-Only LCs ; LUT/Register LCs ; Full Hierarchy Name                    ; Library Name ;
+----------------------------+---------------+---------------------------+---------------+-------------+------+--------------+---------+-----------+------+--------------+--------------+-------------------+------------------+----------------------------------------+--------------+
; |MIPS_CPU                  ; 13661 (0)     ; 9216 (0)                  ; 0 (0)         ; 0           ; 0    ; 0            ; 0       ; 0         ; 130  ; 0            ; 4445 (0)     ; 6042 (0)          ; 3174 (0)         ; |MIPS_CPU                              ; work         ;
;    |ControlUnit:u0|        ; 13 (13)       ; 0 (0)                     ; 0 (0)         ; 0           ; 0    ; 0            ; 0       ; 0         ; 0    ; 0            ; 12 (12)      ; 0 (0)             ; 1 (1)            ; |MIPS_CPU|ControlUnit:u0               ; work         ;
;    |Datapath:u1|           ; 13649 (0)     ; 9216 (0)                  ; 0 (0)         ; 0           ; 0    ; 0            ; 0       ; 0         ; 0    ; 0            ; 4433 (0)     ; 6042 (0)          ; 3174 (0)         ; |MIPS_CPU|Datapath:u1                  ; work         ;
;       |ALU:u3|             ; 260 (260)     ; 0 (0)                     ; 0 (0)         ; 0           ; 0    ; 0            ; 0       ; 0         ; 0    ; 0            ; 229 (229)    ; 0 (0)             ; 31 (31)          ; |MIPS_CPU|Datapath:u1|ALU:u3           ; work         ;
;       |RF:u1|              ; 1878 (1878)   ; 1024 (1024)               ; 0 (0)         ; 0           ; 0    ; 0            ; 0       ; 0         ; 0    ; 0            ; 854 (854)    ; 346 (346)         ; 678 (678)        ; |MIPS_CPU|Datapath:u1|RF:u1            ; work         ;
;       |dual_port_RAM:u5|   ; 11489 (11489) ; 8192 (8192)               ; 0 (0)         ; 0           ; 0    ; 0            ; 0       ; 0         ; 0    ; 0            ; 3278 (3278)  ; 5696 (5696)       ; 2515 (2515)      ; |MIPS_CPU|Datapath:u1|dual_port_RAM:u5 ; work         ;
;       |mux_32bit:u2|       ; 36 (36)       ; 0 (0)                     ; 0 (0)         ; 0           ; 0    ; 0            ; 0       ; 0         ; 0    ; 0            ; 28 (28)      ; 0 (0)             ; 8 (8)            ; |MIPS_CPU|Datapath:u1|mux_32bit:u2     ; work         ;
;       |mux_32bit:u4|       ; 46 (46)       ; 0 (0)                     ; 0 (0)         ; 0           ; 0    ; 0            ; 0       ; 0         ; 0    ; 0            ; 39 (39)      ; 0 (0)             ; 7 (7)            ; |MIPS_CPU|Datapath:u1|mux_32bit:u4     ; work         ;
;       |mux_5bit:u0|        ; 5 (5)         ; 0 (0)                     ; 0 (0)         ; 0           ; 0    ; 0            ; 0       ; 0         ; 0    ; 0            ; 5 (5)        ; 0 (0)             ; 0 (0)            ; |MIPS_CPU|Datapath:u1|mux_5bit:u0      ; work         ;
+----------------------------+---------------+---------------------------+---------------+-------------+------+--------------+---------+-----------+------+--------------+--------------+-------------------+------------------+----------------------------------------+--------------+
Note: For table entries with two numbers listed, the numbers in parentheses indicate the number of resources of the given type used by the specific entity alone. The numbers listed outside of parentheses indicate the total resources of the given type used by the specific entity and all of its sub-entities in the hierarchy.


+-------------------------------------------------------------------------------------------+
; Delay Chain Summary                                                                       ;
+------------------+----------+---------------+---------------+-----------------------+-----+
; Name             ; Pin Type ; Pad to Core 0 ; Pad to Core 1 ; Pad to Input Register ; TCO ;
+------------------+----------+---------------+---------------+-----------------------+-----+
; ALU_result[0]    ; Output   ; --            ; --            ; --                    ; --  ;
; ALU_result[1]    ; Output   ; --            ; --            ; --                    ; --  ;
; ALU_result[2]    ; Output   ; --            ; --            ; --                    ; --  ;
; ALU_result[3]    ; Output   ; --            ; --            ; --                    ; --  ;
; ALU_result[4]    ; Output   ; --            ; --            ; --                    ; --  ;
; ALU_result[5]    ; Output   ; --            ; --            ; --                    ; --  ;
; ALU_result[6]    ; Output   ; --            ; --            ; --                    ; --  ;
; ALU_result[7]    ; Output   ; --            ; --            ; --                    ; --  ;
; ALU_result[8]    ; Output   ; --            ; --            ; --                    ; --  ;
; ALU_result[9]    ; Output   ; --            ; --            ; --                    ; --  ;
; ALU_result[10]   ; Output   ; --            ; --            ; --                    ; --  ;
; ALU_result[11]   ; Output   ; --            ; --            ; --                    ; --  ;
; ALU_result[12]   ; Output   ; --            ; --            ; --                    ; --  ;
; ALU_result[13]   ; Output   ; --            ; --            ; --                    ; --  ;
; ALU_result[14]   ; Output   ; --            ; --            ; --                    ; --  ;
; ALU_result[15]   ; Output   ; --            ; --            ; --                    ; --  ;
; ALU_result[16]   ; Output   ; --            ; --            ; --                    ; --  ;
; ALU_result[17]   ; Output   ; --            ; --            ; --                    ; --  ;
; ALU_result[18]   ; Output   ; --            ; --            ; --                    ; --  ;
; ALU_result[19]   ; Output   ; --            ; --            ; --                    ; --  ;
; ALU_result[20]   ; Output   ; --            ; --            ; --                    ; --  ;
; ALU_result[21]   ; Output   ; --            ; --            ; --                    ; --  ;
; ALU_result[22]   ; Output   ; --            ; --            ; --                    ; --  ;
; ALU_result[23]   ; Output   ; --            ; --            ; --                    ; --  ;
; ALU_result[24]   ; Output   ; --            ; --            ; --                    ; --  ;
; ALU_result[25]   ; Output   ; --            ; --            ; --                    ; --  ;
; ALU_result[26]   ; Output   ; --            ; --            ; --                    ; --  ;
; ALU_result[27]   ; Output   ; --            ; --            ; --                    ; --  ;
; ALU_result[28]   ; Output   ; --            ; --            ; --                    ; --  ;
; ALU_result[29]   ; Output   ; --            ; --            ; --                    ; --  ;
; ALU_result[30]   ; Output   ; --            ; --            ; --                    ; --  ;
; ALU_result[31]   ; Output   ; --            ; --            ; --                    ; --  ;
; WriteData_RF[0]  ; Output   ; --            ; --            ; --                    ; --  ;
; WriteData_RF[1]  ; Output   ; --            ; --            ; --                    ; --  ;
; WriteData_RF[2]  ; Output   ; --            ; --            ; --                    ; --  ;
; WriteData_RF[3]  ; Output   ; --            ; --            ; --                    ; --  ;
; WriteData_RF[4]  ; Output   ; --            ; --            ; --                    ; --  ;
; WriteData_RF[5]  ; Output   ; --            ; --            ; --                    ; --  ;
; WriteData_RF[6]  ; Output   ; --            ; --            ; --                    ; --  ;
; WriteData_RF[7]  ; Output   ; --            ; --            ; --                    ; --  ;
; WriteData_RF[8]  ; Output   ; --            ; --            ; --                    ; --  ;
; WriteData_RF[9]  ; Output   ; --            ; --            ; --                    ; --  ;
; WriteData_RF[10] ; Output   ; --            ; --            ; --                    ; --  ;
; WriteData_RF[11] ; Output   ; --            ; --            ; --                    ; --  ;
; WriteData_RF[12] ; Output   ; --            ; --            ; --                    ; --  ;
; WriteData_RF[13] ; Output   ; --            ; --            ; --                    ; --  ;
; WriteData_RF[14] ; Output   ; --            ; --            ; --                    ; --  ;
; WriteData_RF[15] ; Output   ; --            ; --            ; --                    ; --  ;
; WriteData_RF[16] ; Output   ; --            ; --            ; --                    ; --  ;
; WriteData_RF[17] ; Output   ; --            ; --            ; --                    ; --  ;
; WriteData_RF[18] ; Output   ; --            ; --            ; --                    ; --  ;
; WriteData_RF[19] ; Output   ; --            ; --            ; --                    ; --  ;
; WriteData_RF[20] ; Output   ; --            ; --            ; --                    ; --  ;
; WriteData_RF[21] ; Output   ; --            ; --            ; --                    ; --  ;
; WriteData_RF[22] ; Output   ; --            ; --            ; --                    ; --  ;
; WriteData_RF[23] ; Output   ; --            ; --            ; --                    ; --  ;
; WriteData_RF[24] ; Output   ; --            ; --            ; --                    ; --  ;
; WriteData_RF[25] ; Output   ; --            ; --            ; --                    ; --  ;
; WriteData_RF[26] ; Output   ; --            ; --            ; --                    ; --  ;
; WriteData_RF[27] ; Output   ; --            ; --            ; --                    ; --  ;
; WriteData_RF[28] ; Output   ; --            ; --            ; --                    ; --  ;
; WriteData_RF[29] ; Output   ; --            ; --            ; --                    ; --  ;
; WriteData_RF[30] ; Output   ; --            ; --            ; --                    ; --  ;
; WriteData_RF[31] ; Output   ; --            ; --            ; --                    ; --  ;
; zero             ; Output   ; --            ; --            ; --                    ; --  ;
; RAM_out[0]       ; Output   ; --            ; --            ; --                    ; --  ;
; RAM_out[1]       ; Output   ; --            ; --            ; --                    ; --  ;
; RAM_out[2]       ; Output   ; --            ; --            ; --                    ; --  ;
; RAM_out[3]       ; Output   ; --            ; --            ; --                    ; --  ;
; RAM_out[4]       ; Output   ; --            ; --            ; --                    ; --  ;
; RAM_out[5]       ; Output   ; --            ; --            ; --                    ; --  ;
; RAM_out[6]       ; Output   ; --            ; --            ; --                    ; --  ;
; RAM_out[7]       ; Output   ; --            ; --            ; --                    ; --  ;
; RAM_out[8]       ; Output   ; --            ; --            ; --                    ; --  ;
; RAM_out[9]       ; Output   ; --            ; --            ; --                    ; --  ;
; RAM_out[10]      ; Output   ; --            ; --            ; --                    ; --  ;
; RAM_out[11]      ; Output   ; --            ; --            ; --                    ; --  ;
; RAM_out[12]      ; Output   ; --            ; --            ; --                    ; --  ;
; RAM_out[13]      ; Output   ; --            ; --            ; --                    ; --  ;
; RAM_out[14]      ; Output   ; --            ; --            ; --                    ; --  ;
; RAM_out[15]      ; Output   ; --            ; --            ; --                    ; --  ;
; RAM_out[16]      ; Output   ; --            ; --            ; --                    ; --  ;
; RAM_out[17]      ; Output   ; --            ; --            ; --                    ; --  ;
; RAM_out[18]      ; Output   ; --            ; --            ; --                    ; --  ;
; RAM_out[19]      ; Output   ; --            ; --            ; --                    ; --  ;
; RAM_out[20]      ; Output   ; --            ; --            ; --                    ; --  ;
; RAM_out[21]      ; Output   ; --            ; --            ; --                    ; --  ;
; RAM_out[22]      ; Output   ; --            ; --            ; --                    ; --  ;
; RAM_out[23]      ; Output   ; --            ; --            ; --                    ; --  ;
; RAM_out[24]      ; Output   ; --            ; --            ; --                    ; --  ;
; RAM_out[25]      ; Output   ; --            ; --            ; --                    ; --  ;
; RAM_out[26]      ; Output   ; --            ; --            ; --                    ; --  ;
; RAM_out[27]      ; Output   ; --            ; --            ; --                    ; --  ;
; RAM_out[28]      ; Output   ; --            ; --            ; --                    ; --  ;
; RAM_out[29]      ; Output   ; --            ; --            ; --                    ; --  ;
; RAM_out[30]      ; Output   ; --            ; --            ; --                    ; --  ;
; RAM_out[31]      ; Output   ; --            ; --            ; --                    ; --  ;
; instruction[23]  ; Input    ; (6) 2514 ps   ; (6) 2514 ps   ; --                    ; --  ;
; instruction[24]  ; Input    ; (6) 2514 ps   ; (6) 2514 ps   ; --                    ; --  ;
; instruction[22]  ; Input    ; (6) 2514 ps   ; (6) 2514 ps   ; --                    ; --  ;
; instruction[21]  ; Input    ; (6) 2514 ps   ; (6) 2514 ps   ; --                    ; --  ;
; instruction[25]  ; Input    ; (6) 2514 ps   ; (6) 2514 ps   ; --                    ; --  ;
; instruction[26]  ; Input    ; (6) 2514 ps   ; (6) 2514 ps   ; --                    ; --  ;
; instruction[27]  ; Input    ; (6) 2514 ps   ; (6) 2514 ps   ; --                    ; --  ;
; instruction[28]  ; Input    ; (6) 2514 ps   ; (6) 2514 ps   ; --                    ; --  ;
; instruction[29]  ; Input    ; (6) 2514 ps   ; (6) 2514 ps   ; --                    ; --  ;
; instruction[30]  ; Input    ; (6) 2514 ps   ; (6) 2514 ps   ; --                    ; --  ;
; instruction[31]  ; Input    ; (6) 2514 ps   ; (6) 2514 ps   ; --                    ; --  ;
; instruction[18]  ; Input    ; (6) 2514 ps   ; (6) 2514 ps   ; --                    ; --  ;
; instruction[19]  ; Input    ; (6) 2514 ps   ; (6) 2514 ps   ; --                    ; --  ;
; instruction[17]  ; Input    ; (6) 2514 ps   ; (6) 2514 ps   ; --                    ; --  ;
; instruction[16]  ; Input    ; (6) 2514 ps   ; (6) 2514 ps   ; --                    ; --  ;
; instruction[0]   ; Input    ; (6) 2514 ps   ; (6) 2514 ps   ; --                    ; --  ;
; instruction[20]  ; Input    ; (6) 2514 ps   ; (6) 2514 ps   ; --                    ; --  ;
; instruction[1]   ; Input    ; (6) 2514 ps   ; (6) 2514 ps   ; --                    ; --  ;
; instruction[2]   ; Input    ; (6) 2523 ps   ; (6) 2523 ps   ; --                    ; --  ;
; instruction[3]   ; Input    ; (6) 2514 ps   ; (6) 2514 ps   ; --                    ; --  ;
; instruction[4]   ; Input    ; (6) 2523 ps   ; (6) 2523 ps   ; --                    ; --  ;
; instruction[5]   ; Input    ; (6) 2514 ps   ; (6) 2514 ps   ; --                    ; --  ;
; instruction[6]   ; Input    ; (6) 2514 ps   ; (6) 2514 ps   ; --                    ; --  ;
; instruction[7]   ; Input    ; (6) 2523 ps   ; (6) 2523 ps   ; --                    ; --  ;
; instruction[8]   ; Input    ; (6) 2523 ps   ; (6) 2523 ps   ; --                    ; --  ;
; instruction[9]   ; Input    ; (6) 2514 ps   ; (6) 2514 ps   ; --                    ; --  ;
; instruction[10]  ; Input    ; (6) 2523 ps   ; (6) 2523 ps   ; --                    ; --  ;
; instruction[11]  ; Input    ; (6) 2523 ps   ; (6) 2523 ps   ; --                    ; --  ;
; instruction[12]  ; Input    ; (6) 2514 ps   ; (6) 2514 ps   ; --                    ; --  ;
; instruction[13]  ; Input    ; (6) 2514 ps   ; (6) 2514 ps   ; --                    ; --  ;
; instruction[14]  ; Input    ; (6) 2514 ps   ; (6) 2514 ps   ; --                    ; --  ;
; instruction[15]  ; Input    ; (6) 2514 ps   ; (6) 2514 ps   ; --                    ; --  ;
; CLK              ; Input    ; (0) 171 ps    ; (0) 171 ps    ; --                    ; --  ;
+------------------+----------+---------------+---------------+-----------------------+-----+


+--------------------------------------------------------------------------+
; Pad To Core Delay Chain Fanout                                           ;
+--------------------------------------------+-------------------+---------+
; Source Pin / Fanout                        ; Pad To Core Index ; Setting ;
+--------------------------------------------+-------------------+---------+
; instruction[23]                            ;                   ;         ;
;      - Datapath:u1|RF:u1|RegisterFile~1028 ; 1                 ; 6       ;
;      - Datapath:u1|RF:u1|RegisterFile~1029 ; 1                 ; 6       ;
;      - Datapath:u1|RF:u1|RegisterFile~1030 ; 1                 ; 6       ;
;      - Datapath:u1|RF:u1|RegisterFile~1032 ; 1                 ; 6       ;
;      - Datapath:u1|RF:u1|RegisterFile~1033 ; 1                 ; 6       ;
;      - Datapath:u1|RF:u1|RegisterFile~1035 ; 1                 ; 6       ;
;      - Datapath:u1|RF:u1|RegisterFile~1044 ; 1                 ; 6       ;
;      - Datapath:u1|RF:u1|RegisterFile~1069 ; 1                 ; 6       ;
;      - Datapath:u1|RF:u1|RegisterFile~1070 ; 1                 ; 6       ;
;      - Datapath:u1|RF:u1|RegisterFile~1071 ; 1                 ; 6       ;
;      - Datapath:u1|RF:u1|RegisterFile~1073 ; 1                 ; 6       ;
;      - Datapath:u1|RF:u1|RegisterFile~1076 ; 1                 ; 6       ;
;      - Datapath:u1|RF:u1|RegisterFile~1077 ; 1                 ; 6       ;
;      - Datapath:u1|RF:u1|RegisterFile~1085 ; 1                 ; 6       ;
;      - Datapath:u1|RF:u1|RegisterFile~1088 ; 1                 ; 6       ;
;      - Datapath:u1|RF:u1|RegisterFile~1110 ; 1                 ; 6       ;
;      - Datapath:u1|RF:u1|RegisterFile~1111 ; 1                 ; 6       ;
;      - Datapath:u1|RF:u1|RegisterFile~1112 ; 1                 ; 6       ;
;      - Datapath:u1|RF:u1|RegisterFile~1114 ; 1                 ; 6       ;
;      - Datapath:u1|RF:u1|RegisterFile~1115 ; 1                 ; 6       ;
;      - Datapath:u1|RF:u1|RegisterFile~1117 ; 1                 ; 6       ;
;      - Datapath:u1|RF:u1|RegisterFile~1126 ; 1                 ; 6       ;
;      - Datapath:u1|RF:u1|RegisterFile~1151 ; 1                 ; 6       ;
;      - Datapath:u1|RF:u1|RegisterFile~1152 ; 1                 ; 6       ;
;      - Datapath:u1|RF:u1|RegisterFile~1153 ; 1                 ; 6       ;
;      - Datapath:u1|RF:u1|RegisterFile~1155 ; 1                 ; 6       ;
;      - Datapath:u1|RF:u1|RegisterFile~1158 ; 1                 ; 6       ;
;      - Datapath:u1|RF:u1|RegisterFile~1159 ; 1                 ; 6       ;
;      - Datapath:u1|RF:u1|RegisterFile~1167 ; 1                 ; 6       ;
;      - Datapath:u1|RF:u1|RegisterFile~1170 ; 1                 ; 6       ;
;      - Datapath:u1|RF:u1|RegisterFile~1192 ; 1                 ; 6       ;
;      - Datapath:u1|RF:u1|RegisterFile~1193 ; 1                 ; 6       ;
;      - Datapath:u1|RF:u1|RegisterFile~1194 ; 1                 ; 6       ;
;      - Datapath:u1|RF:u1|RegisterFile~1196 ; 1                 ; 6       ;
;      - Datapath:u1|RF:u1|RegisterFile~1197 ; 1                 ; 6       ;
;      - Datapath:u1|RF:u1|RegisterFile~1199 ; 1                 ; 6       ;
;      - Datapath:u1|RF:u1|RegisterFile~1208 ; 1                 ; 6       ;
;      - Datapath:u1|RF:u1|RegisterFile~1234 ; 1                 ; 6       ;
;      - Datapath:u1|RF:u1|RegisterFile~1235 ; 1                 ; 6       ;
;      - Datapath:u1|RF:u1|RegisterFile~1236 ; 1                 ; 6       ;
;      - Datapath:u1|RF:u1|RegisterFile~1238 ; 1                 ; 6       ;
;      - Datapath:u1|RF:u1|RegisterFile~1241 ; 1                 ; 6       ;
;      - Datapath:u1|RF:u1|RegisterFile~1242 ; 1                 ; 6       ;
;      - Datapath:u1|RF:u1|RegisterFile~1250 ; 1                 ; 6       ;
;      - Datapath:u1|RF:u1|RegisterFile~1253 ; 1                 ; 6       ;
;      - Datapath:u1|RF:u1|RegisterFile~1276 ; 1                 ; 6       ;
;      - Datapath:u1|RF:u1|RegisterFile~1277 ; 1                 ; 6       ;
;      - Datapath:u1|RF:u1|RegisterFile~1278 ; 1                 ; 6       ;
;      - Datapath:u1|RF:u1|RegisterFile~1280 ; 1                 ; 6       ;
;      - Datapath:u1|RF:u1|RegisterFile~1281 ; 1                 ; 6       ;
;      - Datapath:u1|RF:u1|RegisterFile~1283 ; 1                 ; 6       ;
;      - Datapath:u1|RF:u1|RegisterFile~1292 ; 1                 ; 6       ;
;      - Datapath:u1|RF:u1|RegisterFile~1318 ; 1                 ; 6       ;
;      - Datapath:u1|RF:u1|RegisterFile~1319 ; 1                 ; 6       ;
;      - Datapath:u1|RF:u1|RegisterFile~1320 ; 1                 ; 6       ;
;      - Datapath:u1|RF:u1|RegisterFile~1322 ; 1                 ; 6       ;
;      - Datapath:u1|RF:u1|RegisterFile~1325 ; 1                 ; 6       ;
;      - Datapath:u1|RF:u1|RegisterFile~1326 ; 1                 ; 6       ;
;      - Datapath:u1|RF:u1|RegisterFile~1334 ; 1                 ; 6       ;
;      - Datapath:u1|RF:u1|RegisterFile~1337 ; 1                 ; 6       ;
;      - Datapath:u1|RF:u1|RegisterFile~1360 ; 1                 ; 6       ;
;      - Datapath:u1|RF:u1|RegisterFile~1361 ; 1                 ; 6       ;
;      - Datapath:u1|RF:u1|RegisterFile~1362 ; 1                 ; 6       ;
;      - Datapath:u1|RF:u1|RegisterFile~1364 ; 1                 ; 6       ;
;      - Datapath:u1|RF:u1|RegisterFile~1365 ; 1                 ; 6       ;
;      - Datapath:u1|RF:u1|RegisterFile~1367 ; 1                 ; 6       ;
;      - Datapath:u1|RF:u1|RegisterFile~1376 ; 1                 ; 6       ;
;      - Datapath:u1|RF:u1|RegisterFile~1402 ; 1                 ; 6       ;
;      - Datapath:u1|RF:u1|RegisterFile~1403 ; 1                 ; 6       ;
;      - Datapath:u1|RF:u1|RegisterFile~1404 ; 1                 ; 6       ;
;      - Datapath:u1|RF:u1|RegisterFile~1406 ; 1                 ; 6       ;
;      - Datapath:u1|RF:u1|RegisterFile~1409 ; 1                 ; 6       ;
;      - Datapath:u1|RF:u1|RegisterFile~1410 ; 1                 ; 6       ;
;      - Datapath:u1|RF:u1|RegisterFile~1418 ; 1                 ; 6       ;
;      - Datapath:u1|RF:u1|RegisterFile~1421 ; 1                 ; 6       ;
;      - Datapath:u1|RF:u1|RegisterFile~1444 ; 1                 ; 6       ;
;      - Datapath:u1|RF:u1|RegisterFile~1445 ; 1                 ; 6       ;
;      - Datapath:u1|RF:u1|RegisterFile~1446 ; 1                 ; 6       ;
;      - Datapath:u1|RF:u1|RegisterFile~1448 ; 1                 ; 6       ;
;      - Datapath:u1|RF:u1|RegisterFile~1449 ; 1                 ; 6       ;
;      - Datapath:u1|RF:u1|RegisterFile~1451 ; 1                 ; 6       ;
;      - Datapath:u1|RF:u1|RegisterFile~1460 ; 1                 ; 6       ;
;      - Datapath:u1|RF:u1|RegisterFile~1486 ; 1                 ; 6       ;
;      - Datapath:u1|RF:u1|RegisterFile~1487 ; 1                 ; 6       ;
;      - Datapath:u1|RF:u1|RegisterFile~1488 ; 1                 ; 6       ;
;      - Datapath:u1|RF:u1|RegisterFile~1490 ; 1                 ; 6       ;
;      - Datapath:u1|RF:u1|RegisterFile~1493 ; 1                 ; 6       ;
;      - Datapath:u1|RF:u1|RegisterFile~1494 ; 1                 ; 6       ;
;      - Datapath:u1|RF:u1|RegisterFile~1502 ; 1                 ; 6       ;
;      - Datapath:u1|RF:u1|RegisterFile~1505 ; 1                 ; 6       ;
;      - Datapath:u1|RF:u1|RegisterFile~1528 ; 1                 ; 6       ;
;      - Datapath:u1|RF:u1|RegisterFile~1529 ; 1                 ; 6       ;
;      - Datapath:u1|RF:u1|RegisterFile~1530 ; 1                 ; 6       ;
;      - Datapath:u1|RF:u1|RegisterFile~1532 ; 1                 ; 6       ;
;      - Datapath:u1|RF:u1|RegisterFile~1533 ; 1                 ; 6       ;
;      - Datapath:u1|RF:u1|RegisterFile~1535 ; 1                 ; 6       ;
;      - Datapath:u1|RF:u1|RegisterFile~1544 ; 1                 ; 6       ;
;      - Datapath:u1|RF:u1|RegisterFile~1570 ; 1                 ; 6       ;
;      - Datapath:u1|RF:u1|RegisterFile~1571 ; 1                 ; 6       ;
;      - Datapath:u1|RF:u1|RegisterFile~1572 ; 1                 ; 6       ;
;      - Datapath:u1|RF:u1|RegisterFile~1574 ; 1                 ; 6       ;
;      - Datapath:u1|RF:u1|RegisterFile~1577 ; 1                 ; 6       ;
;      - Datapath:u1|RF:u1|RegisterFile~1578 ; 1                 ; 6       ;
;      - Datapath:u1|RF:u1|RegisterFile~1586 ; 1                 ; 6       ;
;      - Datapath:u1|RF:u1|RegisterFile~1589 ; 1                 ; 6       ;
;      - Datapath:u1|RF:u1|RegisterFile~1612 ; 1                 ; 6       ;
;      - Datapath:u1|RF:u1|RegisterFile~1613 ; 1                 ; 6       ;
;      - Datapath:u1|RF:u1|RegisterFile~1614 ; 1                 ; 6       ;
;      - Datapath:u1|RF:u1|RegisterFile~1616 ; 1                 ; 6       ;
;      - Datapath:u1|RF:u1|RegisterFile~1617 ; 1                 ; 6       ;
;      - Datapath:u1|RF:u1|RegisterFile~1619 ; 1                 ; 6       ;
;      - Datapath:u1|RF:u1|RegisterFile~1628 ; 1                 ; 6       ;
;      - Datapath:u1|RF:u1|RegisterFile~1654 ; 1                 ; 6       ;
;      - Datapath:u1|RF:u1|RegisterFile~1655 ; 1                 ; 6       ;
;      - Datapath:u1|RF:u1|RegisterFile~1656 ; 1                 ; 6       ;
;      - Datapath:u1|RF:u1|RegisterFile~1658 ; 1                 ; 6       ;
;      - Datapath:u1|RF:u1|RegisterFile~1661 ; 1                 ; 6       ;
;      - Datapath:u1|RF:u1|RegisterFile~1662 ; 1                 ; 6       ;
;      - Datapath:u1|RF:u1|RegisterFile~1670 ; 1                 ; 6       ;
;      - Datapath:u1|RF:u1|RegisterFile~1673 ; 1                 ; 6       ;
;      - Datapath:u1|RF:u1|RegisterFile~1696 ; 1                 ; 6       ;
;      - Datapath:u1|RF:u1|RegisterFile~1697 ; 1                 ; 6       ;
;      - Datapath:u1|RF:u1|RegisterFile~1698 ; 1                 ; 6       ;
;      - Datapath:u1|RF:u1|RegisterFile~1700 ; 1                 ; 6       ;
;      - Datapath:u1|RF:u1|RegisterFile~1701 ; 1                 ; 6       ;
;      - Datapath:u1|RF:u1|RegisterFile~1703 ; 1                 ; 6       ;
;      - Datapath:u1|RF:u1|RegisterFile~1712 ; 1                 ; 6       ;
;      - Datapath:u1|RF:u1|RegisterFile~1738 ; 1                 ; 6       ;
;      - Datapath:u1|RF:u1|RegisterFile~1739 ; 1                 ; 6       ;
;      - Datapath:u1|RF:u1|RegisterFile~1740 ; 1                 ; 6       ;
;      - Datapath:u1|RF:u1|RegisterFile~1742 ; 1                 ; 6       ;
;      - Datapath:u1|RF:u1|RegisterFile~1745 ; 1                 ; 6       ;
;      - Datapath:u1|RF:u1|RegisterFile~1746 ; 1                 ; 6       ;
;      - Datapath:u1|RF:u1|RegisterFile~1754 ; 1                 ; 6       ;
;      - Datapath:u1|RF:u1|RegisterFile~1757 ; 1                 ; 6       ;
;      - Datapath:u1|RF:u1|RegisterFile~1780 ; 1                 ; 6       ;
;      - Datapath:u1|RF:u1|RegisterFile~1781 ; 1                 ; 6       ;
;      - Datapath:u1|RF:u1|RegisterFile~1782 ; 1                 ; 6       ;
;      - Datapath:u1|RF:u1|RegisterFile~1784 ; 1                 ; 6       ;
;      - Datapath:u1|RF:u1|RegisterFile~1785 ; 1                 ; 6       ;
;      - Datapath:u1|RF:u1|RegisterFile~1787 ; 1                 ; 6       ;
;      - Datapath:u1|RF:u1|RegisterFile~1796 ; 1                 ; 6       ;
;      - Datapath:u1|RF:u1|RegisterFile~1822 ; 1                 ; 6       ;
;      - Datapath:u1|RF:u1|RegisterFile~1823 ; 1                 ; 6       ;
;      - Datapath:u1|RF:u1|RegisterFile~1824 ; 1                 ; 6       ;
;      - Datapath:u1|RF:u1|RegisterFile~1826 ; 1                 ; 6       ;
;      - Datapath:u1|RF:u1|RegisterFile~1829 ; 1                 ; 6       ;
;      - Datapath:u1|RF:u1|RegisterFile~1830 ; 1                 ; 6       ;
;      - Datapath:u1|RF:u1|RegisterFile~1838 ; 1                 ; 6       ;
;      - Datapath:u1|RF:u1|RegisterFile~1841 ; 1                 ; 6       ;
;      - Datapath:u1|RF:u1|RegisterFile~1864 ; 1                 ; 6       ;
;      - Datapath:u1|RF:u1|RegisterFile~1865 ; 1                 ; 6       ;
;      - Datapath:u1|RF:u1|RegisterFile~1866 ; 1                 ; 6       ;
;      - Datapath:u1|RF:u1|RegisterFile~1868 ; 1                 ; 6       ;
;      - Datapath:u1|RF:u1|RegisterFile~1869 ; 1                 ; 6       ;
;      - Datapath:u1|RF:u1|RegisterFile~1871 ; 1                 ; 6       ;
;      - Datapath:u1|RF:u1|RegisterFile~1880 ; 1                 ; 6       ;
;      - Datapath:u1|RF:u1|RegisterFile~1906 ; 1                 ; 6       ;
;      - Datapath:u1|RF:u1|RegisterFile~1907 ; 1                 ; 6       ;
;      - Datapath:u1|RF:u1|RegisterFile~1908 ; 1                 ; 6       ;
;      - Datapath:u1|RF:u1|RegisterFile~1910 ; 1                 ; 6       ;
;      - Datapath:u1|RF:u1|RegisterFile~1913 ; 1                 ; 6       ;
;      - Datapath:u1|RF:u1|RegisterFile~1914 ; 1                 ; 6       ;
;      - Datapath:u1|RF:u1|RegisterFile~1922 ; 1                 ; 6       ;
;      - Datapath:u1|RF:u1|RegisterFile~1925 ; 1                 ; 6       ;
;      - Datapath:u1|RF:u1|RegisterFile~1948 ; 1                 ; 6       ;
;      - Datapath:u1|RF:u1|RegisterFile~1949 ; 1                 ; 6       ;
;      - Datapath:u1|RF:u1|RegisterFile~1950 ; 1                 ; 6       ;
;      - Datapath:u1|RF:u1|RegisterFile~1952 ; 1                 ; 6       ;
;      - Datapath:u1|RF:u1|RegisterFile~1953 ; 1                 ; 6       ;
;      - Datapath:u1|RF:u1|RegisterFile~1955 ; 1                 ; 6       ;
;      - Datapath:u1|RF:u1|RegisterFile~1964 ; 1                 ; 6       ;
;      - Datapath:u1|RF:u1|RegisterFile~1990 ; 1                 ; 6       ;
;      - Datapath:u1|RF:u1|RegisterFile~1991 ; 1                 ; 6       ;
;      - Datapath:u1|RF:u1|RegisterFile~1992 ; 1                 ; 6       ;
;      - Datapath:u1|RF:u1|RegisterFile~1994 ; 1                 ; 6       ;
;      - Datapath:u1|RF:u1|RegisterFile~1997 ; 1                 ; 6       ;
;      - Datapath:u1|RF:u1|RegisterFile~1998 ; 1                 ; 6       ;
;      - Datapath:u1|RF:u1|RegisterFile~2006 ; 1                 ; 6       ;
;      - Datapath:u1|RF:u1|RegisterFile~2009 ; 1                 ; 6       ;
;      - Datapath:u1|RF:u1|RegisterFile~2032 ; 1                 ; 6       ;
;      - Datapath:u1|RF:u1|RegisterFile~2033 ; 1                 ; 6       ;
;      - Datapath:u1|RF:u1|RegisterFile~2034 ; 1                 ; 6       ;
;      - Datapath:u1|RF:u1|RegisterFile~2036 ; 1                 ; 6       ;
;      - Datapath:u1|RF:u1|RegisterFile~2037 ; 1                 ; 6       ;
;      - Datapath:u1|RF:u1|RegisterFile~2039 ; 1                 ; 6       ;
;      - Datapath:u1|RF:u1|RegisterFile~2048 ; 1                 ; 6       ;
;      - Datapath:u1|RF:u1|RegisterFile~2074 ; 1                 ; 6       ;
;      - Datapath:u1|RF:u1|RegisterFile~2075 ; 1                 ; 6       ;
;      - Datapath:u1|RF:u1|RegisterFile~2076 ; 1                 ; 6       ;
;      - Datapath:u1|RF:u1|RegisterFile~2078 ; 1                 ; 6       ;
;      - Datapath:u1|RF:u1|RegisterFile~2081 ; 1                 ; 6       ;
;      - Datapath:u1|RF:u1|RegisterFile~2082 ; 1                 ; 6       ;
;      - Datapath:u1|RF:u1|RegisterFile~2090 ; 1                 ; 6       ;
;      - Datapath:u1|RF:u1|RegisterFile~2093 ; 1                 ; 6       ;
;      - Datapath:u1|RF:u1|RegisterFile~2116 ; 1                 ; 6       ;
;      - Datapath:u1|RF:u1|RegisterFile~2117 ; 1                 ; 6       ;
;      - Datapath:u1|RF:u1|RegisterFile~2118 ; 1                 ; 6       ;
;      - Datapath:u1|RF:u1|RegisterFile~2120 ; 1                 ; 6       ;
;      - Datapath:u1|RF:u1|RegisterFile~2121 ; 1                 ; 6       ;
;      - Datapath:u1|RF:u1|RegisterFile~2123 ; 1                 ; 6       ;
;      - Datapath:u1|RF:u1|RegisterFile~2132 ; 1                 ; 6       ;
;      - Datapath:u1|RF:u1|RegisterFile~2158 ; 1                 ; 6       ;
;      - Datapath:u1|RF:u1|RegisterFile~2159 ; 1                 ; 6       ;
;      - Datapath:u1|RF:u1|RegisterFile~2160 ; 1                 ; 6       ;
;      - Datapath:u1|RF:u1|RegisterFile~2162 ; 1                 ; 6       ;
;      - Datapath:u1|RF:u1|RegisterFile~2165 ; 1                 ; 6       ;
;      - Datapath:u1|RF:u1|RegisterFile~2166 ; 1                 ; 6       ;
;      - Datapath:u1|RF:u1|RegisterFile~2174 ; 1                 ; 6       ;
;      - Datapath:u1|RF:u1|RegisterFile~2177 ; 1                 ; 6       ;
;      - Datapath:u1|RF:u1|RegisterFile~2200 ; 1                 ; 6       ;
;      - Datapath:u1|RF:u1|RegisterFile~2201 ; 1                 ; 6       ;
;      - Datapath:u1|RF:u1|RegisterFile~2202 ; 1                 ; 6       ;
;      - Datapath:u1|RF:u1|RegisterFile~2204 ; 1                 ; 6       ;
;      - Datapath:u1|RF:u1|RegisterFile~2205 ; 1                 ; 6       ;
;      - Datapath:u1|RF:u1|RegisterFile~2207 ; 1                 ; 6       ;
;      - Datapath:u1|RF:u1|RegisterFile~2216 ; 1                 ; 6       ;
;      - Datapath:u1|RF:u1|RegisterFile~2242 ; 1                 ; 6       ;
;      - Datapath:u1|RF:u1|RegisterFile~2243 ; 1                 ; 6       ;
;      - Datapath:u1|RF:u1|RegisterFile~2244 ; 1                 ; 6       ;
;      - Datapath:u1|RF:u1|RegisterFile~2246 ; 1                 ; 6       ;
;      - Datapath:u1|RF:u1|RegisterFile~2249 ; 1                 ; 6       ;
;      - Datapath:u1|RF:u1|RegisterFile~2250 ; 1                 ; 6       ;
;      - Datapath:u1|RF:u1|RegisterFile~2258 ; 1                 ; 6       ;
;      - Datapath:u1|RF:u1|RegisterFile~2261 ; 1                 ; 6       ;
;      - Datapath:u1|RF:u1|RegisterFile~2284 ; 1                 ; 6       ;
;      - Datapath:u1|RF:u1|RegisterFile~2285 ; 1                 ; 6       ;
;      - Datapath:u1|RF:u1|RegisterFile~2286 ; 1                 ; 6       ;
;      - Datapath:u1|RF:u1|RegisterFile~2288 ; 1                 ; 6       ;
;      - Datapath:u1|RF:u1|RegisterFile~2289 ; 1                 ; 6       ;
;      - Datapath:u1|RF:u1|RegisterFile~2291 ; 1                 ; 6       ;
;      - Datapath:u1|RF:u1|RegisterFile~2300 ; 1                 ; 6       ;
;      - Datapath:u1|RF:u1|RegisterFile~2326 ; 1                 ; 6       ;
;      - Datapath:u1|RF:u1|RegisterFile~2327 ; 1                 ; 6       ;
;      - Datapath:u1|RF:u1|RegisterFile~2328 ; 1                 ; 6       ;
;      - Datapath:u1|RF:u1|RegisterFile~2330 ; 1                 ; 6       ;
;      - Datapath:u1|RF:u1|RegisterFile~2333 ; 1                 ; 6       ;
;      - Datapath:u1|RF:u1|RegisterFile~2334 ; 1                 ; 6       ;
;      - Datapath:u1|RF:u1|RegisterFile~2342 ; 1                 ; 6       ;
;      - Datapath:u1|RF:u1|RegisterFile~2345 ; 1                 ; 6       ;
; instruction[24]                            ;                   ;         ;
;      - Datapath:u1|RF:u1|RegisterFile~1028 ; 0                 ; 6       ;
;      - Datapath:u1|RF:u1|RegisterFile~1030 ; 0                 ; 6       ;
;      - Datapath:u1|RF:u1|RegisterFile~1031 ; 0                 ; 6       ;
;      - Datapath:u1|RF:u1|RegisterFile~1032 ; 0                 ; 6       ;
;      - Datapath:u1|RF:u1|RegisterFile~1035 ; 0                 ; 6       ;
;      - Datapath:u1|RF:u1|RegisterFile~1036 ; 0                 ; 6       ;
;      - Datapath:u1|RF:u1|RegisterFile~1044 ; 0                 ; 6       ;
;      - Datapath:u1|RF:u1|RegisterFile~1047 ; 0                 ; 6       ;
;      - Datapath:u1|RF:u1|RegisterFile~1069 ; 0                 ; 6       ;
;      - Datapath:u1|RF:u1|RegisterFile~1071 ; 0                 ; 6       ;
;      - Datapath:u1|RF:u1|RegisterFile~1072 ; 0                 ; 6       ;
;      - Datapath:u1|RF:u1|RegisterFile~1073 ; 0                 ; 6       ;
;      - Datapath:u1|RF:u1|RegisterFile~1074 ; 0                 ; 6       ;
;      - Datapath:u1|RF:u1|RegisterFile~1076 ; 0                 ; 6       ;
;      - Datapath:u1|RF:u1|RegisterFile~1085 ; 0                 ; 6       ;
;      - Datapath:u1|RF:u1|RegisterFile~1110 ; 0                 ; 6       ;
;      - Datapath:u1|RF:u1|RegisterFile~1112 ; 0                 ; 6       ;
;      - Datapath:u1|RF:u1|RegisterFile~1113 ; 0                 ; 6       ;
;      - Datapath:u1|RF:u1|RegisterFile~1114 ; 0                 ; 6       ;
;      - Datapath:u1|RF:u1|RegisterFile~1117 ; 0                 ; 6       ;
;      - Datapath:u1|RF:u1|RegisterFile~1118 ; 0                 ; 6       ;
;      - Datapath:u1|RF:u1|RegisterFile~1126 ; 0                 ; 6       ;
;      - Datapath:u1|RF:u1|RegisterFile~1129 ; 0                 ; 6       ;
;      - Datapath:u1|RF:u1|RegisterFile~1151 ; 0                 ; 6       ;
;      - Datapath:u1|RF:u1|RegisterFile~1153 ; 0                 ; 6       ;
;      - Datapath:u1|RF:u1|RegisterFile~1154 ; 0                 ; 6       ;
;      - Datapath:u1|RF:u1|RegisterFile~1155 ; 0                 ; 6       ;
;      - Datapath:u1|RF:u1|RegisterFile~1156 ; 0                 ; 6       ;
;      - Datapath:u1|RF:u1|RegisterFile~1158 ; 0                 ; 6       ;
;      - Datapath:u1|RF:u1|RegisterFile~1167 ; 0                 ; 6       ;
;      - Datapath:u1|RF:u1|RegisterFile~1192 ; 0                 ; 6       ;
;      - Datapath:u1|RF:u1|RegisterFile~1194 ; 0                 ; 6       ;
;      - Datapath:u1|RF:u1|RegisterFile~1195 ; 0                 ; 6       ;
;      - Datapath:u1|RF:u1|RegisterFile~1196 ; 0                 ; 6       ;
;      - Datapath:u1|RF:u1|RegisterFile~1199 ; 0                 ; 6       ;
;      - Datapath:u1|RF:u1|RegisterFile~1200 ; 0                 ; 6       ;
;      - Datapath:u1|RF:u1|RegisterFile~1208 ; 0                 ; 6       ;
;      - Datapath:u1|RF:u1|RegisterFile~1211 ; 0                 ; 6       ;
;      - Datapath:u1|RF:u1|RegisterFile~1234 ; 0                 ; 6       ;
;      - Datapath:u1|RF:u1|RegisterFile~1236 ; 0                 ; 6       ;
;      - Datapath:u1|RF:u1|RegisterFile~1237 ; 0                 ; 6       ;
;      - Datapath:u1|RF:u1|RegisterFile~1238 ; 0                 ; 6       ;
;      - Datapath:u1|RF:u1|RegisterFile~1239 ; 0                 ; 6       ;
;      - Datapath:u1|RF:u1|RegisterFile~1241 ; 0                 ; 6       ;
;      - Datapath:u1|RF:u1|RegisterFile~1250 ; 0                 ; 6       ;
;      - Datapath:u1|RF:u1|RegisterFile~1276 ; 0                 ; 6       ;
;      - Datapath:u1|RF:u1|RegisterFile~1278 ; 0                 ; 6       ;
;      - Datapath:u1|RF:u1|RegisterFile~1279 ; 0                 ; 6       ;
;      - Datapath:u1|RF:u1|RegisterFile~1280 ; 0                 ; 6       ;
;      - Datapath:u1|RF:u1|RegisterFile~1283 ; 0                 ; 6       ;
;      - Datapath:u1|RF:u1|RegisterFile~1284 ; 0                 ; 6       ;
;      - Datapath:u1|RF:u1|RegisterFile~1292 ; 0                 ; 6       ;
;      - Datapath:u1|RF:u1|RegisterFile~1295 ; 0                 ; 6       ;
;      - Datapath:u1|RF:u1|RegisterFile~1318 ; 0                 ; 6       ;
;      - Datapath:u1|RF:u1|RegisterFile~1320 ; 0                 ; 6       ;
;      - Datapath:u1|RF:u1|RegisterFile~1321 ; 0                 ; 6       ;
;      - Datapath:u1|RF:u1|RegisterFile~1322 ; 0                 ; 6       ;
;      - Datapath:u1|RF:u1|RegisterFile~1323 ; 0                 ; 6       ;
;      - Datapath:u1|RF:u1|RegisterFile~1325 ; 0                 ; 6       ;
;      - Datapath:u1|RF:u1|RegisterFile~1334 ; 0                 ; 6       ;
;      - Datapath:u1|RF:u1|RegisterFile~1360 ; 0                 ; 6       ;
;      - Datapath:u1|RF:u1|RegisterFile~1362 ; 0                 ; 6       ;
;      - Datapath:u1|RF:u1|RegisterFile~1363 ; 0                 ; 6       ;
;      - Datapath:u1|RF:u1|RegisterFile~1364 ; 0                 ; 6       ;
;      - Datapath:u1|RF:u1|RegisterFile~1367 ; 0                 ; 6       ;
;      - Datapath:u1|RF:u1|RegisterFile~1368 ; 0                 ; 6       ;
;      - Datapath:u1|RF:u1|RegisterFile~1376 ; 0                 ; 6       ;
;      - Datapath:u1|RF:u1|RegisterFile~1379 ; 0                 ; 6       ;
;      - Datapath:u1|RF:u1|RegisterFile~1402 ; 0                 ; 6       ;
;      - Datapath:u1|RF:u1|RegisterFile~1404 ; 0                 ; 6       ;
;      - Datapath:u1|RF:u1|RegisterFile~1405 ; 0                 ; 6       ;
;      - Datapath:u1|RF:u1|RegisterFile~1406 ; 0                 ; 6       ;
;      - Datapath:u1|RF:u1|RegisterFile~1407 ; 0                 ; 6       ;
;      - Datapath:u1|RF:u1|RegisterFile~1409 ; 0                 ; 6       ;
;      - Datapath:u1|RF:u1|RegisterFile~1418 ; 0                 ; 6       ;
;      - Datapath:u1|RF:u1|RegisterFile~1444 ; 0                 ; 6       ;
;      - Datapath:u1|RF:u1|RegisterFile~1446 ; 0                 ; 6       ;
;      - Datapath:u1|RF:u1|RegisterFile~1447 ; 0                 ; 6       ;
;      - Datapath:u1|RF:u1|RegisterFile~1448 ; 0                 ; 6       ;
;      - Datapath:u1|RF:u1|RegisterFile~1451 ; 0                 ; 6       ;
;      - Datapath:u1|RF:u1|RegisterFile~1452 ; 0                 ; 6       ;
;      - Datapath:u1|RF:u1|RegisterFile~1460 ; 0                 ; 6       ;
;      - Datapath:u1|RF:u1|RegisterFile~1463 ; 0                 ; 6       ;
;      - Datapath:u1|RF:u1|RegisterFile~1486 ; 0                 ; 6       ;
;      - Datapath:u1|RF:u1|RegisterFile~1488 ; 0                 ; 6       ;
;      - Datapath:u1|RF:u1|RegisterFile~1489 ; 0                 ; 6       ;
;      - Datapath:u1|RF:u1|RegisterFile~1490 ; 0                 ; 6       ;
;      - Datapath:u1|RF:u1|RegisterFile~1491 ; 0                 ; 6       ;
;      - Datapath:u1|RF:u1|RegisterFile~1493 ; 0                 ; 6       ;
;      - Datapath:u1|RF:u1|RegisterFile~1502 ; 0                 ; 6       ;
;      - Datapath:u1|RF:u1|RegisterFile~1528 ; 0                 ; 6       ;
;      - Datapath:u1|RF:u1|RegisterFile~1530 ; 0                 ; 6       ;
;      - Datapath:u1|RF:u1|RegisterFile~1531 ; 0                 ; 6       ;
;      - Datapath:u1|RF:u1|RegisterFile~1532 ; 0                 ; 6       ;
;      - Datapath:u1|RF:u1|RegisterFile~1535 ; 0                 ; 6       ;
;      - Datapath:u1|RF:u1|RegisterFile~1536 ; 0                 ; 6       ;
;      - Datapath:u1|RF:u1|RegisterFile~1544 ; 0                 ; 6       ;
;      - Datapath:u1|RF:u1|RegisterFile~1547 ; 0                 ; 6       ;
;      - Datapath:u1|RF:u1|RegisterFile~1570 ; 0                 ; 6       ;
;      - Datapath:u1|RF:u1|RegisterFile~1572 ; 0                 ; 6       ;
;      - Datapath:u1|RF:u1|RegisterFile~1573 ; 0                 ; 6       ;
;      - Datapath:u1|RF:u1|RegisterFile~1574 ; 0                 ; 6       ;
;      - Datapath:u1|RF:u1|RegisterFile~1575 ; 0                 ; 6       ;
;      - Datapath:u1|RF:u1|RegisterFile~1577 ; 0                 ; 6       ;
;      - Datapath:u1|RF:u1|RegisterFile~1586 ; 0                 ; 6       ;
;      - Datapath:u1|RF:u1|RegisterFile~1612 ; 0                 ; 6       ;
;      - Datapath:u1|RF:u1|RegisterFile~1614 ; 0                 ; 6       ;
;      - Datapath:u1|RF:u1|RegisterFile~1615 ; 0                 ; 6       ;
;      - Datapath:u1|RF:u1|RegisterFile~1616 ; 0                 ; 6       ;
;      - Datapath:u1|RF:u1|RegisterFile~1619 ; 0                 ; 6       ;
;      - Datapath:u1|RF:u1|RegisterFile~1620 ; 0                 ; 6       ;
;      - Datapath:u1|RF:u1|RegisterFile~1628 ; 0                 ; 6       ;
;      - Datapath:u1|RF:u1|RegisterFile~1631 ; 0                 ; 6       ;
;      - Datapath:u1|RF:u1|RegisterFile~1654 ; 0                 ; 6       ;
;      - Datapath:u1|RF:u1|RegisterFile~1656 ; 0                 ; 6       ;
;      - Datapath:u1|RF:u1|RegisterFile~1657 ; 0                 ; 6       ;
;      - Datapath:u1|RF:u1|RegisterFile~1658 ; 0                 ; 6       ;
;      - Datapath:u1|RF:u1|RegisterFile~1659 ; 0                 ; 6       ;
;      - Datapath:u1|RF:u1|RegisterFile~1661 ; 0                 ; 6       ;
;      - Datapath:u1|RF:u1|RegisterFile~1670 ; 0                 ; 6       ;
;      - Datapath:u1|RF:u1|RegisterFile~1696 ; 0                 ; 6       ;
;      - Datapath:u1|RF:u1|RegisterFile~1698 ; 0                 ; 6       ;
;      - Datapath:u1|RF:u1|RegisterFile~1699 ; 0                 ; 6       ;
;      - Datapath:u1|RF:u1|RegisterFile~1700 ; 0                 ; 6       ;
;      - Datapath:u1|RF:u1|RegisterFile~1703 ; 0                 ; 6       ;
;      - Datapath:u1|RF:u1|RegisterFile~1704 ; 0                 ; 6       ;
;      - Datapath:u1|RF:u1|RegisterFile~1712 ; 0                 ; 6       ;
;      - Datapath:u1|RF:u1|RegisterFile~1715 ; 0                 ; 6       ;
;      - Datapath:u1|RF:u1|RegisterFile~1738 ; 0                 ; 6       ;
;      - Datapath:u1|RF:u1|RegisterFile~1740 ; 0                 ; 6       ;
;      - Datapath:u1|RF:u1|RegisterFile~1741 ; 0                 ; 6       ;
;      - Datapath:u1|RF:u1|RegisterFile~1742 ; 0                 ; 6       ;
;      - Datapath:u1|RF:u1|RegisterFile~1743 ; 0                 ; 6       ;
;      - Datapath:u1|RF:u1|RegisterFile~1745 ; 0                 ; 6       ;
;      - Datapath:u1|RF:u1|RegisterFile~1754 ; 0                 ; 6       ;
;      - Datapath:u1|RF:u1|RegisterFile~1780 ; 0                 ; 6       ;
;      - Datapath:u1|RF:u1|RegisterFile~1782 ; 0                 ; 6       ;
;      - Datapath:u1|RF:u1|RegisterFile~1783 ; 0                 ; 6       ;
;      - Datapath:u1|RF:u1|RegisterFile~1784 ; 0                 ; 6       ;
;      - Datapath:u1|RF:u1|RegisterFile~1787 ; 0                 ; 6       ;
;      - Datapath:u1|RF:u1|RegisterFile~1788 ; 0                 ; 6       ;
;      - Datapath:u1|RF:u1|RegisterFile~1796 ; 0                 ; 6       ;
;      - Datapath:u1|RF:u1|RegisterFile~1799 ; 0                 ; 6       ;
;      - Datapath:u1|RF:u1|RegisterFile~1822 ; 0                 ; 6       ;
;      - Datapath:u1|RF:u1|RegisterFile~1824 ; 0                 ; 6       ;
;      - Datapath:u1|RF:u1|RegisterFile~1825 ; 0                 ; 6       ;
;      - Datapath:u1|RF:u1|RegisterFile~1826 ; 0                 ; 6       ;
;      - Datapath:u1|RF:u1|RegisterFile~1827 ; 0                 ; 6       ;
;      - Datapath:u1|RF:u1|RegisterFile~1829 ; 0                 ; 6       ;
;      - Datapath:u1|RF:u1|RegisterFile~1838 ; 0                 ; 6       ;
;      - Datapath:u1|RF:u1|RegisterFile~1864 ; 0                 ; 6       ;
;      - Datapath:u1|RF:u1|RegisterFile~1866 ; 0                 ; 6       ;
;      - Datapath:u1|RF:u1|RegisterFile~1867 ; 0                 ; 6       ;
;      - Datapath:u1|RF:u1|RegisterFile~1868 ; 0                 ; 6       ;
;      - Datapath:u1|RF:u1|RegisterFile~1871 ; 0                 ; 6       ;
;      - Datapath:u1|RF:u1|RegisterFile~1872 ; 0                 ; 6       ;
;      - Datapath:u1|RF:u1|RegisterFile~1880 ; 0                 ; 6       ;
;      - Datapath:u1|RF:u1|RegisterFile~1883 ; 0                 ; 6       ;
;      - Datapath:u1|RF:u1|RegisterFile~1906 ; 0                 ; 6       ;
;      - Datapath:u1|RF:u1|RegisterFile~1908 ; 0                 ; 6       ;
;      - Datapath:u1|RF:u1|RegisterFile~1909 ; 0                 ; 6       ;
;      - Datapath:u1|RF:u1|RegisterFile~1910 ; 0                 ; 6       ;
;      - Datapath:u1|RF:u1|RegisterFile~1911 ; 0                 ; 6       ;
;      - Datapath:u1|RF:u1|RegisterFile~1913 ; 0                 ; 6       ;
;      - Datapath:u1|RF:u1|RegisterFile~1922 ; 0                 ; 6       ;
;      - Datapath:u1|RF:u1|RegisterFile~1948 ; 0                 ; 6       ;
;      - Datapath:u1|RF:u1|RegisterFile~1950 ; 0                 ; 6       ;
;      - Datapath:u1|RF:u1|RegisterFile~1951 ; 0                 ; 6       ;
;      - Datapath:u1|RF:u1|RegisterFile~1952 ; 0                 ; 6       ;
;      - Datapath:u1|RF:u1|RegisterFile~1955 ; 0                 ; 6       ;
;      - Datapath:u1|RF:u1|RegisterFile~1956 ; 0                 ; 6       ;
;      - Datapath:u1|RF:u1|RegisterFile~1964 ; 0                 ; 6       ;
;      - Datapath:u1|RF:u1|RegisterFile~1967 ; 0                 ; 6       ;
;      - Datapath:u1|RF:u1|RegisterFile~1990 ; 0                 ; 6       ;
;      - Datapath:u1|RF:u1|RegisterFile~1992 ; 0                 ; 6       ;
;      - Datapath:u1|RF:u1|RegisterFile~1993 ; 0                 ; 6       ;
;      - Datapath:u1|RF:u1|RegisterFile~1994 ; 0                 ; 6       ;
;      - Datapath:u1|RF:u1|RegisterFile~1995 ; 0                 ; 6       ;
;      - Datapath:u1|RF:u1|RegisterFile~1997 ; 0                 ; 6       ;
;      - Datapath:u1|RF:u1|RegisterFile~2006 ; 0                 ; 6       ;
;      - Datapath:u1|RF:u1|RegisterFile~2032 ; 0                 ; 6       ;
;      - Datapath:u1|RF:u1|RegisterFile~2034 ; 0                 ; 6       ;
;      - Datapath:u1|RF:u1|RegisterFile~2035 ; 0                 ; 6       ;
;      - Datapath:u1|RF:u1|RegisterFile~2036 ; 0                 ; 6       ;
;      - Datapath:u1|RF:u1|RegisterFile~2039 ; 0                 ; 6       ;
;      - Datapath:u1|RF:u1|RegisterFile~2040 ; 0                 ; 6       ;
;      - Datapath:u1|RF:u1|RegisterFile~2048 ; 0                 ; 6       ;
;      - Datapath:u1|RF:u1|RegisterFile~2051 ; 0                 ; 6       ;
;      - Datapath:u1|RF:u1|RegisterFile~2074 ; 0                 ; 6       ;
;      - Datapath:u1|RF:u1|RegisterFile~2076 ; 0                 ; 6       ;
;      - Datapath:u1|RF:u1|RegisterFile~2077 ; 0                 ; 6       ;
;      - Datapath:u1|RF:u1|RegisterFile~2078 ; 0                 ; 6       ;
;      - Datapath:u1|RF:u1|RegisterFile~2079 ; 0                 ; 6       ;
;      - Datapath:u1|RF:u1|RegisterFile~2081 ; 0                 ; 6       ;
;      - Datapath:u1|RF:u1|RegisterFile~2090 ; 0                 ; 6       ;
;      - Datapath:u1|RF:u1|RegisterFile~2116 ; 0                 ; 6       ;
;      - Datapath:u1|RF:u1|RegisterFile~2118 ; 0                 ; 6       ;
;      - Datapath:u1|RF:u1|RegisterFile~2119 ; 0                 ; 6       ;
;      - Datapath:u1|RF:u1|RegisterFile~2120 ; 0                 ; 6       ;
;      - Datapath:u1|RF:u1|RegisterFile~2123 ; 0                 ; 6       ;
;      - Datapath:u1|RF:u1|RegisterFile~2124 ; 0                 ; 6       ;
;      - Datapath:u1|RF:u1|RegisterFile~2132 ; 0                 ; 6       ;
;      - Datapath:u1|RF:u1|RegisterFile~2135 ; 0                 ; 6       ;
;      - Datapath:u1|RF:u1|RegisterFile~2158 ; 0                 ; 6       ;
;      - Datapath:u1|RF:u1|RegisterFile~2160 ; 0                 ; 6       ;
;      - Datapath:u1|RF:u1|RegisterFile~2161 ; 0                 ; 6       ;
;      - Datapath:u1|RF:u1|RegisterFile~2162 ; 0                 ; 6       ;
;      - Datapath:u1|RF:u1|RegisterFile~2163 ; 0                 ; 6       ;
;      - Datapath:u1|RF:u1|RegisterFile~2165 ; 0                 ; 6       ;
;      - Datapath:u1|RF:u1|RegisterFile~2174 ; 0                 ; 6       ;
;      - Datapath:u1|RF:u1|RegisterFile~2200 ; 0                 ; 6       ;
;      - Datapath:u1|RF:u1|RegisterFile~2202 ; 0                 ; 6       ;
;      - Datapath:u1|RF:u1|RegisterFile~2203 ; 0                 ; 6       ;
;      - Datapath:u1|RF:u1|RegisterFile~2204 ; 0                 ; 6       ;
;      - Datapath:u1|RF:u1|RegisterFile~2207 ; 0                 ; 6       ;
;      - Datapath:u1|RF:u1|RegisterFile~2208 ; 0                 ; 6       ;
;      - Datapath:u1|RF:u1|RegisterFile~2216 ; 0                 ; 6       ;
;      - Datapath:u1|RF:u1|RegisterFile~2219 ; 0                 ; 6       ;
;      - Datapath:u1|RF:u1|RegisterFile~2242 ; 0                 ; 6       ;
;      - Datapath:u1|RF:u1|RegisterFile~2244 ; 0                 ; 6       ;
;      - Datapath:u1|RF:u1|RegisterFile~2245 ; 0                 ; 6       ;
;      - Datapath:u1|RF:u1|RegisterFile~2246 ; 0                 ; 6       ;
;      - Datapath:u1|RF:u1|RegisterFile~2247 ; 0                 ; 6       ;
;      - Datapath:u1|RF:u1|RegisterFile~2249 ; 0                 ; 6       ;
;      - Datapath:u1|RF:u1|RegisterFile~2258 ; 0                 ; 6       ;
;      - Datapath:u1|RF:u1|RegisterFile~2284 ; 0                 ; 6       ;
;      - Datapath:u1|RF:u1|RegisterFile~2286 ; 0                 ; 6       ;
;      - Datapath:u1|RF:u1|RegisterFile~2287 ; 0                 ; 6       ;
;      - Datapath:u1|RF:u1|RegisterFile~2288 ; 0                 ; 6       ;
;      - Datapath:u1|RF:u1|RegisterFile~2291 ; 0                 ; 6       ;
;      - Datapath:u1|RF:u1|RegisterFile~2292 ; 0                 ; 6       ;
;      - Datapath:u1|RF:u1|RegisterFile~2300 ; 0                 ; 6       ;
;      - Datapath:u1|RF:u1|RegisterFile~2303 ; 0                 ; 6       ;
;      - Datapath:u1|RF:u1|RegisterFile~2326 ; 0                 ; 6       ;
;      - Datapath:u1|RF:u1|RegisterFile~2328 ; 0                 ; 6       ;
;      - Datapath:u1|RF:u1|RegisterFile~2329 ; 0                 ; 6       ;
;      - Datapath:u1|RF:u1|RegisterFile~2330 ; 0                 ; 6       ;
;      - Datapath:u1|RF:u1|RegisterFile~2331 ; 0                 ; 6       ;
;      - Datapath:u1|RF:u1|RegisterFile~2333 ; 0                 ; 6       ;
;      - Datapath:u1|RF:u1|RegisterFile~2342 ; 0                 ; 6       ;
; instruction[22]                            ;                   ;         ;
;      - Datapath:u1|RF:u1|RegisterFile~1034 ; 0                 ; 6       ;
;      - Datapath:u1|RF:u1|RegisterFile~1037 ; 0                 ; 6       ;
;      - Datapath:u1|RF:u1|RegisterFile~1038 ; 0                 ; 6       ;
;      - Datapath:u1|RF:u1|RegisterFile~1039 ; 0                 ; 6       ;
;      - Datapath:u1|RF:u1|RegisterFile~1040 ; 0                 ; 6       ;
;      - Datapath:u1|RF:u1|RegisterFile~1042 ; 0                 ; 6       ;
;      - Datapath:u1|RF:u1|RegisterFile~1043 ; 0                 ; 6       ;
;      - Datapath:u1|RF:u1|RegisterFile~1045 ; 0                 ; 6       ;
;      - Datapath:u1|RF:u1|RegisterFile~1075 ; 0                 ; 6       ;
;      - Datapath:u1|RF:u1|RegisterFile~1079 ; 0                 ; 6       ;
;      - Datapath:u1|RF:u1|RegisterFile~1080 ; 0                 ; 6       ;
;      - Datapath:u1|RF:u1|RegisterFile~1081 ; 0                 ; 6       ;
;      - Datapath:u1|RF:u1|RegisterFile~1083 ; 0                 ; 6       ;
;      - Datapath:u1|RF:u1|RegisterFile~1086 ; 0                 ; 6       ;
;      - Datapath:u1|RF:u1|RegisterFile~1087 ; 0                 ; 6       ;
;      - Datapath:u1|RF:u1|RegisterFile~1116 ; 0                 ; 6       ;
;      - Datapath:u1|RF:u1|RegisterFile~1119 ; 0                 ; 6       ;
;      - Datapath:u1|RF:u1|RegisterFile~1120 ; 0                 ; 6       ;
;      - Datapath:u1|RF:u1|RegisterFile~1121 ; 0                 ; 6       ;
;      - Datapath:u1|RF:u1|RegisterFile~1122 ; 0                 ; 6       ;
;      - Datapath:u1|RF:u1|RegisterFile~1124 ; 0                 ; 6       ;
;      - Datapath:u1|RF:u1|RegisterFile~1125 ; 0                 ; 6       ;
;      - Datapath:u1|RF:u1|RegisterFile~1127 ; 0                 ; 6       ;
;      - Datapath:u1|RF:u1|RegisterFile~1157 ; 0                 ; 6       ;
;      - Datapath:u1|RF:u1|RegisterFile~1161 ; 0                 ; 6       ;
;      - Datapath:u1|RF:u1|RegisterFile~1162 ; 0                 ; 6       ;
;      - Datapath:u1|RF:u1|RegisterFile~1163 ; 0                 ; 6       ;
;      - Datapath:u1|RF:u1|RegisterFile~1165 ; 0                 ; 6       ;
;      - Datapath:u1|RF:u1|RegisterFile~1168 ; 0                 ; 6       ;
;      - Datapath:u1|RF:u1|RegisterFile~1169 ; 0                 ; 6       ;
;      - Datapath:u1|RF:u1|RegisterFile~1198 ; 0                 ; 6       ;
;      - Datapath:u1|RF:u1|RegisterFile~1201 ; 0                 ; 6       ;
;      - Datapath:u1|RF:u1|RegisterFile~1202 ; 0                 ; 6       ;
;      - Datapath:u1|RF:u1|RegisterFile~1203 ; 0                 ; 6       ;
;      - Datapath:u1|RF:u1|RegisterFile~1204 ; 0                 ; 6       ;
;      - Datapath:u1|RF:u1|RegisterFile~1206 ; 0                 ; 6       ;
;      - Datapath:u1|RF:u1|RegisterFile~1207 ; 0                 ; 6       ;
;      - Datapath:u1|RF:u1|RegisterFile~1209 ; 0                 ; 6       ;
;      - Datapath:u1|RF:u1|RegisterFile~1240 ; 0                 ; 6       ;
;      - Datapath:u1|RF:u1|RegisterFile~1244 ; 0                 ; 6       ;
;      - Datapath:u1|RF:u1|RegisterFile~1245 ; 0                 ; 6       ;
;      - Datapath:u1|RF:u1|RegisterFile~1246 ; 0                 ; 6       ;
;      - Datapath:u1|RF:u1|RegisterFile~1248 ; 0                 ; 6       ;
;      - Datapath:u1|RF:u1|RegisterFile~1251 ; 0                 ; 6       ;
;      - Datapath:u1|RF:u1|RegisterFile~1252 ; 0                 ; 6       ;
;      - Datapath:u1|RF:u1|RegisterFile~1282 ; 0                 ; 6       ;
;      - Datapath:u1|RF:u1|RegisterFile~1285 ; 0                 ; 6       ;
;      - Datapath:u1|RF:u1|RegisterFile~1286 ; 0                 ; 6       ;
;      - Datapath:u1|RF:u1|RegisterFile~1287 ; 0                 ; 6       ;
;      - Datapath:u1|RF:u1|RegisterFile~1288 ; 0                 ; 6       ;
;      - Datapath:u1|RF:u1|RegisterFile~1290 ; 0                 ; 6       ;
;      - Datapath:u1|RF:u1|RegisterFile~1291 ; 0                 ; 6       ;
;      - Datapath:u1|RF:u1|RegisterFile~1293 ; 0                 ; 6       ;
;      - Datapath:u1|RF:u1|RegisterFile~1324 ; 0                 ; 6       ;
;      - Datapath:u1|RF:u1|RegisterFile~1328 ; 0                 ; 6       ;
;      - Datapath:u1|RF:u1|RegisterFile~1329 ; 0                 ; 6       ;
;      - Datapath:u1|RF:u1|RegisterFile~1330 ; 0                 ; 6       ;
;      - Datapath:u1|RF:u1|RegisterFile~1332 ; 0                 ; 6       ;
;      - Datapath:u1|RF:u1|RegisterFile~1335 ; 0                 ; 6       ;
;      - Datapath:u1|RF:u1|RegisterFile~1336 ; 0                 ; 6       ;
;      - Datapath:u1|RF:u1|RegisterFile~1366 ; 0                 ; 6       ;
;      - Datapath:u1|RF:u1|RegisterFile~1369 ; 0                 ; 6       ;
;      - Datapath:u1|RF:u1|RegisterFile~1370 ; 0                 ; 6       ;
;      - Datapath:u1|RF:u1|RegisterFile~1371 ; 0                 ; 6       ;
;      - Datapath:u1|RF:u1|RegisterFile~1372 ; 0                 ; 6       ;
;      - Datapath:u1|RF:u1|RegisterFile~1374 ; 0                 ; 6       ;
;      - Datapath:u1|RF:u1|RegisterFile~1375 ; 0                 ; 6       ;
;      - Datapath:u1|RF:u1|RegisterFile~1377 ; 0                 ; 6       ;
;      - Datapath:u1|RF:u1|RegisterFile~1408 ; 0                 ; 6       ;
;      - Datapath:u1|RF:u1|RegisterFile~1412 ; 0                 ; 6       ;
;      - Datapath:u1|RF:u1|RegisterFile~1413 ; 0                 ; 6       ;
;      - Datapath:u1|RF:u1|RegisterFile~1414 ; 0                 ; 6       ;
;      - Datapath:u1|RF:u1|RegisterFile~1416 ; 0                 ; 6       ;
;      - Datapath:u1|RF:u1|RegisterFile~1419 ; 0                 ; 6       ;
;      - Datapath:u1|RF:u1|RegisterFile~1420 ; 0                 ; 6       ;
;      - Datapath:u1|RF:u1|RegisterFile~1450 ; 0                 ; 6       ;
;      - Datapath:u1|RF:u1|RegisterFile~1453 ; 0                 ; 6       ;
;      - Datapath:u1|RF:u1|RegisterFile~1454 ; 0                 ; 6       ;
;      - Datapath:u1|RF:u1|RegisterFile~1455 ; 0                 ; 6       ;
;      - Datapath:u1|RF:u1|RegisterFile~1456 ; 0                 ; 6       ;
;      - Datapath:u1|RF:u1|RegisterFile~1458 ; 0                 ; 6       ;
;      - Datapath:u1|RF:u1|RegisterFile~1459 ; 0                 ; 6       ;
;      - Datapath:u1|RF:u1|RegisterFile~1461 ; 0                 ; 6       ;
;      - Datapath:u1|RF:u1|RegisterFile~1492 ; 0                 ; 6       ;
;      - Datapath:u1|RF:u1|RegisterFile~1496 ; 0                 ; 6       ;
;      - Datapath:u1|RF:u1|RegisterFile~1497 ; 0                 ; 6       ;
;      - Datapath:u1|RF:u1|RegisterFile~1498 ; 0                 ; 6       ;
;      - Datapath:u1|RF:u1|RegisterFile~1500 ; 0                 ; 6       ;
;      - Datapath:u1|RF:u1|RegisterFile~1503 ; 0                 ; 6       ;
;      - Datapath:u1|RF:u1|RegisterFile~1504 ; 0                 ; 6       ;
;      - Datapath:u1|RF:u1|RegisterFile~1534 ; 0                 ; 6       ;
;      - Datapath:u1|RF:u1|RegisterFile~1537 ; 0                 ; 6       ;
;      - Datapath:u1|RF:u1|RegisterFile~1538 ; 0                 ; 6       ;
;      - Datapath:u1|RF:u1|RegisterFile~1539 ; 0                 ; 6       ;
;      - Datapath:u1|RF:u1|RegisterFile~1540 ; 0                 ; 6       ;
;      - Datapath:u1|RF:u1|RegisterFile~1542 ; 0                 ; 6       ;
;      - Datapath:u1|RF:u1|RegisterFile~1543 ; 0                 ; 6       ;
;      - Datapath:u1|RF:u1|RegisterFile~1545 ; 0                 ; 6       ;
;      - Datapath:u1|RF:u1|RegisterFile~1576 ; 0                 ; 6       ;
;      - Datapath:u1|RF:u1|RegisterFile~1580 ; 0                 ; 6       ;
;      - Datapath:u1|RF:u1|RegisterFile~1581 ; 0                 ; 6       ;
;      - Datapath:u1|RF:u1|RegisterFile~1582 ; 0                 ; 6       ;
;      - Datapath:u1|RF:u1|RegisterFile~1584 ; 0                 ; 6       ;
;      - Datapath:u1|RF:u1|RegisterFile~1587 ; 0                 ; 6       ;
;      - Datapath:u1|RF:u1|RegisterFile~1588 ; 0                 ; 6       ;
;      - Datapath:u1|RF:u1|RegisterFile~1618 ; 0                 ; 6       ;
;      - Datapath:u1|RF:u1|RegisterFile~1621 ; 0                 ; 6       ;
;      - Datapath:u1|RF:u1|RegisterFile~1622 ; 0                 ; 6       ;
;      - Datapath:u1|RF:u1|RegisterFile~1623 ; 0                 ; 6       ;
;      - Datapath:u1|RF:u1|RegisterFile~1624 ; 0                 ; 6       ;
;      - Datapath:u1|RF:u1|RegisterFile~1626 ; 0                 ; 6       ;
;      - Datapath:u1|RF:u1|RegisterFile~1627 ; 0                 ; 6       ;
;      - Datapath:u1|RF:u1|RegisterFile~1629 ; 0                 ; 6       ;
;      - Datapath:u1|RF:u1|RegisterFile~1660 ; 0                 ; 6       ;
;      - Datapath:u1|RF:u1|RegisterFile~1664 ; 0                 ; 6       ;
;      - Datapath:u1|RF:u1|RegisterFile~1665 ; 0                 ; 6       ;
;      - Datapath:u1|RF:u1|RegisterFile~1666 ; 0                 ; 6       ;
;      - Datapath:u1|RF:u1|RegisterFile~1668 ; 0                 ; 6       ;
;      - Datapath:u1|RF:u1|RegisterFile~1671 ; 0                 ; 6       ;
;      - Datapath:u1|RF:u1|RegisterFile~1672 ; 0                 ; 6       ;
;      - Datapath:u1|RF:u1|RegisterFile~1702 ; 0                 ; 6       ;
;      - Datapath:u1|RF:u1|RegisterFile~1705 ; 0                 ; 6       ;
;      - Datapath:u1|RF:u1|RegisterFile~1706 ; 0                 ; 6       ;
;      - Datapath:u1|RF:u1|RegisterFile~1707 ; 0                 ; 6       ;
;      - Datapath:u1|RF:u1|RegisterFile~1708 ; 0                 ; 6       ;
;      - Datapath:u1|RF:u1|RegisterFile~1710 ; 0                 ; 6       ;
;      - Datapath:u1|RF:u1|RegisterFile~1711 ; 0                 ; 6       ;
;      - Datapath:u1|RF:u1|RegisterFile~1713 ; 0                 ; 6       ;
;      - Datapath:u1|RF:u1|RegisterFile~1744 ; 0                 ; 6       ;
;      - Datapath:u1|RF:u1|RegisterFile~1748 ; 0                 ; 6       ;
;      - Datapath:u1|RF:u1|RegisterFile~1749 ; 0                 ; 6       ;
;      - Datapath:u1|RF:u1|RegisterFile~1750 ; 0                 ; 6       ;
;      - Datapath:u1|RF:u1|RegisterFile~1752 ; 0                 ; 6       ;
;      - Datapath:u1|RF:u1|RegisterFile~1755 ; 0                 ; 6       ;
;      - Datapath:u1|RF:u1|RegisterFile~1756 ; 0                 ; 6       ;
;      - Datapath:u1|RF:u1|RegisterFile~1786 ; 0                 ; 6       ;
;      - Datapath:u1|RF:u1|RegisterFile~1789 ; 0                 ; 6       ;
;      - Datapath:u1|RF:u1|RegisterFile~1790 ; 0                 ; 6       ;
;      - Datapath:u1|RF:u1|RegisterFile~1791 ; 0                 ; 6       ;
;      - Datapath:u1|RF:u1|RegisterFile~1792 ; 0                 ; 6       ;
;      - Datapath:u1|RF:u1|RegisterFile~1794 ; 0                 ; 6       ;
;      - Datapath:u1|RF:u1|RegisterFile~1795 ; 0                 ; 6       ;
;      - Datapath:u1|RF:u1|RegisterFile~1797 ; 0                 ; 6       ;
;      - Datapath:u1|RF:u1|RegisterFile~1828 ; 0                 ; 6       ;
;      - Datapath:u1|RF:u1|RegisterFile~1832 ; 0                 ; 6       ;
;      - Datapath:u1|RF:u1|RegisterFile~1833 ; 0                 ; 6       ;
;      - Datapath:u1|RF:u1|RegisterFile~1834 ; 0                 ; 6       ;
;      - Datapath:u1|RF:u1|RegisterFile~1836 ; 0                 ; 6       ;
;      - Datapath:u1|RF:u1|RegisterFile~1839 ; 0                 ; 6       ;
;      - Datapath:u1|RF:u1|RegisterFile~1840 ; 0                 ; 6       ;
;      - Datapath:u1|RF:u1|RegisterFile~1870 ; 0                 ; 6       ;
;      - Datapath:u1|RF:u1|RegisterFile~1873 ; 0                 ; 6       ;
;      - Datapath:u1|RF:u1|RegisterFile~1874 ; 0                 ; 6       ;
;      - Datapath:u1|RF:u1|RegisterFile~1875 ; 0                 ; 6       ;
;      - Datapath:u1|RF:u1|RegisterFile~1876 ; 0                 ; 6       ;
;      - Datapath:u1|RF:u1|RegisterFile~1878 ; 0                 ; 6       ;
;      - Datapath:u1|RF:u1|RegisterFile~1879 ; 0                 ; 6       ;
;      - Datapath:u1|RF:u1|RegisterFile~1881 ; 0                 ; 6       ;
;      - Datapath:u1|RF:u1|RegisterFile~1912 ; 0                 ; 6       ;
;      - Datapath:u1|RF:u1|RegisterFile~1916 ; 0                 ; 6       ;
;      - Datapath:u1|RF:u1|RegisterFile~1917 ; 0                 ; 6       ;
;      - Datapath:u1|RF:u1|RegisterFile~1918 ; 0                 ; 6       ;
;      - Datapath:u1|RF:u1|RegisterFile~1920 ; 0                 ; 6       ;
;      - Datapath:u1|RF:u1|RegisterFile~1923 ; 0                 ; 6       ;
;      - Datapath:u1|RF:u1|RegisterFile~1924 ; 0                 ; 6       ;
;      - Datapath:u1|RF:u1|RegisterFile~1954 ; 0                 ; 6       ;
;      - Datapath:u1|RF:u1|RegisterFile~1957 ; 0                 ; 6       ;
;      - Datapath:u1|RF:u1|RegisterFile~1958 ; 0                 ; 6       ;
;      - Datapath:u1|RF:u1|RegisterFile~1959 ; 0                 ; 6       ;
;      - Datapath:u1|RF:u1|RegisterFile~1960 ; 0                 ; 6       ;
;      - Datapath:u1|RF:u1|RegisterFile~1962 ; 0                 ; 6       ;
;      - Datapath:u1|RF:u1|RegisterFile~1963 ; 0                 ; 6       ;
;      - Datapath:u1|RF:u1|RegisterFile~1965 ; 0                 ; 6       ;
;      - Datapath:u1|RF:u1|RegisterFile~1996 ; 0                 ; 6       ;
;      - Datapath:u1|RF:u1|RegisterFile~2000 ; 0                 ; 6       ;
;      - Datapath:u1|RF:u1|RegisterFile~2001 ; 0                 ; 6       ;
;      - Datapath:u1|RF:u1|RegisterFile~2002 ; 0                 ; 6       ;
;      - Datapath:u1|RF:u1|RegisterFile~2004 ; 0                 ; 6       ;
;      - Datapath:u1|RF:u1|RegisterFile~2007 ; 0                 ; 6       ;
;      - Datapath:u1|RF:u1|RegisterFile~2008 ; 0                 ; 6       ;
;      - Datapath:u1|RF:u1|RegisterFile~2038 ; 0                 ; 6       ;
;      - Datapath:u1|RF:u1|RegisterFile~2041 ; 0                 ; 6       ;
;      - Datapath:u1|RF:u1|RegisterFile~2042 ; 0                 ; 6       ;
;      - Datapath:u1|RF:u1|RegisterFile~2043 ; 0                 ; 6       ;
;      - Datapath:u1|RF:u1|RegisterFile~2044 ; 0                 ; 6       ;
;      - Datapath:u1|RF:u1|RegisterFile~2046 ; 0                 ; 6       ;
;      - Datapath:u1|RF:u1|RegisterFile~2047 ; 0                 ; 6       ;
;      - Datapath:u1|RF:u1|RegisterFile~2049 ; 0                 ; 6       ;
;      - Datapath:u1|RF:u1|RegisterFile~2080 ; 0                 ; 6       ;
;      - Datapath:u1|RF:u1|RegisterFile~2084 ; 0                 ; 6       ;
;      - Datapath:u1|RF:u1|RegisterFile~2085 ; 0                 ; 6       ;
;      - Datapath:u1|RF:u1|RegisterFile~2086 ; 0                 ; 6       ;
;      - Datapath:u1|RF:u1|RegisterFile~2088 ; 0                 ; 6       ;
;      - Datapath:u1|RF:u1|RegisterFile~2091 ; 0                 ; 6       ;
;      - Datapath:u1|RF:u1|RegisterFile~2092 ; 0                 ; 6       ;
;      - Datapath:u1|RF:u1|RegisterFile~2122 ; 0                 ; 6       ;
;      - Datapath:u1|RF:u1|RegisterFile~2125 ; 0                 ; 6       ;
;      - Datapath:u1|RF:u1|RegisterFile~2126 ; 0                 ; 6       ;
;      - Datapath:u1|RF:u1|RegisterFile~2127 ; 0                 ; 6       ;
;      - Datapath:u1|RF:u1|RegisterFile~2128 ; 0                 ; 6       ;
;      - Datapath:u1|RF:u1|RegisterFile~2130 ; 0                 ; 6       ;
;      - Datapath:u1|RF:u1|RegisterFile~2131 ; 0                 ; 6       ;
;      - Datapath:u1|RF:u1|RegisterFile~2133 ; 0                 ; 6       ;
;      - Datapath:u1|RF:u1|RegisterFile~2164 ; 0                 ; 6       ;
;      - Datapath:u1|RF:u1|RegisterFile~2168 ; 0                 ; 6       ;
;      - Datapath:u1|RF:u1|RegisterFile~2169 ; 0                 ; 6       ;
;      - Datapath:u1|RF:u1|RegisterFile~2170 ; 0                 ; 6       ;
;      - Datapath:u1|RF:u1|RegisterFile~2172 ; 0                 ; 6       ;
;      - Datapath:u1|RF:u1|RegisterFile~2175 ; 0                 ; 6       ;
;      - Datapath:u1|RF:u1|RegisterFile~2176 ; 0                 ; 6       ;
;      - Datapath:u1|RF:u1|RegisterFile~2206 ; 0                 ; 6       ;
;      - Datapath:u1|RF:u1|RegisterFile~2209 ; 0                 ; 6       ;
;      - Datapath:u1|RF:u1|RegisterFile~2210 ; 0                 ; 6       ;
;      - Datapath:u1|RF:u1|RegisterFile~2211 ; 0                 ; 6       ;
;      - Datapath:u1|RF:u1|RegisterFile~2212 ; 0                 ; 6       ;
;      - Datapath:u1|RF:u1|RegisterFile~2214 ; 0                 ; 6       ;
;      - Datapath:u1|RF:u1|RegisterFile~2215 ; 0                 ; 6       ;
;      - Datapath:u1|RF:u1|RegisterFile~2217 ; 0                 ; 6       ;
;      - Datapath:u1|RF:u1|RegisterFile~2248 ; 0                 ; 6       ;
;      - Datapath:u1|RF:u1|RegisterFile~2252 ; 0                 ; 6       ;
;      - Datapath:u1|RF:u1|RegisterFile~2253 ; 0                 ; 6       ;
;      - Datapath:u1|RF:u1|RegisterFile~2254 ; 0                 ; 6       ;
;      - Datapath:u1|RF:u1|RegisterFile~2256 ; 0                 ; 6       ;
;      - Datapath:u1|RF:u1|RegisterFile~2259 ; 0                 ; 6       ;
;      - Datapath:u1|RF:u1|RegisterFile~2260 ; 0                 ; 6       ;
;      - Datapath:u1|RF:u1|RegisterFile~2290 ; 0                 ; 6       ;
;      - Datapath:u1|RF:u1|RegisterFile~2293 ; 0                 ; 6       ;
;      - Datapath:u1|RF:u1|RegisterFile~2294 ; 0                 ; 6       ;
;      - Datapath:u1|RF:u1|RegisterFile~2295 ; 0                 ; 6       ;
;      - Datapath:u1|RF:u1|RegisterFile~2296 ; 0                 ; 6       ;
;      - Datapath:u1|RF:u1|RegisterFile~2298 ; 0                 ; 6       ;
;      - Datapath:u1|RF:u1|RegisterFile~2299 ; 0                 ; 6       ;
;      - Datapath:u1|RF:u1|RegisterFile~2301 ; 0                 ; 6       ;
;      - Datapath:u1|RF:u1|RegisterFile~2332 ; 0                 ; 6       ;
;      - Datapath:u1|RF:u1|RegisterFile~2336 ; 0                 ; 6       ;
;      - Datapath:u1|RF:u1|RegisterFile~2337 ; 0                 ; 6       ;
;      - Datapath:u1|RF:u1|RegisterFile~2338 ; 0                 ; 6       ;
;      - Datapath:u1|RF:u1|RegisterFile~2340 ; 0                 ; 6       ;
;      - Datapath:u1|RF:u1|RegisterFile~2343 ; 0                 ; 6       ;
;      - Datapath:u1|RF:u1|RegisterFile~2344 ; 0                 ; 6       ;
; instruction[21]                            ;                   ;         ;
;      - Datapath:u1|RF:u1|RegisterFile~1034 ; 1                 ; 6       ;
;      - Datapath:u1|RF:u1|RegisterFile~1038 ; 1                 ; 6       ;
;      - Datapath:u1|RF:u1|RegisterFile~1040 ; 1                 ; 6       ;
;      - Datapath:u1|RF:u1|RegisterFile~1041 ; 1                 ; 6       ;
;      - Datapath:u1|RF:u1|RegisterFile~1042 ; 1                 ; 6       ;
;      - Datapath:u1|RF:u1|RegisterFile~1045 ; 1                 ; 6       ;
;      - Datapath:u1|RF:u1|RegisterFile~1046 ; 1                 ; 6       ;
;      - Datapath:u1|RF:u1|RegisterFile~1075 ; 1                 ; 6       ;
;      - Datapath:u1|RF:u1|RegisterFile~1078 ; 1                 ; 6       ;
;      - Datapath:u1|RF:u1|RegisterFile~1079 ; 1                 ; 6       ;
;      - Datapath:u1|RF:u1|RegisterFile~1081 ; 1                 ; 6       ;
;      - Datapath:u1|RF:u1|RegisterFile~1082 ; 1                 ; 6       ;
;      - Datapath:u1|RF:u1|RegisterFile~1083 ; 1                 ; 6       ;
;      - Datapath:u1|RF:u1|RegisterFile~1084 ; 1                 ; 6       ;
;      - Datapath:u1|RF:u1|RegisterFile~1086 ; 1                 ; 6       ;
;      - Datapath:u1|RF:u1|RegisterFile~1116 ; 1                 ; 6       ;
;      - Datapath:u1|RF:u1|RegisterFile~1120 ; 1                 ; 6       ;
;      - Datapath:u1|RF:u1|RegisterFile~1122 ; 1                 ; 6       ;
;      - Datapath:u1|RF:u1|RegisterFile~1123 ; 1                 ; 6       ;
;      - Datapath:u1|RF:u1|RegisterFile~1124 ; 1                 ; 6       ;
;      - Datapath:u1|RF:u1|RegisterFile~1127 ; 1                 ; 6       ;
;      - Datapath:u1|RF:u1|RegisterFile~1128 ; 1                 ; 6       ;
;      - Datapath:u1|RF:u1|RegisterFile~1157 ; 1                 ; 6       ;
;      - Datapath:u1|RF:u1|RegisterFile~1160 ; 1                 ; 6       ;
;      - Datapath:u1|RF:u1|RegisterFile~1161 ; 1                 ; 6       ;
;      - Datapath:u1|RF:u1|RegisterFile~1163 ; 1                 ; 6       ;
;      - Datapath:u1|RF:u1|RegisterFile~1164 ; 1                 ; 6       ;
;      - Datapath:u1|RF:u1|RegisterFile~1165 ; 1                 ; 6       ;
;      - Datapath:u1|RF:u1|RegisterFile~1166 ; 1                 ; 6       ;
;      - Datapath:u1|RF:u1|RegisterFile~1168 ; 1                 ; 6       ;
;      - Datapath:u1|RF:u1|RegisterFile~1198 ; 1                 ; 6       ;
;      - Datapath:u1|RF:u1|RegisterFile~1202 ; 1                 ; 6       ;
;      - Datapath:u1|RF:u1|RegisterFile~1204 ; 1                 ; 6       ;
;      - Datapath:u1|RF:u1|RegisterFile~1205 ; 1                 ; 6       ;
;      - Datapath:u1|RF:u1|RegisterFile~1206 ; 1                 ; 6       ;
;      - Datapath:u1|RF:u1|RegisterFile~1209 ; 1                 ; 6       ;
;      - Datapath:u1|RF:u1|RegisterFile~1210 ; 1                 ; 6       ;
;      - Datapath:u1|RF:u1|RegisterFile~1240 ; 1                 ; 6       ;
;      - Datapath:u1|RF:u1|RegisterFile~1243 ; 1                 ; 6       ;
;      - Datapath:u1|RF:u1|RegisterFile~1244 ; 1                 ; 6       ;
;      - Datapath:u1|RF:u1|RegisterFile~1246 ; 1                 ; 6       ;
;      - Datapath:u1|RF:u1|RegisterFile~1247 ; 1                 ; 6       ;
;      - Datapath:u1|RF:u1|RegisterFile~1248 ; 1                 ; 6       ;
;      - Datapath:u1|RF:u1|RegisterFile~1249 ; 1                 ; 6       ;
;      - Datapath:u1|RF:u1|RegisterFile~1251 ; 1                 ; 6       ;
;      - Datapath:u1|RF:u1|RegisterFile~1282 ; 1                 ; 6       ;
;      - Datapath:u1|RF:u1|RegisterFile~1286 ; 1                 ; 6       ;
;      - Datapath:u1|RF:u1|RegisterFile~1288 ; 1                 ; 6       ;
;      - Datapath:u1|RF:u1|RegisterFile~1289 ; 1                 ; 6       ;
;      - Datapath:u1|RF:u1|RegisterFile~1290 ; 1                 ; 6       ;
;      - Datapath:u1|RF:u1|RegisterFile~1293 ; 1                 ; 6       ;
;      - Datapath:u1|RF:u1|RegisterFile~1294 ; 1                 ; 6       ;
;      - Datapath:u1|RF:u1|RegisterFile~1324 ; 1                 ; 6       ;
;      - Datapath:u1|RF:u1|RegisterFile~1327 ; 1                 ; 6       ;
;      - Datapath:u1|RF:u1|RegisterFile~1328 ; 1                 ; 6       ;
;      - Datapath:u1|RF:u1|RegisterFile~1330 ; 1                 ; 6       ;
;      - Datapath:u1|RF:u1|RegisterFile~1331 ; 1                 ; 6       ;
;      - Datapath:u1|RF:u1|RegisterFile~1332 ; 1                 ; 6       ;
;      - Datapath:u1|RF:u1|RegisterFile~1333 ; 1                 ; 6       ;
;      - Datapath:u1|RF:u1|RegisterFile~1335 ; 1                 ; 6       ;
;      - Datapath:u1|RF:u1|RegisterFile~1366 ; 1                 ; 6       ;
;      - Datapath:u1|RF:u1|RegisterFile~1370 ; 1                 ; 6       ;
;      - Datapath:u1|RF:u1|RegisterFile~1372 ; 1                 ; 6       ;
;      - Datapath:u1|RF:u1|RegisterFile~1373 ; 1                 ; 6       ;
;      - Datapath:u1|RF:u1|RegisterFile~1374 ; 1                 ; 6       ;
;      - Datapath:u1|RF:u1|RegisterFile~1377 ; 1                 ; 6       ;
;      - Datapath:u1|RF:u1|RegisterFile~1378 ; 1                 ; 6       ;
;      - Datapath:u1|RF:u1|RegisterFile~1408 ; 1                 ; 6       ;
;      - Datapath:u1|RF:u1|RegisterFile~1411 ; 1                 ; 6       ;
;      - Datapath:u1|RF:u1|RegisterFile~1412 ; 1                 ; 6       ;
;      - Datapath:u1|RF:u1|RegisterFile~1414 ; 1                 ; 6       ;
;      - Datapath:u1|RF:u1|RegisterFile~1415 ; 1                 ; 6       ;
;      - Datapath:u1|RF:u1|RegisterFile~1416 ; 1                 ; 6       ;
;      - Datapath:u1|RF:u1|RegisterFile~1417 ; 1                 ; 6       ;
;      - Datapath:u1|RF:u1|RegisterFile~1419 ; 1                 ; 6       ;
;      - Datapath:u1|RF:u1|RegisterFile~1450 ; 1                 ; 6       ;
;      - Datapath:u1|RF:u1|RegisterFile~1454 ; 1                 ; 6       ;
;      - Datapath:u1|RF:u1|RegisterFile~1456 ; 1                 ; 6       ;
;      - Datapath:u1|RF:u1|RegisterFile~1457 ; 1                 ; 6       ;
;      - Datapath:u1|RF:u1|RegisterFile~1458 ; 1                 ; 6       ;
;      - Datapath:u1|RF:u1|RegisterFile~1461 ; 1                 ; 6       ;
;      - Datapath:u1|RF:u1|RegisterFile~1462 ; 1                 ; 6       ;
;      - Datapath:u1|RF:u1|RegisterFile~1492 ; 1                 ; 6       ;
;      - Datapath:u1|RF:u1|RegisterFile~1495 ; 1                 ; 6       ;
;      - Datapath:u1|RF:u1|RegisterFile~1496 ; 1                 ; 6       ;
;      - Datapath:u1|RF:u1|RegisterFile~1498 ; 1                 ; 6       ;
;      - Datapath:u1|RF:u1|RegisterFile~1499 ; 1                 ; 6       ;
;      - Datapath:u1|RF:u1|RegisterFile~1500 ; 1                 ; 6       ;
;      - Datapath:u1|RF:u1|RegisterFile~1501 ; 1                 ; 6       ;
;      - Datapath:u1|RF:u1|RegisterFile~1503 ; 1                 ; 6       ;
;      - Datapath:u1|RF:u1|RegisterFile~1534 ; 1                 ; 6       ;
;      - Datapath:u1|RF:u1|RegisterFile~1538 ; 1                 ; 6       ;
;      - Datapath:u1|RF:u1|RegisterFile~1540 ; 1                 ; 6       ;
;      - Datapath:u1|RF:u1|RegisterFile~1541 ; 1                 ; 6       ;
;      - Datapath:u1|RF:u1|RegisterFile~1542 ; 1                 ; 6       ;
;      - Datapath:u1|RF:u1|RegisterFile~1545 ; 1                 ; 6       ;
;      - Datapath:u1|RF:u1|RegisterFile~1546 ; 1                 ; 6       ;
;      - Datapath:u1|RF:u1|RegisterFile~1576 ; 1                 ; 6       ;
;      - Datapath:u1|RF:u1|RegisterFile~1579 ; 1                 ; 6       ;
;      - Datapath:u1|RF:u1|RegisterFile~1580 ; 1                 ; 6       ;
;      - Datapath:u1|RF:u1|RegisterFile~1582 ; 1                 ; 6       ;
;      - Datapath:u1|RF:u1|RegisterFile~1583 ; 1                 ; 6       ;
;      - Datapath:u1|RF:u1|RegisterFile~1584 ; 1                 ; 6       ;
;      - Datapath:u1|RF:u1|RegisterFile~1585 ; 1                 ; 6       ;
;      - Datapath:u1|RF:u1|RegisterFile~1587 ; 1                 ; 6       ;
;      - Datapath:u1|RF:u1|RegisterFile~1618 ; 1                 ; 6       ;
;      - Datapath:u1|RF:u1|RegisterFile~1622 ; 1                 ; 6       ;
;      - Datapath:u1|RF:u1|RegisterFile~1624 ; 1                 ; 6       ;
;      - Datapath:u1|RF:u1|RegisterFile~1625 ; 1                 ; 6       ;
;      - Datapath:u1|RF:u1|RegisterFile~1626 ; 1                 ; 6       ;
;      - Datapath:u1|RF:u1|RegisterFile~1629 ; 1                 ; 6       ;
;      - Datapath:u1|RF:u1|RegisterFile~1630 ; 1                 ; 6       ;
;      - Datapath:u1|RF:u1|RegisterFile~1660 ; 1                 ; 6       ;
;      - Datapath:u1|RF:u1|RegisterFile~1663 ; 1                 ; 6       ;
;      - Datapath:u1|RF:u1|RegisterFile~1664 ; 1                 ; 6       ;
;      - Datapath:u1|RF:u1|RegisterFile~1666 ; 1                 ; 6       ;
;      - Datapath:u1|RF:u1|RegisterFile~1667 ; 1                 ; 6       ;
;      - Datapath:u1|RF:u1|RegisterFile~1668 ; 1                 ; 6       ;
;      - Datapath:u1|RF:u1|RegisterFile~1669 ; 1                 ; 6       ;
;      - Datapath:u1|RF:u1|RegisterFile~1671 ; 1                 ; 6       ;
;      - Datapath:u1|RF:u1|RegisterFile~1702 ; 1                 ; 6       ;
;      - Datapath:u1|RF:u1|RegisterFile~1706 ; 1                 ; 6       ;
;      - Datapath:u1|RF:u1|RegisterFile~1708 ; 1                 ; 6       ;
;      - Datapath:u1|RF:u1|RegisterFile~1709 ; 1                 ; 6       ;
;      - Datapath:u1|RF:u1|RegisterFile~1710 ; 1                 ; 6       ;
;      - Datapath:u1|RF:u1|RegisterFile~1713 ; 1                 ; 6       ;
;      - Datapath:u1|RF:u1|RegisterFile~1714 ; 1                 ; 6       ;
;      - Datapath:u1|RF:u1|RegisterFile~1744 ; 1                 ; 6       ;
;      - Datapath:u1|RF:u1|RegisterFile~1747 ; 1                 ; 6       ;
;      - Datapath:u1|RF:u1|RegisterFile~1748 ; 1                 ; 6       ;
;      - Datapath:u1|RF:u1|RegisterFile~1750 ; 1                 ; 6       ;
;      - Datapath:u1|RF:u1|RegisterFile~1751 ; 1                 ; 6       ;
;      - Datapath:u1|RF:u1|RegisterFile~1752 ; 1                 ; 6       ;
;      - Datapath:u1|RF:u1|RegisterFile~1753 ; 1                 ; 6       ;
;      - Datapath:u1|RF:u1|RegisterFile~1755 ; 1                 ; 6       ;
;      - Datapath:u1|RF:u1|RegisterFile~1786 ; 1                 ; 6       ;
;      - Datapath:u1|RF:u1|RegisterFile~1790 ; 1                 ; 6       ;
;      - Datapath:u1|RF:u1|RegisterFile~1792 ; 1                 ; 6       ;
;      - Datapath:u1|RF:u1|RegisterFile~1793 ; 1                 ; 6       ;
;      - Datapath:u1|RF:u1|RegisterFile~1794 ; 1                 ; 6       ;
;      - Datapath:u1|RF:u1|RegisterFile~1797 ; 1                 ; 6       ;
;      - Datapath:u1|RF:u1|RegisterFile~1798 ; 1                 ; 6       ;
;      - Datapath:u1|RF:u1|RegisterFile~1828 ; 1                 ; 6       ;
;      - Datapath:u1|RF:u1|RegisterFile~1831 ; 1                 ; 6       ;
;      - Datapath:u1|RF:u1|RegisterFile~1832 ; 1                 ; 6       ;
;      - Datapath:u1|RF:u1|RegisterFile~1834 ; 1                 ; 6       ;
;      - Datapath:u1|RF:u1|RegisterFile~1835 ; 1                 ; 6       ;
;      - Datapath:u1|RF:u1|RegisterFile~1836 ; 1                 ; 6       ;
;      - Datapath:u1|RF:u1|RegisterFile~1837 ; 1                 ; 6       ;
;      - Datapath:u1|RF:u1|RegisterFile~1839 ; 1                 ; 6       ;
;      - Datapath:u1|RF:u1|RegisterFile~1870 ; 1                 ; 6       ;
;      - Datapath:u1|RF:u1|RegisterFile~1874 ; 1                 ; 6       ;
;      - Datapath:u1|RF:u1|RegisterFile~1876 ; 1                 ; 6       ;
;      - Datapath:u1|RF:u1|RegisterFile~1877 ; 1                 ; 6       ;
;      - Datapath:u1|RF:u1|RegisterFile~1878 ; 1                 ; 6       ;
;      - Datapath:u1|RF:u1|RegisterFile~1881 ; 1                 ; 6       ;
;      - Datapath:u1|RF:u1|RegisterFile~1882 ; 1                 ; 6       ;
;      - Datapath:u1|RF:u1|RegisterFile~1912 ; 1                 ; 6       ;
;      - Datapath:u1|RF:u1|RegisterFile~1915 ; 1                 ; 6       ;
;      - Datapath:u1|RF:u1|RegisterFile~1916 ; 1                 ; 6       ;
;      - Datapath:u1|RF:u1|RegisterFile~1918 ; 1                 ; 6       ;
;      - Datapath:u1|RF:u1|RegisterFile~1919 ; 1                 ; 6       ;
;      - Datapath:u1|RF:u1|RegisterFile~1920 ; 1                 ; 6       ;
;      - Datapath:u1|RF:u1|RegisterFile~1921 ; 1                 ; 6       ;
;      - Datapath:u1|RF:u1|RegisterFile~1923 ; 1                 ; 6       ;
;      - Datapath:u1|RF:u1|RegisterFile~1954 ; 1                 ; 6       ;
;      - Datapath:u1|RF:u1|RegisterFile~1958 ; 1                 ; 6       ;
;      - Datapath:u1|RF:u1|RegisterFile~1960 ; 1                 ; 6       ;
;      - Datapath:u1|RF:u1|RegisterFile~1961 ; 1                 ; 6       ;
;      - Datapath:u1|RF:u1|RegisterFile~1962 ; 1                 ; 6       ;
;      - Datapath:u1|RF:u1|RegisterFile~1965 ; 1                 ; 6       ;
;      - Datapath:u1|RF:u1|RegisterFile~1966 ; 1                 ; 6       ;
;      - Datapath:u1|RF:u1|RegisterFile~1996 ; 1                 ; 6       ;
;      - Datapath:u1|RF:u1|RegisterFile~1999 ; 1                 ; 6       ;
;      - Datapath:u1|RF:u1|RegisterFile~2000 ; 1                 ; 6       ;
;      - Datapath:u1|RF:u1|RegisterFile~2002 ; 1                 ; 6       ;
;      - Datapath:u1|RF:u1|RegisterFile~2003 ; 1                 ; 6       ;
;      - Datapath:u1|RF:u1|RegisterFile~2004 ; 1                 ; 6       ;
;      - Datapath:u1|RF:u1|RegisterFile~2005 ; 1                 ; 6       ;
;      - Datapath:u1|RF:u1|RegisterFile~2007 ; 1                 ; 6       ;
;      - Datapath:u1|RF:u1|RegisterFile~2038 ; 1                 ; 6       ;
;      - Datapath:u1|RF:u1|RegisterFile~2042 ; 1                 ; 6       ;
;      - Datapath:u1|RF:u1|RegisterFile~2044 ; 1                 ; 6       ;
;      - Datapath:u1|RF:u1|RegisterFile~2045 ; 1                 ; 6       ;
;      - Datapath:u1|RF:u1|RegisterFile~2046 ; 1                 ; 6       ;
;      - Datapath:u1|RF:u1|RegisterFile~2049 ; 1                 ; 6       ;
;      - Datapath:u1|RF:u1|RegisterFile~2050 ; 1                 ; 6       ;
;      - Datapath:u1|RF:u1|RegisterFile~2080 ; 1                 ; 6       ;
;      - Datapath:u1|RF:u1|RegisterFile~2083 ; 1                 ; 6       ;
;      - Datapath:u1|RF:u1|RegisterFile~2084 ; 1                 ; 6       ;
;      - Datapath:u1|RF:u1|RegisterFile~2086 ; 1                 ; 6       ;
;      - Datapath:u1|RF:u1|RegisterFile~2087 ; 1                 ; 6       ;
;      - Datapath:u1|RF:u1|RegisterFile~2088 ; 1                 ; 6       ;
;      - Datapath:u1|RF:u1|RegisterFile~2089 ; 1                 ; 6       ;
;      - Datapath:u1|RF:u1|RegisterFile~2091 ; 1                 ; 6       ;
;      - Datapath:u1|RF:u1|RegisterFile~2122 ; 1                 ; 6       ;
;      - Datapath:u1|RF:u1|RegisterFile~2126 ; 1                 ; 6       ;
;      - Datapath:u1|RF:u1|RegisterFile~2128 ; 1                 ; 6       ;
;      - Datapath:u1|RF:u1|RegisterFile~2129 ; 1                 ; 6       ;
;      - Datapath:u1|RF:u1|RegisterFile~2130 ; 1                 ; 6       ;
;      - Datapath:u1|RF:u1|RegisterFile~2133 ; 1                 ; 6       ;
;      - Datapath:u1|RF:u1|RegisterFile~2134 ; 1                 ; 6       ;
;      - Datapath:u1|RF:u1|RegisterFile~2164 ; 1                 ; 6       ;
;      - Datapath:u1|RF:u1|RegisterFile~2167 ; 1                 ; 6       ;
;      - Datapath:u1|RF:u1|RegisterFile~2168 ; 1                 ; 6       ;
;      - Datapath:u1|RF:u1|RegisterFile~2170 ; 1                 ; 6       ;
;      - Datapath:u1|RF:u1|RegisterFile~2171 ; 1                 ; 6       ;
;      - Datapath:u1|RF:u1|RegisterFile~2172 ; 1                 ; 6       ;
;      - Datapath:u1|RF:u1|RegisterFile~2173 ; 1                 ; 6       ;
;      - Datapath:u1|RF:u1|RegisterFile~2175 ; 1                 ; 6       ;
;      - Datapath:u1|RF:u1|RegisterFile~2206 ; 1                 ; 6       ;
;      - Datapath:u1|RF:u1|RegisterFile~2210 ; 1                 ; 6       ;
;      - Datapath:u1|RF:u1|RegisterFile~2212 ; 1                 ; 6       ;
;      - Datapath:u1|RF:u1|RegisterFile~2213 ; 1                 ; 6       ;
;      - Datapath:u1|RF:u1|RegisterFile~2214 ; 1                 ; 6       ;
;      - Datapath:u1|RF:u1|RegisterFile~2217 ; 1                 ; 6       ;
;      - Datapath:u1|RF:u1|RegisterFile~2218 ; 1                 ; 6       ;
;      - Datapath:u1|RF:u1|RegisterFile~2248 ; 1                 ; 6       ;
;      - Datapath:u1|RF:u1|RegisterFile~2251 ; 1                 ; 6       ;
;      - Datapath:u1|RF:u1|RegisterFile~2252 ; 1                 ; 6       ;
;      - Datapath:u1|RF:u1|RegisterFile~2254 ; 1                 ; 6       ;
;      - Datapath:u1|RF:u1|RegisterFile~2255 ; 1                 ; 6       ;
;      - Datapath:u1|RF:u1|RegisterFile~2256 ; 1                 ; 6       ;
;      - Datapath:u1|RF:u1|RegisterFile~2257 ; 1                 ; 6       ;
;      - Datapath:u1|RF:u1|RegisterFile~2259 ; 1                 ; 6       ;
;      - Datapath:u1|RF:u1|RegisterFile~2290 ; 1                 ; 6       ;
;      - Datapath:u1|RF:u1|RegisterFile~2294 ; 1                 ; 6       ;
;      - Datapath:u1|RF:u1|RegisterFile~2296 ; 1                 ; 6       ;
;      - Datapath:u1|RF:u1|RegisterFile~2297 ; 1                 ; 6       ;
;      - Datapath:u1|RF:u1|RegisterFile~2298 ; 1                 ; 6       ;
;      - Datapath:u1|RF:u1|RegisterFile~2301 ; 1                 ; 6       ;
;      - Datapath:u1|RF:u1|RegisterFile~2302 ; 1                 ; 6       ;
;      - Datapath:u1|RF:u1|RegisterFile~2332 ; 1                 ; 6       ;
;      - Datapath:u1|RF:u1|RegisterFile~2335 ; 1                 ; 6       ;
;      - Datapath:u1|RF:u1|RegisterFile~2336 ; 1                 ; 6       ;
;      - Datapath:u1|RF:u1|RegisterFile~2338 ; 1                 ; 6       ;
;      - Datapath:u1|RF:u1|RegisterFile~2339 ; 1                 ; 6       ;
;      - Datapath:u1|RF:u1|RegisterFile~2340 ; 1                 ; 6       ;
;      - Datapath:u1|RF:u1|RegisterFile~2341 ; 1                 ; 6       ;
;      - Datapath:u1|RF:u1|RegisterFile~2343 ; 1                 ; 6       ;
; instruction[25]                            ;                   ;         ;
;      - Datapath:u1|RF:u1|RegisterFile~1048 ; 0                 ; 6       ;
;      - Datapath:u1|RF:u1|RegisterFile~1089 ; 0                 ; 6       ;
;      - Datapath:u1|RF:u1|RegisterFile~1130 ; 0                 ; 6       ;
;      - Datapath:u1|RF:u1|RegisterFile~1171 ; 0                 ; 6       ;
;      - Datapath:u1|RF:u1|RegisterFile~1212 ; 0                 ; 6       ;
;      - Datapath:u1|RF:u1|RegisterFile~1254 ; 0                 ; 6       ;
;      - Datapath:u1|RF:u1|RegisterFile~1296 ; 0                 ; 6       ;
;      - Datapath:u1|RF:u1|RegisterFile~1338 ; 0                 ; 6       ;
;      - Datapath:u1|RF:u1|RegisterFile~1380 ; 0                 ; 6       ;
;      - Datapath:u1|RF:u1|RegisterFile~1422 ; 0                 ; 6       ;
;      - Datapath:u1|RF:u1|RegisterFile~1464 ; 0                 ; 6       ;
;      - Datapath:u1|RF:u1|RegisterFile~1506 ; 0                 ; 6       ;
;      - Datapath:u1|RF:u1|RegisterFile~1548 ; 0                 ; 6       ;
;      - Datapath:u1|RF:u1|RegisterFile~1590 ; 0                 ; 6       ;
;      - Datapath:u1|RF:u1|RegisterFile~1632 ; 0                 ; 6       ;
;      - Datapath:u1|RF:u1|RegisterFile~1674 ; 0                 ; 6       ;
;      - Datapath:u1|RF:u1|RegisterFile~1716 ; 0                 ; 6       ;
;      - Datapath:u1|RF:u1|RegisterFile~1758 ; 0                 ; 6       ;
;      - Datapath:u1|RF:u1|RegisterFile~1800 ; 0                 ; 6       ;
;      - Datapath:u1|RF:u1|RegisterFile~1842 ; 0                 ; 6       ;
;      - Datapath:u1|RF:u1|RegisterFile~1884 ; 0                 ; 6       ;
;      - Datapath:u1|RF:u1|RegisterFile~1926 ; 0                 ; 6       ;
;      - Datapath:u1|RF:u1|RegisterFile~1968 ; 0                 ; 6       ;
;      - Datapath:u1|RF:u1|RegisterFile~2010 ; 0                 ; 6       ;
;      - Datapath:u1|RF:u1|RegisterFile~2052 ; 0                 ; 6       ;
;      - Datapath:u1|RF:u1|RegisterFile~2094 ; 0                 ; 6       ;
;      - Datapath:u1|RF:u1|RegisterFile~2136 ; 0                 ; 6       ;
;      - Datapath:u1|RF:u1|RegisterFile~2178 ; 0                 ; 6       ;
;      - Datapath:u1|RF:u1|RegisterFile~2220 ; 0                 ; 6       ;
;      - Datapath:u1|RF:u1|RegisterFile~2262 ; 0                 ; 6       ;
;      - Datapath:u1|RF:u1|RegisterFile~2304 ; 0                 ; 6       ;
;      - Datapath:u1|RF:u1|RegisterFile~2346 ; 0                 ; 6       ;
; instruction[26]                            ;                   ;         ;
;      - ControlUnit:u0|ALUSrc~0             ; 0                 ; 6       ;
;      - ControlUnit:u0|Decoder0~0           ; 0                 ; 6       ;
;      - ControlUnit:u0|WideOr2~0            ; 0                 ; 6       ;
;      - ControlUnit:u0|WideOr1~0            ; 0                 ; 6       ;
;      - ControlUnit:u0|RegDst~0             ; 0                 ; 6       ;
;      - ControlUnit:u0|WideOr0~0            ; 0                 ; 6       ;
; instruction[27]                            ;                   ;         ;
;      - ControlUnit:u0|ALUSrc~0             ; 1                 ; 6       ;
;      - ControlUnit:u0|Decoder0~1           ; 1                 ; 6       ;
;      - ControlUnit:u0|WideOr2~0            ; 1                 ; 6       ;
;      - ControlUnit:u0|WideOr1~0            ; 1                 ; 6       ;
;      - ControlUnit:u0|Decoder0~2           ; 1                 ; 6       ;
;      - ControlUnit:u0|RegDst~0             ; 1                 ; 6       ;
;      - ControlUnit:u0|WideOr0~0            ; 1                 ; 6       ;
;      - ControlUnit:u0|Decoder0~4           ; 1                 ; 6       ;
; instruction[28]                            ;                   ;         ;
;      - ControlUnit:u0|ALUSrc~0             ; 1                 ; 6       ;
;      - ControlUnit:u0|Decoder0~1           ; 1                 ; 6       ;
;      - ControlUnit:u0|WideOr2~0            ; 1                 ; 6       ;
;      - ControlUnit:u0|WideOr1~0            ; 1                 ; 6       ;
;      - ControlUnit:u0|Decoder0~2           ; 1                 ; 6       ;
;      - ControlUnit:u0|RegDst~0             ; 1                 ; 6       ;
;      - ControlUnit:u0|WideOr0~0            ; 1                 ; 6       ;
;      - ControlUnit:u0|Decoder0~4           ; 1                 ; 6       ;
; instruction[29]                            ;                   ;         ;
;      - ControlUnit:u0|ALUSrc~0             ; 1                 ; 6       ;
;      - ControlUnit:u0|Decoder0~1           ; 1                 ; 6       ;
;      - ControlUnit:u0|WideOr2~0            ; 1                 ; 6       ;
;      - ControlUnit:u0|WideOr1~0            ; 1                 ; 6       ;
;      - ControlUnit:u0|Decoder0~2           ; 1                 ; 6       ;
;      - ControlUnit:u0|RegDst~0             ; 1                 ; 6       ;
;      - ControlUnit:u0|WideOr0~0            ; 1                 ; 6       ;
;      - ControlUnit:u0|Decoder0~4           ; 1                 ; 6       ;
; instruction[30]                            ;                   ;         ;
;      - ControlUnit:u0|ALUSrc~1             ; 0                 ; 6       ;
;      - ControlUnit:u0|Decoder0~0           ; 0                 ; 6       ;
;      - ControlUnit:u0|WideOr2~1            ; 0                 ; 6       ;
;      - ControlUnit:u0|WideOr1~1            ; 0                 ; 6       ;
;      - ControlUnit:u0|Decoder0~3           ; 0                 ; 6       ;
;      - Datapath:u1|RF:u1|RegisterFile~2420 ; 0                 ; 6       ;
;      - Datapath:u1|RF:u1|RegisterFile~2421 ; 0                 ; 6       ;
; instruction[31]                            ;                   ;         ;
;      - ControlUnit:u0|ALUSrc~1             ; 0                 ; 6       ;
;      - ControlUnit:u0|Decoder0~0           ; 0                 ; 6       ;
;      - ControlUnit:u0|WideOr2~1            ; 0                 ; 6       ;
;      - ControlUnit:u0|WideOr1~1            ; 0                 ; 6       ;
;      - ControlUnit:u0|Decoder0~3           ; 0                 ; 6       ;
;      - Datapath:u1|RF:u1|RegisterFile~2420 ; 0                 ; 6       ;
;      - Datapath:u1|RF:u1|RegisterFile~2421 ; 0                 ; 6       ;
; instruction[18]                            ;                   ;         ;
;      - Datapath:u1|RF:u1|RegisterFile~1049 ; 1                 ; 6       ;
;      - Datapath:u1|RF:u1|RegisterFile~1050 ; 1                 ; 6       ;
;      - Datapath:u1|RF:u1|RegisterFile~1051 ; 1                 ; 6       ;
;      - Datapath:u1|RF:u1|RegisterFile~1053 ; 1                 ; 6       ;
;      - Datapath:u1|RF:u1|RegisterFile~1054 ; 1                 ; 6       ;
;      - Datapath:u1|RF:u1|RegisterFile~1056 ; 1                 ; 6       ;
;      - Datapath:u1|RF:u1|RegisterFile~1065 ; 1                 ; 6       ;
;      - Datapath:u1|RF:u1|RegisterFile~1090 ; 1                 ; 6       ;
;      - Datapath:u1|RF:u1|RegisterFile~1091 ; 1                 ; 6       ;
;      - Datapath:u1|RF:u1|RegisterFile~1092 ; 1                 ; 6       ;
;      - Datapath:u1|RF:u1|RegisterFile~1094 ; 1                 ; 6       ;
;      - Datapath:u1|RF:u1|RegisterFile~1097 ; 1                 ; 6       ;
;      - Datapath:u1|RF:u1|RegisterFile~1098 ; 1                 ; 6       ;
;      - Datapath:u1|RF:u1|RegisterFile~1106 ; 1                 ; 6       ;
;      - Datapath:u1|RF:u1|RegisterFile~1109 ; 1                 ; 6       ;
;      - Datapath:u1|RF:u1|RegisterFile~1131 ; 1                 ; 6       ;
;      - Datapath:u1|RF:u1|RegisterFile~1132 ; 1                 ; 6       ;
;      - Datapath:u1|RF:u1|RegisterFile~1133 ; 1                 ; 6       ;
;      - Datapath:u1|RF:u1|RegisterFile~1135 ; 1                 ; 6       ;
;      - Datapath:u1|RF:u1|RegisterFile~1136 ; 1                 ; 6       ;
;      - Datapath:u1|RF:u1|RegisterFile~1138 ; 1                 ; 6       ;
;      - Datapath:u1|RF:u1|RegisterFile~1147 ; 1                 ; 6       ;
;      - Datapath:u1|RF:u1|RegisterFile~1172 ; 1                 ; 6       ;
;      - Datapath:u1|RF:u1|RegisterFile~1173 ; 1                 ; 6       ;
;      - Datapath:u1|RF:u1|RegisterFile~1174 ; 1                 ; 6       ;
;      - Datapath:u1|RF:u1|RegisterFile~1176 ; 1                 ; 6       ;
;      - Datapath:u1|RF:u1|RegisterFile~1179 ; 1                 ; 6       ;
;      - Datapath:u1|RF:u1|RegisterFile~1180 ; 1                 ; 6       ;
;      - Datapath:u1|RF:u1|RegisterFile~1188 ; 1                 ; 6       ;
;      - Datapath:u1|RF:u1|RegisterFile~1191 ; 1                 ; 6       ;
;      - Datapath:u1|RF:u1|RegisterFile~1213 ; 1                 ; 6       ;
;      - Datapath:u1|RF:u1|RegisterFile~1214 ; 1                 ; 6       ;
;      - Datapath:u1|RF:u1|RegisterFile~1215 ; 1                 ; 6       ;
;      - Datapath:u1|RF:u1|RegisterFile~1217 ; 1                 ; 6       ;
;      - Datapath:u1|RF:u1|RegisterFile~1218 ; 1                 ; 6       ;
;      - Datapath:u1|RF:u1|RegisterFile~1220 ; 1                 ; 6       ;
;      - Datapath:u1|RF:u1|RegisterFile~1229 ; 1                 ; 6       ;
;      - Datapath:u1|RF:u1|RegisterFile~1255 ; 1                 ; 6       ;
;      - Datapath:u1|RF:u1|RegisterFile~1256 ; 1                 ; 6       ;
;      - Datapath:u1|RF:u1|RegisterFile~1257 ; 1                 ; 6       ;
;      - Datapath:u1|RF:u1|RegisterFile~1259 ; 1                 ; 6       ;
;      - Datapath:u1|RF:u1|RegisterFile~1262 ; 1                 ; 6       ;
;      - Datapath:u1|RF:u1|RegisterFile~1263 ; 1                 ; 6       ;
;      - Datapath:u1|RF:u1|RegisterFile~1271 ; 1                 ; 6       ;
;      - Datapath:u1|RF:u1|RegisterFile~1274 ; 1                 ; 6       ;
;      - Datapath:u1|RF:u1|RegisterFile~1297 ; 1                 ; 6       ;
;      - Datapath:u1|RF:u1|RegisterFile~1298 ; 1                 ; 6       ;
;      - Datapath:u1|RF:u1|RegisterFile~1299 ; 1                 ; 6       ;
;      - Datapath:u1|RF:u1|RegisterFile~1301 ; 1                 ; 6       ;
;      - Datapath:u1|RF:u1|RegisterFile~1302 ; 1                 ; 6       ;
;      - Datapath:u1|RF:u1|RegisterFile~1304 ; 1                 ; 6       ;
;      - Datapath:u1|RF:u1|RegisterFile~1313 ; 1                 ; 6       ;
;      - Datapath:u1|RF:u1|RegisterFile~1339 ; 1                 ; 6       ;
;      - Datapath:u1|RF:u1|RegisterFile~1340 ; 1                 ; 6       ;
;      - Datapath:u1|RF:u1|RegisterFile~1341 ; 1                 ; 6       ;
;      - Datapath:u1|RF:u1|RegisterFile~1343 ; 1                 ; 6       ;
;      - Datapath:u1|RF:u1|RegisterFile~1346 ; 1                 ; 6       ;
;      - Datapath:u1|RF:u1|RegisterFile~1347 ; 1                 ; 6       ;
;      - Datapath:u1|RF:u1|RegisterFile~1355 ; 1                 ; 6       ;
;      - Datapath:u1|RF:u1|RegisterFile~1358 ; 1                 ; 6       ;
;      - Datapath:u1|RF:u1|RegisterFile~1381 ; 1                 ; 6       ;
;      - Datapath:u1|RF:u1|RegisterFile~1382 ; 1                 ; 6       ;
;      - Datapath:u1|RF:u1|RegisterFile~1383 ; 1                 ; 6       ;
;      - Datapath:u1|RF:u1|RegisterFile~1385 ; 1                 ; 6       ;
;      - Datapath:u1|RF:u1|RegisterFile~1386 ; 1                 ; 6       ;
;      - Datapath:u1|RF:u1|RegisterFile~1388 ; 1                 ; 6       ;
;      - Datapath:u1|RF:u1|RegisterFile~1397 ; 1                 ; 6       ;
;      - Datapath:u1|RF:u1|RegisterFile~1423 ; 1                 ; 6       ;
;      - Datapath:u1|RF:u1|RegisterFile~1424 ; 1                 ; 6       ;
;      - Datapath:u1|RF:u1|RegisterFile~1425 ; 1                 ; 6       ;
;      - Datapath:u1|RF:u1|RegisterFile~1427 ; 1                 ; 6       ;
;      - Datapath:u1|RF:u1|RegisterFile~1430 ; 1                 ; 6       ;
;      - Datapath:u1|RF:u1|RegisterFile~1431 ; 1                 ; 6       ;
;      - Datapath:u1|RF:u1|RegisterFile~1439 ; 1                 ; 6       ;
;      - Datapath:u1|RF:u1|RegisterFile~1442 ; 1                 ; 6       ;
;      - Datapath:u1|RF:u1|RegisterFile~1465 ; 1                 ; 6       ;
;      - Datapath:u1|RF:u1|RegisterFile~1466 ; 1                 ; 6       ;
;      - Datapath:u1|RF:u1|RegisterFile~1467 ; 1                 ; 6       ;
;      - Datapath:u1|RF:u1|RegisterFile~1469 ; 1                 ; 6       ;
;      - Datapath:u1|RF:u1|RegisterFile~1470 ; 1                 ; 6       ;
;      - Datapath:u1|RF:u1|RegisterFile~1472 ; 1                 ; 6       ;
;      - Datapath:u1|RF:u1|RegisterFile~1481 ; 1                 ; 6       ;
;      - Datapath:u1|RF:u1|RegisterFile~1507 ; 1                 ; 6       ;
;      - Datapath:u1|RF:u1|RegisterFile~1508 ; 1                 ; 6       ;
;      - Datapath:u1|RF:u1|RegisterFile~1509 ; 1                 ; 6       ;
;      - Datapath:u1|RF:u1|RegisterFile~1511 ; 1                 ; 6       ;
;      - Datapath:u1|RF:u1|RegisterFile~1514 ; 1                 ; 6       ;
;      - Datapath:u1|RF:u1|RegisterFile~1515 ; 1                 ; 6       ;
;      - Datapath:u1|RF:u1|RegisterFile~1523 ; 1                 ; 6       ;
;      - Datapath:u1|RF:u1|RegisterFile~1526 ; 1                 ; 6       ;
;      - Datapath:u1|RF:u1|RegisterFile~1549 ; 1                 ; 6       ;
;      - Datapath:u1|RF:u1|RegisterFile~1550 ; 1                 ; 6       ;
;      - Datapath:u1|RF:u1|RegisterFile~1551 ; 1                 ; 6       ;
;      - Datapath:u1|RF:u1|RegisterFile~1553 ; 1                 ; 6       ;
;      - Datapath:u1|RF:u1|RegisterFile~1554 ; 1                 ; 6       ;
;      - Datapath:u1|RF:u1|RegisterFile~1556 ; 1                 ; 6       ;
;      - Datapath:u1|RF:u1|RegisterFile~1565 ; 1                 ; 6       ;
;      - Datapath:u1|RF:u1|RegisterFile~1591 ; 1                 ; 6       ;
;      - Datapath:u1|RF:u1|RegisterFile~1592 ; 1                 ; 6       ;
;      - Datapath:u1|RF:u1|RegisterFile~1593 ; 1                 ; 6       ;
;      - Datapath:u1|RF:u1|RegisterFile~1595 ; 1                 ; 6       ;
;      - Datapath:u1|RF:u1|RegisterFile~1598 ; 1                 ; 6       ;
;      - Datapath:u1|RF:u1|RegisterFile~1599 ; 1                 ; 6       ;
;      - Datapath:u1|RF:u1|RegisterFile~1607 ; 1                 ; 6       ;
;      - Datapath:u1|RF:u1|RegisterFile~1610 ; 1                 ; 6       ;
;      - Datapath:u1|RF:u1|RegisterFile~1633 ; 1                 ; 6       ;
;      - Datapath:u1|RF:u1|RegisterFile~1634 ; 1                 ; 6       ;
;      - Datapath:u1|RF:u1|RegisterFile~1635 ; 1                 ; 6       ;
;      - Datapath:u1|RF:u1|RegisterFile~1637 ; 1                 ; 6       ;
;      - Datapath:u1|RF:u1|RegisterFile~1638 ; 1                 ; 6       ;
;      - Datapath:u1|RF:u1|RegisterFile~1640 ; 1                 ; 6       ;
;      - Datapath:u1|RF:u1|RegisterFile~1649 ; 1                 ; 6       ;
;      - Datapath:u1|RF:u1|RegisterFile~1675 ; 1                 ; 6       ;
;      - Datapath:u1|RF:u1|RegisterFile~1676 ; 1                 ; 6       ;
;      - Datapath:u1|RF:u1|RegisterFile~1677 ; 1                 ; 6       ;
;      - Datapath:u1|RF:u1|RegisterFile~1679 ; 1                 ; 6       ;
;      - Datapath:u1|RF:u1|RegisterFile~1682 ; 1                 ; 6       ;
;      - Datapath:u1|RF:u1|RegisterFile~1683 ; 1                 ; 6       ;
;      - Datapath:u1|RF:u1|RegisterFile~1691 ; 1                 ; 6       ;
;      - Datapath:u1|RF:u1|RegisterFile~1694 ; 1                 ; 6       ;
;      - Datapath:u1|RF:u1|RegisterFile~1717 ; 1                 ; 6       ;
;      - Datapath:u1|RF:u1|RegisterFile~1718 ; 1                 ; 6       ;
;      - Datapath:u1|RF:u1|RegisterFile~1719 ; 1                 ; 6       ;
;      - Datapath:u1|RF:u1|RegisterFile~1721 ; 1                 ; 6       ;
;      - Datapath:u1|RF:u1|RegisterFile~1722 ; 1                 ; 6       ;
;      - Datapath:u1|RF:u1|RegisterFile~1724 ; 1                 ; 6       ;
;      - Datapath:u1|RF:u1|RegisterFile~1733 ; 1                 ; 6       ;
;      - Datapath:u1|RF:u1|RegisterFile~1759 ; 1                 ; 6       ;
;      - Datapath:u1|RF:u1|RegisterFile~1760 ; 1                 ; 6       ;
;      - Datapath:u1|RF:u1|RegisterFile~1761 ; 1                 ; 6       ;
;      - Datapath:u1|RF:u1|RegisterFile~1763 ; 1                 ; 6       ;
;      - Datapath:u1|RF:u1|RegisterFile~1766 ; 1                 ; 6       ;
;      - Datapath:u1|RF:u1|RegisterFile~1767 ; 1                 ; 6       ;
;      - Datapath:u1|RF:u1|RegisterFile~1775 ; 1                 ; 6       ;
;      - Datapath:u1|RF:u1|RegisterFile~1778 ; 1                 ; 6       ;
;      - Datapath:u1|RF:u1|RegisterFile~1801 ; 1                 ; 6       ;
;      - Datapath:u1|RF:u1|RegisterFile~1802 ; 1                 ; 6       ;
;      - Datapath:u1|RF:u1|RegisterFile~1803 ; 1                 ; 6       ;
;      - Datapath:u1|RF:u1|RegisterFile~1805 ; 1                 ; 6       ;
;      - Datapath:u1|RF:u1|RegisterFile~1806 ; 1                 ; 6       ;
;      - Datapath:u1|RF:u1|RegisterFile~1808 ; 1                 ; 6       ;
;      - Datapath:u1|RF:u1|RegisterFile~1817 ; 1                 ; 6       ;
;      - Datapath:u1|RF:u1|RegisterFile~1843 ; 1                 ; 6       ;
;      - Datapath:u1|RF:u1|RegisterFile~1844 ; 1                 ; 6       ;
;      - Datapath:u1|RF:u1|RegisterFile~1845 ; 1                 ; 6       ;
;      - Datapath:u1|RF:u1|RegisterFile~1847 ; 1                 ; 6       ;
;      - Datapath:u1|RF:u1|RegisterFile~1850 ; 1                 ; 6       ;
;      - Datapath:u1|RF:u1|RegisterFile~1851 ; 1                 ; 6       ;
;      - Datapath:u1|RF:u1|RegisterFile~1859 ; 1                 ; 6       ;
;      - Datapath:u1|RF:u1|RegisterFile~1862 ; 1                 ; 6       ;
;      - Datapath:u1|RF:u1|RegisterFile~1885 ; 1                 ; 6       ;
;      - Datapath:u1|RF:u1|RegisterFile~1886 ; 1                 ; 6       ;
;      - Datapath:u1|RF:u1|RegisterFile~1887 ; 1                 ; 6       ;
;      - Datapath:u1|RF:u1|RegisterFile~1889 ; 1                 ; 6       ;
;      - Datapath:u1|RF:u1|RegisterFile~1890 ; 1                 ; 6       ;
;      - Datapath:u1|RF:u1|RegisterFile~1892 ; 1                 ; 6       ;
;      - Datapath:u1|RF:u1|RegisterFile~1901 ; 1                 ; 6       ;
;      - Datapath:u1|RF:u1|RegisterFile~1927 ; 1                 ; 6       ;
;      - Datapath:u1|RF:u1|RegisterFile~1928 ; 1                 ; 6       ;
;      - Datapath:u1|RF:u1|RegisterFile~1929 ; 1                 ; 6       ;
;      - Datapath:u1|RF:u1|RegisterFile~1931 ; 1                 ; 6       ;
;      - Datapath:u1|RF:u1|RegisterFile~1934 ; 1                 ; 6       ;
;      - Datapath:u1|RF:u1|RegisterFile~1935 ; 1                 ; 6       ;
;      - Datapath:u1|RF:u1|RegisterFile~1943 ; 1                 ; 6       ;
;      - Datapath:u1|RF:u1|RegisterFile~1946 ; 1                 ; 6       ;
;      - Datapath:u1|RF:u1|RegisterFile~1969 ; 1                 ; 6       ;
;      - Datapath:u1|RF:u1|RegisterFile~1970 ; 1                 ; 6       ;
;      - Datapath:u1|RF:u1|RegisterFile~1971 ; 1                 ; 6       ;
;      - Datapath:u1|RF:u1|RegisterFile~1973 ; 1                 ; 6       ;
;      - Datapath:u1|RF:u1|RegisterFile~1974 ; 1                 ; 6       ;
;      - Datapath:u1|RF:u1|RegisterFile~1976 ; 1                 ; 6       ;
;      - Datapath:u1|RF:u1|RegisterFile~1985 ; 1                 ; 6       ;
;      - Datapath:u1|RF:u1|RegisterFile~2011 ; 1                 ; 6       ;
;      - Datapath:u1|RF:u1|RegisterFile~2012 ; 1                 ; 6       ;
;      - Datapath:u1|RF:u1|RegisterFile~2013 ; 1                 ; 6       ;
;      - Datapath:u1|RF:u1|RegisterFile~2015 ; 1                 ; 6       ;
;      - Datapath:u1|RF:u1|RegisterFile~2018 ; 1                 ; 6       ;
;      - Datapath:u1|RF:u1|RegisterFile~2019 ; 1                 ; 6       ;
;      - Datapath:u1|RF:u1|RegisterFile~2027 ; 1                 ; 6       ;
;      - Datapath:u1|RF:u1|RegisterFile~2030 ; 1                 ; 6       ;
;      - Datapath:u1|RF:u1|RegisterFile~2053 ; 1                 ; 6       ;
;      - Datapath:u1|RF:u1|RegisterFile~2054 ; 1                 ; 6       ;
;      - Datapath:u1|RF:u1|RegisterFile~2055 ; 1                 ; 6       ;
;      - Datapath:u1|RF:u1|RegisterFile~2057 ; 1                 ; 6       ;
;      - Datapath:u1|RF:u1|RegisterFile~2058 ; 1                 ; 6       ;
;      - Datapath:u1|RF:u1|RegisterFile~2060 ; 1                 ; 6       ;
;      - Datapath:u1|RF:u1|RegisterFile~2069 ; 1                 ; 6       ;
;      - Datapath:u1|RF:u1|RegisterFile~2095 ; 1                 ; 6       ;
;      - Datapath:u1|RF:u1|RegisterFile~2096 ; 1                 ; 6       ;
;      - Datapath:u1|RF:u1|RegisterFile~2097 ; 1                 ; 6       ;
;      - Datapath:u1|RF:u1|RegisterFile~2099 ; 1                 ; 6       ;
;      - Datapath:u1|RF:u1|RegisterFile~2102 ; 1                 ; 6       ;
;      - Datapath:u1|RF:u1|RegisterFile~2103 ; 1                 ; 6       ;
;      - Datapath:u1|RF:u1|RegisterFile~2111 ; 1                 ; 6       ;
;      - Datapath:u1|RF:u1|RegisterFile~2114 ; 1                 ; 6       ;
;      - Datapath:u1|RF:u1|RegisterFile~2137 ; 1                 ; 6       ;
;      - Datapath:u1|RF:u1|RegisterFile~2138 ; 1                 ; 6       ;
;      - Datapath:u1|RF:u1|RegisterFile~2139 ; 1                 ; 6       ;
;      - Datapath:u1|RF:u1|RegisterFile~2141 ; 1                 ; 6       ;
;      - Datapath:u1|RF:u1|RegisterFile~2142 ; 1                 ; 6       ;
;      - Datapath:u1|RF:u1|RegisterFile~2144 ; 1                 ; 6       ;
;      - Datapath:u1|RF:u1|RegisterFile~2153 ; 1                 ; 6       ;
;      - Datapath:u1|RF:u1|RegisterFile~2179 ; 1                 ; 6       ;
;      - Datapath:u1|RF:u1|RegisterFile~2180 ; 1                 ; 6       ;
;      - Datapath:u1|RF:u1|RegisterFile~2181 ; 1                 ; 6       ;
;      - Datapath:u1|RF:u1|RegisterFile~2183 ; 1                 ; 6       ;
;      - Datapath:u1|RF:u1|RegisterFile~2186 ; 1                 ; 6       ;
;      - Datapath:u1|RF:u1|RegisterFile~2187 ; 1                 ; 6       ;
;      - Datapath:u1|RF:u1|RegisterFile~2195 ; 1                 ; 6       ;
;      - Datapath:u1|RF:u1|RegisterFile~2198 ; 1                 ; 6       ;
;      - Datapath:u1|RF:u1|RegisterFile~2221 ; 1                 ; 6       ;
;      - Datapath:u1|RF:u1|RegisterFile~2222 ; 1                 ; 6       ;
;      - Datapath:u1|RF:u1|RegisterFile~2223 ; 1                 ; 6       ;
;      - Datapath:u1|RF:u1|RegisterFile~2225 ; 1                 ; 6       ;
;      - Datapath:u1|RF:u1|RegisterFile~2226 ; 1                 ; 6       ;
;      - Datapath:u1|RF:u1|RegisterFile~2228 ; 1                 ; 6       ;
;      - Datapath:u1|RF:u1|RegisterFile~2237 ; 1                 ; 6       ;
;      - Datapath:u1|RF:u1|RegisterFile~2263 ; 1                 ; 6       ;
;      - Datapath:u1|RF:u1|RegisterFile~2264 ; 1                 ; 6       ;
;      - Datapath:u1|RF:u1|RegisterFile~2265 ; 1                 ; 6       ;
;      - Datapath:u1|RF:u1|RegisterFile~2267 ; 1                 ; 6       ;
;      - Datapath:u1|RF:u1|RegisterFile~2270 ; 1                 ; 6       ;
;      - Datapath:u1|RF:u1|RegisterFile~2271 ; 1                 ; 6       ;
;      - Datapath:u1|RF:u1|RegisterFile~2279 ; 1                 ; 6       ;
;      - Datapath:u1|RF:u1|RegisterFile~2282 ; 1                 ; 6       ;
;      - Datapath:u1|RF:u1|RegisterFile~2305 ; 1                 ; 6       ;
;      - Datapath:u1|RF:u1|RegisterFile~2306 ; 1                 ; 6       ;
;      - Datapath:u1|RF:u1|RegisterFile~2307 ; 1                 ; 6       ;
;      - Datapath:u1|RF:u1|RegisterFile~2309 ; 1                 ; 6       ;
;      - Datapath:u1|RF:u1|RegisterFile~2310 ; 1                 ; 6       ;
;      - Datapath:u1|RF:u1|RegisterFile~2312 ; 1                 ; 6       ;
;      - Datapath:u1|RF:u1|RegisterFile~2321 ; 1                 ; 6       ;
;      - Datapath:u1|RF:u1|RegisterFile~2347 ; 1                 ; 6       ;
;      - Datapath:u1|RF:u1|RegisterFile~2348 ; 1                 ; 6       ;
;      - Datapath:u1|RF:u1|RegisterFile~2349 ; 1                 ; 6       ;
;      - Datapath:u1|RF:u1|RegisterFile~2351 ; 1                 ; 6       ;
;      - Datapath:u1|RF:u1|RegisterFile~2354 ; 1                 ; 6       ;
;      - Datapath:u1|RF:u1|RegisterFile~2355 ; 1                 ; 6       ;
;      - Datapath:u1|RF:u1|RegisterFile~2363 ; 1                 ; 6       ;
;      - Datapath:u1|RF:u1|RegisterFile~2366 ; 1                 ; 6       ;
;      - Datapath:u1|mux_5bit:u0|C[2]~2      ; 1                 ; 6       ;
; instruction[19]                            ;                   ;         ;
;      - Datapath:u1|RF:u1|RegisterFile~1049 ; 1                 ; 6       ;
;      - Datapath:u1|RF:u1|RegisterFile~1051 ; 1                 ; 6       ;
;      - Datapath:u1|RF:u1|RegisterFile~1052 ; 1                 ; 6       ;
;      - Datapath:u1|RF:u1|RegisterFile~1053 ; 1                 ; 6       ;
;      - Datapath:u1|RF:u1|RegisterFile~1056 ; 1                 ; 6       ;
;      - Datapath:u1|RF:u1|RegisterFile~1057 ; 1                 ; 6       ;
;      - Datapath:u1|RF:u1|RegisterFile~1065 ; 1                 ; 6       ;
;      - Datapath:u1|RF:u1|RegisterFile~1068 ; 1                 ; 6       ;
;      - Datapath:u1|RF:u1|RegisterFile~1090 ; 1                 ; 6       ;
;      - Datapath:u1|RF:u1|RegisterFile~1092 ; 1                 ; 6       ;
;      - Datapath:u1|RF:u1|RegisterFile~1093 ; 1                 ; 6       ;
;      - Datapath:u1|RF:u1|RegisterFile~1094 ; 1                 ; 6       ;
;      - Datapath:u1|RF:u1|RegisterFile~1095 ; 1                 ; 6       ;
;      - Datapath:u1|RF:u1|RegisterFile~1097 ; 1                 ; 6       ;
;      - Datapath:u1|RF:u1|RegisterFile~1106 ; 1                 ; 6       ;
;      - Datapath:u1|RF:u1|RegisterFile~1131 ; 1                 ; 6       ;
;      - Datapath:u1|RF:u1|RegisterFile~1133 ; 1                 ; 6       ;
;      - Datapath:u1|RF:u1|RegisterFile~1134 ; 1                 ; 6       ;
;      - Datapath:u1|RF:u1|RegisterFile~1135 ; 1                 ; 6       ;
;      - Datapath:u1|RF:u1|RegisterFile~1138 ; 1                 ; 6       ;
;      - Datapath:u1|RF:u1|RegisterFile~1139 ; 1                 ; 6       ;
;      - Datapath:u1|RF:u1|RegisterFile~1147 ; 1                 ; 6       ;
;      - Datapath:u1|RF:u1|RegisterFile~1150 ; 1                 ; 6       ;
;      - Datapath:u1|RF:u1|RegisterFile~1172 ; 1                 ; 6       ;
;      - Datapath:u1|RF:u1|RegisterFile~1174 ; 1                 ; 6       ;
;      - Datapath:u1|RF:u1|RegisterFile~1175 ; 1                 ; 6       ;
;      - Datapath:u1|RF:u1|RegisterFile~1176 ; 1                 ; 6       ;
;      - Datapath:u1|RF:u1|RegisterFile~1177 ; 1                 ; 6       ;
;      - Datapath:u1|RF:u1|RegisterFile~1179 ; 1                 ; 6       ;
;      - Datapath:u1|RF:u1|RegisterFile~1188 ; 1                 ; 6       ;
;      - Datapath:u1|RF:u1|RegisterFile~1213 ; 1                 ; 6       ;
;      - Datapath:u1|RF:u1|RegisterFile~1215 ; 1                 ; 6       ;
;      - Datapath:u1|RF:u1|RegisterFile~1216 ; 1                 ; 6       ;
;      - Datapath:u1|RF:u1|RegisterFile~1217 ; 1                 ; 6       ;
;      - Datapath:u1|RF:u1|RegisterFile~1220 ; 1                 ; 6       ;
;      - Datapath:u1|RF:u1|RegisterFile~1221 ; 1                 ; 6       ;
;      - Datapath:u1|RF:u1|RegisterFile~1229 ; 1                 ; 6       ;
;      - Datapath:u1|RF:u1|RegisterFile~1232 ; 1                 ; 6       ;
;      - Datapath:u1|RF:u1|RegisterFile~1255 ; 1                 ; 6       ;
;      - Datapath:u1|RF:u1|RegisterFile~1257 ; 1                 ; 6       ;
;      - Datapath:u1|RF:u1|RegisterFile~1258 ; 1                 ; 6       ;
;      - Datapath:u1|RF:u1|RegisterFile~1259 ; 1                 ; 6       ;
;      - Datapath:u1|RF:u1|RegisterFile~1260 ; 1                 ; 6       ;
;      - Datapath:u1|RF:u1|RegisterFile~1262 ; 1                 ; 6       ;
;      - Datapath:u1|RF:u1|RegisterFile~1271 ; 1                 ; 6       ;
;      - Datapath:u1|RF:u1|RegisterFile~1297 ; 1                 ; 6       ;
;      - Datapath:u1|RF:u1|RegisterFile~1299 ; 1                 ; 6       ;
;      - Datapath:u1|RF:u1|RegisterFile~1300 ; 1                 ; 6       ;
;      - Datapath:u1|RF:u1|RegisterFile~1301 ; 1                 ; 6       ;
;      - Datapath:u1|RF:u1|RegisterFile~1304 ; 1                 ; 6       ;
;      - Datapath:u1|RF:u1|RegisterFile~1305 ; 1                 ; 6       ;
;      - Datapath:u1|RF:u1|RegisterFile~1313 ; 1                 ; 6       ;
;      - Datapath:u1|RF:u1|RegisterFile~1316 ; 1                 ; 6       ;
;      - Datapath:u1|RF:u1|RegisterFile~1339 ; 1                 ; 6       ;
;      - Datapath:u1|RF:u1|RegisterFile~1341 ; 1                 ; 6       ;
;      - Datapath:u1|RF:u1|RegisterFile~1342 ; 1                 ; 6       ;
;      - Datapath:u1|RF:u1|RegisterFile~1343 ; 1                 ; 6       ;
;      - Datapath:u1|RF:u1|RegisterFile~1344 ; 1                 ; 6       ;
;      - Datapath:u1|RF:u1|RegisterFile~1346 ; 1                 ; 6       ;
;      - Datapath:u1|RF:u1|RegisterFile~1355 ; 1                 ; 6       ;
;      - Datapath:u1|RF:u1|RegisterFile~1381 ; 1                 ; 6       ;
;      - Datapath:u1|RF:u1|RegisterFile~1383 ; 1                 ; 6       ;
;      - Datapath:u1|RF:u1|RegisterFile~1384 ; 1                 ; 6       ;
;      - Datapath:u1|RF:u1|RegisterFile~1385 ; 1                 ; 6       ;
;      - Datapath:u1|RF:u1|RegisterFile~1388 ; 1                 ; 6       ;
;      - Datapath:u1|RF:u1|RegisterFile~1389 ; 1                 ; 6       ;
;      - Datapath:u1|RF:u1|RegisterFile~1397 ; 1                 ; 6       ;
;      - Datapath:u1|RF:u1|RegisterFile~1400 ; 1                 ; 6       ;
;      - Datapath:u1|RF:u1|RegisterFile~1423 ; 1                 ; 6       ;
;      - Datapath:u1|RF:u1|RegisterFile~1425 ; 1                 ; 6       ;
;      - Datapath:u1|RF:u1|RegisterFile~1426 ; 1                 ; 6       ;
;      - Datapath:u1|RF:u1|RegisterFile~1427 ; 1                 ; 6       ;
;      - Datapath:u1|RF:u1|RegisterFile~1428 ; 1                 ; 6       ;
;      - Datapath:u1|RF:u1|RegisterFile~1430 ; 1                 ; 6       ;
;      - Datapath:u1|RF:u1|RegisterFile~1439 ; 1                 ; 6       ;
;      - Datapath:u1|RF:u1|RegisterFile~1465 ; 1                 ; 6       ;
;      - Datapath:u1|RF:u1|RegisterFile~1467 ; 1                 ; 6       ;
;      - Datapath:u1|RF:u1|RegisterFile~1468 ; 1                 ; 6       ;
;      - Datapath:u1|RF:u1|RegisterFile~1469 ; 1                 ; 6       ;
;      - Datapath:u1|RF:u1|RegisterFile~1472 ; 1                 ; 6       ;
;      - Datapath:u1|RF:u1|RegisterFile~1473 ; 1                 ; 6       ;
;      - Datapath:u1|RF:u1|RegisterFile~1481 ; 1                 ; 6       ;
;      - Datapath:u1|RF:u1|RegisterFile~1484 ; 1                 ; 6       ;
;      - Datapath:u1|RF:u1|RegisterFile~1507 ; 1                 ; 6       ;
;      - Datapath:u1|RF:u1|RegisterFile~1509 ; 1                 ; 6       ;
;      - Datapath:u1|RF:u1|RegisterFile~1510 ; 1                 ; 6       ;
;      - Datapath:u1|RF:u1|RegisterFile~1511 ; 1                 ; 6       ;
;      - Datapath:u1|RF:u1|RegisterFile~1512 ; 1                 ; 6       ;
;      - Datapath:u1|RF:u1|RegisterFile~1514 ; 1                 ; 6       ;
;      - Datapath:u1|RF:u1|RegisterFile~1523 ; 1                 ; 6       ;
;      - Datapath:u1|RF:u1|RegisterFile~1549 ; 1                 ; 6       ;
;      - Datapath:u1|RF:u1|RegisterFile~1551 ; 1                 ; 6       ;
;      - Datapath:u1|RF:u1|RegisterFile~1552 ; 1                 ; 6       ;
;      - Datapath:u1|RF:u1|RegisterFile~1553 ; 1                 ; 6       ;
;      - Datapath:u1|RF:u1|RegisterFile~1556 ; 1                 ; 6       ;
;      - Datapath:u1|RF:u1|RegisterFile~1557 ; 1                 ; 6       ;
;      - Datapath:u1|RF:u1|RegisterFile~1565 ; 1                 ; 6       ;
;      - Datapath:u1|RF:u1|RegisterFile~1568 ; 1                 ; 6       ;
;      - Datapath:u1|RF:u1|RegisterFile~1591 ; 1                 ; 6       ;
;      - Datapath:u1|RF:u1|RegisterFile~1593 ; 1                 ; 6       ;
;      - Datapath:u1|RF:u1|RegisterFile~1594 ; 1                 ; 6       ;
;      - Datapath:u1|RF:u1|RegisterFile~1595 ; 1                 ; 6       ;
;      - Datapath:u1|RF:u1|RegisterFile~1596 ; 1                 ; 6       ;
;      - Datapath:u1|RF:u1|RegisterFile~1598 ; 1                 ; 6       ;
;      - Datapath:u1|RF:u1|RegisterFile~1607 ; 1                 ; 6       ;
;      - Datapath:u1|RF:u1|RegisterFile~1633 ; 1                 ; 6       ;
;      - Datapath:u1|RF:u1|RegisterFile~1635 ; 1                 ; 6       ;
;      - Datapath:u1|RF:u1|RegisterFile~1636 ; 1                 ; 6       ;
;      - Datapath:u1|RF:u1|RegisterFile~1637 ; 1                 ; 6       ;
;      - Datapath:u1|RF:u1|RegisterFile~1640 ; 1                 ; 6       ;
;      - Datapath:u1|RF:u1|RegisterFile~1641 ; 1                 ; 6       ;
;      - Datapath:u1|RF:u1|RegisterFile~1649 ; 1                 ; 6       ;
;      - Datapath:u1|RF:u1|RegisterFile~1652 ; 1                 ; 6       ;
;      - Datapath:u1|RF:u1|RegisterFile~1675 ; 1                 ; 6       ;
;      - Datapath:u1|RF:u1|RegisterFile~1677 ; 1                 ; 6       ;
;      - Datapath:u1|RF:u1|RegisterFile~1678 ; 1                 ; 6       ;
;      - Datapath:u1|RF:u1|RegisterFile~1679 ; 1                 ; 6       ;
;      - Datapath:u1|RF:u1|RegisterFile~1680 ; 1                 ; 6       ;
;      - Datapath:u1|RF:u1|RegisterFile~1682 ; 1                 ; 6       ;
;      - Datapath:u1|RF:u1|RegisterFile~1691 ; 1                 ; 6       ;
;      - Datapath:u1|RF:u1|RegisterFile~1717 ; 1                 ; 6       ;
;      - Datapath:u1|RF:u1|RegisterFile~1719 ; 1                 ; 6       ;
;      - Datapath:u1|RF:u1|RegisterFile~1720 ; 1                 ; 6       ;
;      - Datapath:u1|RF:u1|RegisterFile~1721 ; 1                 ; 6       ;
;      - Datapath:u1|RF:u1|RegisterFile~1724 ; 1                 ; 6       ;
;      - Datapath:u1|RF:u1|RegisterFile~1725 ; 1                 ; 6       ;
;      - Datapath:u1|RF:u1|RegisterFile~1733 ; 1                 ; 6       ;
;      - Datapath:u1|RF:u1|RegisterFile~1736 ; 1                 ; 6       ;
;      - Datapath:u1|RF:u1|RegisterFile~1759 ; 1                 ; 6       ;
;      - Datapath:u1|RF:u1|RegisterFile~1761 ; 1                 ; 6       ;
;      - Datapath:u1|RF:u1|RegisterFile~1762 ; 1                 ; 6       ;
;      - Datapath:u1|RF:u1|RegisterFile~1763 ; 1                 ; 6       ;
;      - Datapath:u1|RF:u1|RegisterFile~1764 ; 1                 ; 6       ;
;      - Datapath:u1|RF:u1|RegisterFile~1766 ; 1                 ; 6       ;
;      - Datapath:u1|RF:u1|RegisterFile~1775 ; 1                 ; 6       ;
;      - Datapath:u1|RF:u1|RegisterFile~1801 ; 1                 ; 6       ;
;      - Datapath:u1|RF:u1|RegisterFile~1803 ; 1                 ; 6       ;
;      - Datapath:u1|RF:u1|RegisterFile~1804 ; 1                 ; 6       ;
;      - Datapath:u1|RF:u1|RegisterFile~1805 ; 1                 ; 6       ;
;      - Datapath:u1|RF:u1|RegisterFile~1808 ; 1                 ; 6       ;
;      - Datapath:u1|RF:u1|RegisterFile~1809 ; 1                 ; 6       ;
;      - Datapath:u1|RF:u1|RegisterFile~1817 ; 1                 ; 6       ;
;      - Datapath:u1|RF:u1|RegisterFile~1820 ; 1                 ; 6       ;
;      - Datapath:u1|RF:u1|RegisterFile~1843 ; 1                 ; 6       ;
;      - Datapath:u1|RF:u1|RegisterFile~1845 ; 1                 ; 6       ;
;      - Datapath:u1|RF:u1|RegisterFile~1846 ; 1                 ; 6       ;
;      - Datapath:u1|RF:u1|RegisterFile~1847 ; 1                 ; 6       ;
;      - Datapath:u1|RF:u1|RegisterFile~1848 ; 1                 ; 6       ;
;      - Datapath:u1|RF:u1|RegisterFile~1850 ; 1                 ; 6       ;
;      - Datapath:u1|RF:u1|RegisterFile~1859 ; 1                 ; 6       ;
;      - Datapath:u1|RF:u1|RegisterFile~1885 ; 1                 ; 6       ;
;      - Datapath:u1|RF:u1|RegisterFile~1887 ; 1                 ; 6       ;
;      - Datapath:u1|RF:u1|RegisterFile~1888 ; 1                 ; 6       ;
;      - Datapath:u1|RF:u1|RegisterFile~1889 ; 1                 ; 6       ;
;      - Datapath:u1|RF:u1|RegisterFile~1892 ; 1                 ; 6       ;
;      - Datapath:u1|RF:u1|RegisterFile~1893 ; 1                 ; 6       ;
;      - Datapath:u1|RF:u1|RegisterFile~1901 ; 1                 ; 6       ;
;      - Datapath:u1|RF:u1|RegisterFile~1904 ; 1                 ; 6       ;
;      - Datapath:u1|RF:u1|RegisterFile~1927 ; 1                 ; 6       ;
;      - Datapath:u1|RF:u1|RegisterFile~1929 ; 1                 ; 6       ;
;      - Datapath:u1|RF:u1|RegisterFile~1930 ; 1                 ; 6       ;
;      - Datapath:u1|RF:u1|RegisterFile~1931 ; 1                 ; 6       ;
;      - Datapath:u1|RF:u1|RegisterFile~1932 ; 1                 ; 6       ;
;      - Datapath:u1|RF:u1|RegisterFile~1934 ; 1                 ; 6       ;
;      - Datapath:u1|RF:u1|RegisterFile~1943 ; 1                 ; 6       ;
;      - Datapath:u1|RF:u1|RegisterFile~1969 ; 1                 ; 6       ;
;      - Datapath:u1|RF:u1|RegisterFile~1971 ; 1                 ; 6       ;
;      - Datapath:u1|RF:u1|RegisterFile~1972 ; 1                 ; 6       ;
;      - Datapath:u1|RF:u1|RegisterFile~1973 ; 1                 ; 6       ;
;      - Datapath:u1|RF:u1|RegisterFile~1976 ; 1                 ; 6       ;
;      - Datapath:u1|RF:u1|RegisterFile~1977 ; 1                 ; 6       ;
;      - Datapath:u1|RF:u1|RegisterFile~1985 ; 1                 ; 6       ;
;      - Datapath:u1|RF:u1|RegisterFile~1988 ; 1                 ; 6       ;
;      - Datapath:u1|RF:u1|RegisterFile~2011 ; 1                 ; 6       ;
;      - Datapath:u1|RF:u1|RegisterFile~2013 ; 1                 ; 6       ;
;      - Datapath:u1|RF:u1|RegisterFile~2014 ; 1                 ; 6       ;
;      - Datapath:u1|RF:u1|RegisterFile~2015 ; 1                 ; 6       ;
;      - Datapath:u1|RF:u1|RegisterFile~2016 ; 1                 ; 6       ;
;      - Datapath:u1|RF:u1|RegisterFile~2018 ; 1                 ; 6       ;
;      - Datapath:u1|RF:u1|RegisterFile~2027 ; 1                 ; 6       ;
;      - Datapath:u1|RF:u1|RegisterFile~2053 ; 1                 ; 6       ;
;      - Datapath:u1|RF:u1|RegisterFile~2055 ; 1                 ; 6       ;
;      - Datapath:u1|RF:u1|RegisterFile~2056 ; 1                 ; 6       ;
;      - Datapath:u1|RF:u1|RegisterFile~2057 ; 1                 ; 6       ;
;      - Datapath:u1|RF:u1|RegisterFile~2060 ; 1                 ; 6       ;
;      - Datapath:u1|RF:u1|RegisterFile~2061 ; 1                 ; 6       ;
;      - Datapath:u1|RF:u1|RegisterFile~2069 ; 1                 ; 6       ;
;      - Datapath:u1|RF:u1|RegisterFile~2072 ; 1                 ; 6       ;
;      - Datapath:u1|RF:u1|RegisterFile~2095 ; 1                 ; 6       ;
;      - Datapath:u1|RF:u1|RegisterFile~2097 ; 1                 ; 6       ;
;      - Datapath:u1|RF:u1|RegisterFile~2098 ; 1                 ; 6       ;
;      - Datapath:u1|RF:u1|RegisterFile~2099 ; 1                 ; 6       ;
;      - Datapath:u1|RF:u1|RegisterFile~2100 ; 1                 ; 6       ;
;      - Datapath:u1|RF:u1|RegisterFile~2102 ; 1                 ; 6       ;
;      - Datapath:u1|RF:u1|RegisterFile~2111 ; 1                 ; 6       ;
;      - Datapath:u1|RF:u1|RegisterFile~2137 ; 1                 ; 6       ;
;      - Datapath:u1|RF:u1|RegisterFile~2139 ; 1                 ; 6       ;
;      - Datapath:u1|RF:u1|RegisterFile~2140 ; 1                 ; 6       ;
;      - Datapath:u1|RF:u1|RegisterFile~2141 ; 1                 ; 6       ;
;      - Datapath:u1|RF:u1|RegisterFile~2144 ; 1                 ; 6       ;
;      - Datapath:u1|RF:u1|RegisterFile~2145 ; 1                 ; 6       ;
;      - Datapath:u1|RF:u1|RegisterFile~2153 ; 1                 ; 6       ;
;      - Datapath:u1|RF:u1|RegisterFile~2156 ; 1                 ; 6       ;
;      - Datapath:u1|RF:u1|RegisterFile~2179 ; 1                 ; 6       ;
;      - Datapath:u1|RF:u1|RegisterFile~2181 ; 1                 ; 6       ;
;      - Datapath:u1|RF:u1|RegisterFile~2182 ; 1                 ; 6       ;
;      - Datapath:u1|RF:u1|RegisterFile~2183 ; 1                 ; 6       ;
;      - Datapath:u1|RF:u1|RegisterFile~2184 ; 1                 ; 6       ;
;      - Datapath:u1|RF:u1|RegisterFile~2186 ; 1                 ; 6       ;
;      - Datapath:u1|RF:u1|RegisterFile~2195 ; 1                 ; 6       ;
;      - Datapath:u1|RF:u1|RegisterFile~2221 ; 1                 ; 6       ;
;      - Datapath:u1|RF:u1|RegisterFile~2223 ; 1                 ; 6       ;
;      - Datapath:u1|RF:u1|RegisterFile~2224 ; 1                 ; 6       ;
;      - Datapath:u1|RF:u1|RegisterFile~2225 ; 1                 ; 6       ;
;      - Datapath:u1|RF:u1|RegisterFile~2228 ; 1                 ; 6       ;
;      - Datapath:u1|RF:u1|RegisterFile~2229 ; 1                 ; 6       ;
;      - Datapath:u1|RF:u1|RegisterFile~2237 ; 1                 ; 6       ;
;      - Datapath:u1|RF:u1|RegisterFile~2240 ; 1                 ; 6       ;
;      - Datapath:u1|RF:u1|RegisterFile~2263 ; 1                 ; 6       ;
;      - Datapath:u1|RF:u1|RegisterFile~2265 ; 1                 ; 6       ;
;      - Datapath:u1|RF:u1|RegisterFile~2266 ; 1                 ; 6       ;
;      - Datapath:u1|RF:u1|RegisterFile~2267 ; 1                 ; 6       ;
;      - Datapath:u1|RF:u1|RegisterFile~2268 ; 1                 ; 6       ;
;      - Datapath:u1|RF:u1|RegisterFile~2270 ; 1                 ; 6       ;
;      - Datapath:u1|RF:u1|RegisterFile~2279 ; 1                 ; 6       ;
;      - Datapath:u1|RF:u1|RegisterFile~2305 ; 1                 ; 6       ;
;      - Datapath:u1|RF:u1|RegisterFile~2307 ; 1                 ; 6       ;
;      - Datapath:u1|RF:u1|RegisterFile~2308 ; 1                 ; 6       ;
;      - Datapath:u1|RF:u1|RegisterFile~2309 ; 1                 ; 6       ;
;      - Datapath:u1|RF:u1|RegisterFile~2312 ; 1                 ; 6       ;
;      - Datapath:u1|RF:u1|RegisterFile~2313 ; 1                 ; 6       ;
;      - Datapath:u1|RF:u1|RegisterFile~2321 ; 1                 ; 6       ;
;      - Datapath:u1|RF:u1|RegisterFile~2324 ; 1                 ; 6       ;
;      - Datapath:u1|RF:u1|RegisterFile~2347 ; 1                 ; 6       ;
;      - Datapath:u1|RF:u1|RegisterFile~2349 ; 1                 ; 6       ;
;      - Datapath:u1|RF:u1|RegisterFile~2350 ; 1                 ; 6       ;
;      - Datapath:u1|RF:u1|RegisterFile~2351 ; 1                 ; 6       ;
;      - Datapath:u1|RF:u1|RegisterFile~2352 ; 1                 ; 6       ;
;      - Datapath:u1|RF:u1|RegisterFile~2354 ; 1                 ; 6       ;
;      - Datapath:u1|RF:u1|RegisterFile~2363 ; 1                 ; 6       ;
;      - Datapath:u1|mux_5bit:u0|C[3]~3      ; 1                 ; 6       ;
; instruction[17]                            ;                   ;         ;
;      - Datapath:u1|RF:u1|RegisterFile~1055 ; 0                 ; 6       ;
;      - Datapath:u1|RF:u1|RegisterFile~1058 ; 0                 ; 6       ;
;      - Datapath:u1|RF:u1|RegisterFile~1059 ; 0                 ; 6       ;
;      - Datapath:u1|RF:u1|RegisterFile~1060 ; 0                 ; 6       ;
;      - Datapath:u1|RF:u1|RegisterFile~1061 ; 0                 ; 6       ;
;      - Datapath:u1|RF:u1|RegisterFile~1063 ; 0                 ; 6       ;
;      - Datapath:u1|RF:u1|RegisterFile~1064 ; 0                 ; 6       ;
;      - Datapath:u1|RF:u1|RegisterFile~1066 ; 0                 ; 6       ;
;      - Datapath:u1|RF:u1|RegisterFile~1096 ; 0                 ; 6       ;
;      - Datapath:u1|RF:u1|RegisterFile~1100 ; 0                 ; 6       ;
;      - Datapath:u1|RF:u1|RegisterFile~1101 ; 0                 ; 6       ;
;      - Datapath:u1|RF:u1|RegisterFile~1102 ; 0                 ; 6       ;
;      - Datapath:u1|RF:u1|RegisterFile~1104 ; 0                 ; 6       ;
;      - Datapath:u1|RF:u1|RegisterFile~1107 ; 0                 ; 6       ;
;      - Datapath:u1|RF:u1|RegisterFile~1108 ; 0                 ; 6       ;
;      - Datapath:u1|RF:u1|RegisterFile~1137 ; 0                 ; 6       ;
;      - Datapath:u1|RF:u1|RegisterFile~1140 ; 0                 ; 6       ;
;      - Datapath:u1|RF:u1|RegisterFile~1141 ; 0                 ; 6       ;
;      - Datapath:u1|RF:u1|RegisterFile~1142 ; 0                 ; 6       ;
;      - Datapath:u1|RF:u1|RegisterFile~1143 ; 0                 ; 6       ;
;      - Datapath:u1|RF:u1|RegisterFile~1145 ; 0                 ; 6       ;
;      - Datapath:u1|RF:u1|RegisterFile~1146 ; 0                 ; 6       ;
;      - Datapath:u1|RF:u1|RegisterFile~1148 ; 0                 ; 6       ;
;      - Datapath:u1|RF:u1|RegisterFile~1178 ; 0                 ; 6       ;
;      - Datapath:u1|RF:u1|RegisterFile~1182 ; 0                 ; 6       ;
;      - Datapath:u1|RF:u1|RegisterFile~1183 ; 0                 ; 6       ;
;      - Datapath:u1|RF:u1|RegisterFile~1184 ; 0                 ; 6       ;
;      - Datapath:u1|RF:u1|RegisterFile~1186 ; 0                 ; 6       ;
;      - Datapath:u1|RF:u1|RegisterFile~1189 ; 0                 ; 6       ;
;      - Datapath:u1|RF:u1|RegisterFile~1190 ; 0                 ; 6       ;
;      - Datapath:u1|RF:u1|RegisterFile~1219 ; 0                 ; 6       ;
;      - Datapath:u1|RF:u1|RegisterFile~1222 ; 0                 ; 6       ;
;      - Datapath:u1|RF:u1|RegisterFile~1223 ; 0                 ; 6       ;
;      - Datapath:u1|RF:u1|RegisterFile~1224 ; 0                 ; 6       ;
;      - Datapath:u1|RF:u1|RegisterFile~1225 ; 0                 ; 6       ;
;      - Datapath:u1|RF:u1|RegisterFile~1227 ; 0                 ; 6       ;
;      - Datapath:u1|RF:u1|RegisterFile~1228 ; 0                 ; 6       ;
;      - Datapath:u1|RF:u1|RegisterFile~1230 ; 0                 ; 6       ;
;      - Datapath:u1|RF:u1|RegisterFile~1261 ; 0                 ; 6       ;
;      - Datapath:u1|RF:u1|RegisterFile~1265 ; 0                 ; 6       ;
;      - Datapath:u1|RF:u1|RegisterFile~1266 ; 0                 ; 6       ;
;      - Datapath:u1|RF:u1|RegisterFile~1267 ; 0                 ; 6       ;
;      - Datapath:u1|RF:u1|RegisterFile~1269 ; 0                 ; 6       ;
;      - Datapath:u1|RF:u1|RegisterFile~1272 ; 0                 ; 6       ;
;      - Datapath:u1|RF:u1|RegisterFile~1273 ; 0                 ; 6       ;
;      - Datapath:u1|RF:u1|RegisterFile~1303 ; 0                 ; 6       ;
;      - Datapath:u1|RF:u1|RegisterFile~1306 ; 0                 ; 6       ;
;      - Datapath:u1|RF:u1|RegisterFile~1307 ; 0                 ; 6       ;
;      - Datapath:u1|RF:u1|RegisterFile~1308 ; 0                 ; 6       ;
;      - Datapath:u1|RF:u1|RegisterFile~1309 ; 0                 ; 6       ;
;      - Datapath:u1|RF:u1|RegisterFile~1311 ; 0                 ; 6       ;
;      - Datapath:u1|RF:u1|RegisterFile~1312 ; 0                 ; 6       ;
;      - Datapath:u1|RF:u1|RegisterFile~1314 ; 0                 ; 6       ;
;      - Datapath:u1|RF:u1|RegisterFile~1345 ; 0                 ; 6       ;
;      - Datapath:u1|RF:u1|RegisterFile~1349 ; 0                 ; 6       ;
;      - Datapath:u1|RF:u1|RegisterFile~1350 ; 0                 ; 6       ;
;      - Datapath:u1|RF:u1|RegisterFile~1351 ; 0                 ; 6       ;
;      - Datapath:u1|RF:u1|RegisterFile~1353 ; 0                 ; 6       ;
;      - Datapath:u1|RF:u1|RegisterFile~1356 ; 0                 ; 6       ;
;      - Datapath:u1|RF:u1|RegisterFile~1357 ; 0                 ; 6       ;
;      - Datapath:u1|RF:u1|RegisterFile~1387 ; 0                 ; 6       ;
;      - Datapath:u1|RF:u1|RegisterFile~1390 ; 0                 ; 6       ;
;      - Datapath:u1|RF:u1|RegisterFile~1391 ; 0                 ; 6       ;
;      - Datapath:u1|RF:u1|RegisterFile~1392 ; 0                 ; 6       ;
;      - Datapath:u1|RF:u1|RegisterFile~1393 ; 0                 ; 6       ;
;      - Datapath:u1|RF:u1|RegisterFile~1395 ; 0                 ; 6       ;
;      - Datapath:u1|RF:u1|RegisterFile~1396 ; 0                 ; 6       ;
;      - Datapath:u1|RF:u1|RegisterFile~1398 ; 0                 ; 6       ;
;      - Datapath:u1|RF:u1|RegisterFile~1429 ; 0                 ; 6       ;
;      - Datapath:u1|RF:u1|RegisterFile~1433 ; 0                 ; 6       ;
;      - Datapath:u1|RF:u1|RegisterFile~1434 ; 0                 ; 6       ;
;      - Datapath:u1|RF:u1|RegisterFile~1435 ; 0                 ; 6       ;
;      - Datapath:u1|RF:u1|RegisterFile~1437 ; 0                 ; 6       ;
;      - Datapath:u1|RF:u1|RegisterFile~1440 ; 0                 ; 6       ;
;      - Datapath:u1|RF:u1|RegisterFile~1441 ; 0                 ; 6       ;
;      - Datapath:u1|RF:u1|RegisterFile~1471 ; 0                 ; 6       ;
;      - Datapath:u1|RF:u1|RegisterFile~1474 ; 0                 ; 6       ;
;      - Datapath:u1|RF:u1|RegisterFile~1475 ; 0                 ; 6       ;
;      - Datapath:u1|RF:u1|RegisterFile~1476 ; 0                 ; 6       ;
;      - Datapath:u1|RF:u1|RegisterFile~1477 ; 0                 ; 6       ;
;      - Datapath:u1|RF:u1|RegisterFile~1479 ; 0                 ; 6       ;
;      - Datapath:u1|RF:u1|RegisterFile~1480 ; 0                 ; 6       ;
;      - Datapath:u1|RF:u1|RegisterFile~1482 ; 0                 ; 6       ;
;      - Datapath:u1|RF:u1|RegisterFile~1513 ; 0                 ; 6       ;
;      - Datapath:u1|RF:u1|RegisterFile~1517 ; 0                 ; 6       ;
;      - Datapath:u1|RF:u1|RegisterFile~1518 ; 0                 ; 6       ;
;      - Datapath:u1|RF:u1|RegisterFile~1519 ; 0                 ; 6       ;
;      - Datapath:u1|RF:u1|RegisterFile~1521 ; 0                 ; 6       ;
;      - Datapath:u1|RF:u1|RegisterFile~1524 ; 0                 ; 6       ;
;      - Datapath:u1|RF:u1|RegisterFile~1525 ; 0                 ; 6       ;
;      - Datapath:u1|RF:u1|RegisterFile~1555 ; 0                 ; 6       ;
;      - Datapath:u1|RF:u1|RegisterFile~1558 ; 0                 ; 6       ;
;      - Datapath:u1|RF:u1|RegisterFile~1559 ; 0                 ; 6       ;
;      - Datapath:u1|RF:u1|RegisterFile~1560 ; 0                 ; 6       ;
;      - Datapath:u1|RF:u1|RegisterFile~1561 ; 0                 ; 6       ;
;      - Datapath:u1|RF:u1|RegisterFile~1563 ; 0                 ; 6       ;
;      - Datapath:u1|RF:u1|RegisterFile~1564 ; 0                 ; 6       ;
;      - Datapath:u1|RF:u1|RegisterFile~1566 ; 0                 ; 6       ;
;      - Datapath:u1|RF:u1|RegisterFile~1597 ; 0                 ; 6       ;
;      - Datapath:u1|RF:u1|RegisterFile~1601 ; 0                 ; 6       ;
;      - Datapath:u1|RF:u1|RegisterFile~1602 ; 0                 ; 6       ;
;      - Datapath:u1|RF:u1|RegisterFile~1603 ; 0                 ; 6       ;
;      - Datapath:u1|RF:u1|RegisterFile~1605 ; 0                 ; 6       ;
;      - Datapath:u1|RF:u1|RegisterFile~1608 ; 0                 ; 6       ;
;      - Datapath:u1|RF:u1|RegisterFile~1609 ; 0                 ; 6       ;
;      - Datapath:u1|RF:u1|RegisterFile~1639 ; 0                 ; 6       ;
;      - Datapath:u1|RF:u1|RegisterFile~1642 ; 0                 ; 6       ;
;      - Datapath:u1|RF:u1|RegisterFile~1643 ; 0                 ; 6       ;
;      - Datapath:u1|RF:u1|RegisterFile~1644 ; 0                 ; 6       ;
;      - Datapath:u1|RF:u1|RegisterFile~1645 ; 0                 ; 6       ;
;      - Datapath:u1|RF:u1|RegisterFile~1647 ; 0                 ; 6       ;
;      - Datapath:u1|RF:u1|RegisterFile~1648 ; 0                 ; 6       ;
;      - Datapath:u1|RF:u1|RegisterFile~1650 ; 0                 ; 6       ;
;      - Datapath:u1|RF:u1|RegisterFile~1681 ; 0                 ; 6       ;
;      - Datapath:u1|RF:u1|RegisterFile~1685 ; 0                 ; 6       ;
;      - Datapath:u1|RF:u1|RegisterFile~1686 ; 0                 ; 6       ;
;      - Datapath:u1|RF:u1|RegisterFile~1687 ; 0                 ; 6       ;
;      - Datapath:u1|RF:u1|RegisterFile~1689 ; 0                 ; 6       ;
;      - Datapath:u1|RF:u1|RegisterFile~1692 ; 0                 ; 6       ;
;      - Datapath:u1|RF:u1|RegisterFile~1693 ; 0                 ; 6       ;
;      - Datapath:u1|RF:u1|RegisterFile~1723 ; 0                 ; 6       ;
;      - Datapath:u1|RF:u1|RegisterFile~1726 ; 0                 ; 6       ;
;      - Datapath:u1|RF:u1|RegisterFile~1727 ; 0                 ; 6       ;
;      - Datapath:u1|RF:u1|RegisterFile~1728 ; 0                 ; 6       ;
;      - Datapath:u1|RF:u1|RegisterFile~1729 ; 0                 ; 6       ;
;      - Datapath:u1|RF:u1|RegisterFile~1731 ; 0                 ; 6       ;
;      - Datapath:u1|RF:u1|RegisterFile~1732 ; 0                 ; 6       ;
;      - Datapath:u1|RF:u1|RegisterFile~1734 ; 0                 ; 6       ;
;      - Datapath:u1|RF:u1|RegisterFile~1765 ; 0                 ; 6       ;
;      - Datapath:u1|RF:u1|RegisterFile~1769 ; 0                 ; 6       ;
;      - Datapath:u1|RF:u1|RegisterFile~1770 ; 0                 ; 6       ;
;      - Datapath:u1|RF:u1|RegisterFile~1771 ; 0                 ; 6       ;
;      - Datapath:u1|RF:u1|RegisterFile~1773 ; 0                 ; 6       ;
;      - Datapath:u1|RF:u1|RegisterFile~1776 ; 0                 ; 6       ;
;      - Datapath:u1|RF:u1|RegisterFile~1777 ; 0                 ; 6       ;
;      - Datapath:u1|RF:u1|RegisterFile~1807 ; 0                 ; 6       ;
;      - Datapath:u1|RF:u1|RegisterFile~1810 ; 0                 ; 6       ;
;      - Datapath:u1|RF:u1|RegisterFile~1811 ; 0                 ; 6       ;
;      - Datapath:u1|RF:u1|RegisterFile~1812 ; 0                 ; 6       ;
;      - Datapath:u1|RF:u1|RegisterFile~1813 ; 0                 ; 6       ;
;      - Datapath:u1|RF:u1|RegisterFile~1815 ; 0                 ; 6       ;
;      - Datapath:u1|RF:u1|RegisterFile~1816 ; 0                 ; 6       ;
;      - Datapath:u1|RF:u1|RegisterFile~1818 ; 0                 ; 6       ;
;      - Datapath:u1|RF:u1|RegisterFile~1849 ; 0                 ; 6       ;
;      - Datapath:u1|RF:u1|RegisterFile~1853 ; 0                 ; 6       ;
;      - Datapath:u1|RF:u1|RegisterFile~1854 ; 0                 ; 6       ;
;      - Datapath:u1|RF:u1|RegisterFile~1855 ; 0                 ; 6       ;
;      - Datapath:u1|RF:u1|RegisterFile~1857 ; 0                 ; 6       ;
;      - Datapath:u1|RF:u1|RegisterFile~1860 ; 0                 ; 6       ;
;      - Datapath:u1|RF:u1|RegisterFile~1861 ; 0                 ; 6       ;
;      - Datapath:u1|RF:u1|RegisterFile~1891 ; 0                 ; 6       ;
;      - Datapath:u1|RF:u1|RegisterFile~1894 ; 0                 ; 6       ;
;      - Datapath:u1|RF:u1|RegisterFile~1895 ; 0                 ; 6       ;
;      - Datapath:u1|RF:u1|RegisterFile~1896 ; 0                 ; 6       ;
;      - Datapath:u1|RF:u1|RegisterFile~1897 ; 0                 ; 6       ;
;      - Datapath:u1|RF:u1|RegisterFile~1899 ; 0                 ; 6       ;
;      - Datapath:u1|RF:u1|RegisterFile~1900 ; 0                 ; 6       ;
;      - Datapath:u1|RF:u1|RegisterFile~1902 ; 0                 ; 6       ;
;      - Datapath:u1|RF:u1|RegisterFile~1933 ; 0                 ; 6       ;
;      - Datapath:u1|RF:u1|RegisterFile~1937 ; 0                 ; 6       ;
;      - Datapath:u1|RF:u1|RegisterFile~1938 ; 0                 ; 6       ;
;      - Datapath:u1|RF:u1|RegisterFile~1939 ; 0                 ; 6       ;
;      - Datapath:u1|RF:u1|RegisterFile~1941 ; 0                 ; 6       ;
;      - Datapath:u1|RF:u1|RegisterFile~1944 ; 0                 ; 6       ;
;      - Datapath:u1|RF:u1|RegisterFile~1945 ; 0                 ; 6       ;
;      - Datapath:u1|RF:u1|RegisterFile~1975 ; 0                 ; 6       ;
;      - Datapath:u1|RF:u1|RegisterFile~1978 ; 0                 ; 6       ;
;      - Datapath:u1|RF:u1|RegisterFile~1979 ; 0                 ; 6       ;
;      - Datapath:u1|RF:u1|RegisterFile~1980 ; 0                 ; 6       ;
;      - Datapath:u1|RF:u1|RegisterFile~1981 ; 0                 ; 6       ;
;      - Datapath:u1|RF:u1|RegisterFile~1983 ; 0                 ; 6       ;
;      - Datapath:u1|RF:u1|RegisterFile~1984 ; 0                 ; 6       ;
;      - Datapath:u1|RF:u1|RegisterFile~1986 ; 0                 ; 6       ;
;      - Datapath:u1|RF:u1|RegisterFile~2017 ; 0                 ; 6       ;
;      - Datapath:u1|RF:u1|RegisterFile~2021 ; 0                 ; 6       ;
;      - Datapath:u1|RF:u1|RegisterFile~2022 ; 0                 ; 6       ;
;      - Datapath:u1|RF:u1|RegisterFile~2023 ; 0                 ; 6       ;
;      - Datapath:u1|RF:u1|RegisterFile~2025 ; 0                 ; 6       ;
;      - Datapath:u1|RF:u1|RegisterFile~2028 ; 0                 ; 6       ;
;      - Datapath:u1|RF:u1|RegisterFile~2029 ; 0                 ; 6       ;
;      - Datapath:u1|RF:u1|RegisterFile~2059 ; 0                 ; 6       ;
;      - Datapath:u1|RF:u1|RegisterFile~2062 ; 0                 ; 6       ;
;      - Datapath:u1|RF:u1|RegisterFile~2063 ; 0                 ; 6       ;
;      - Datapath:u1|RF:u1|RegisterFile~2064 ; 0                 ; 6       ;
;      - Datapath:u1|RF:u1|RegisterFile~2065 ; 0                 ; 6       ;
;      - Datapath:u1|RF:u1|RegisterFile~2067 ; 0                 ; 6       ;
;      - Datapath:u1|RF:u1|RegisterFile~2068 ; 0                 ; 6       ;
;      - Datapath:u1|RF:u1|RegisterFile~2070 ; 0                 ; 6       ;
;      - Datapath:u1|RF:u1|RegisterFile~2101 ; 0                 ; 6       ;
;      - Datapath:u1|RF:u1|RegisterFile~2105 ; 0                 ; 6       ;
;      - Datapath:u1|RF:u1|RegisterFile~2106 ; 0                 ; 6       ;
;      - Datapath:u1|RF:u1|RegisterFile~2107 ; 0                 ; 6       ;
;      - Datapath:u1|RF:u1|RegisterFile~2109 ; 0                 ; 6       ;
;      - Datapath:u1|RF:u1|RegisterFile~2112 ; 0                 ; 6       ;
;      - Datapath:u1|RF:u1|RegisterFile~2113 ; 0                 ; 6       ;
;      - Datapath:u1|RF:u1|RegisterFile~2143 ; 0                 ; 6       ;
;      - Datapath:u1|RF:u1|RegisterFile~2146 ; 0                 ; 6       ;
;      - Datapath:u1|RF:u1|RegisterFile~2147 ; 0                 ; 6       ;
;      - Datapath:u1|RF:u1|RegisterFile~2148 ; 0                 ; 6       ;
;      - Datapath:u1|RF:u1|RegisterFile~2149 ; 0                 ; 6       ;
;      - Datapath:u1|RF:u1|RegisterFile~2151 ; 0                 ; 6       ;
;      - Datapath:u1|RF:u1|RegisterFile~2152 ; 0                 ; 6       ;
;      - Datapath:u1|RF:u1|RegisterFile~2154 ; 0                 ; 6       ;
;      - Datapath:u1|RF:u1|RegisterFile~2185 ; 0                 ; 6       ;
;      - Datapath:u1|RF:u1|RegisterFile~2189 ; 0                 ; 6       ;
;      - Datapath:u1|RF:u1|RegisterFile~2190 ; 0                 ; 6       ;
;      - Datapath:u1|RF:u1|RegisterFile~2191 ; 0                 ; 6       ;
;      - Datapath:u1|RF:u1|RegisterFile~2193 ; 0                 ; 6       ;
;      - Datapath:u1|RF:u1|RegisterFile~2196 ; 0                 ; 6       ;
;      - Datapath:u1|RF:u1|RegisterFile~2197 ; 0                 ; 6       ;
;      - Datapath:u1|RF:u1|RegisterFile~2227 ; 0                 ; 6       ;
;      - Datapath:u1|RF:u1|RegisterFile~2230 ; 0                 ; 6       ;
;      - Datapath:u1|RF:u1|RegisterFile~2231 ; 0                 ; 6       ;
;      - Datapath:u1|RF:u1|RegisterFile~2232 ; 0                 ; 6       ;
;      - Datapath:u1|RF:u1|RegisterFile~2233 ; 0                 ; 6       ;
;      - Datapath:u1|RF:u1|RegisterFile~2235 ; 0                 ; 6       ;
;      - Datapath:u1|RF:u1|RegisterFile~2236 ; 0                 ; 6       ;
;      - Datapath:u1|RF:u1|RegisterFile~2238 ; 0                 ; 6       ;
;      - Datapath:u1|RF:u1|RegisterFile~2269 ; 0                 ; 6       ;
;      - Datapath:u1|RF:u1|RegisterFile~2273 ; 0                 ; 6       ;
;      - Datapath:u1|RF:u1|RegisterFile~2274 ; 0                 ; 6       ;
;      - Datapath:u1|RF:u1|RegisterFile~2275 ; 0                 ; 6       ;
;      - Datapath:u1|RF:u1|RegisterFile~2277 ; 0                 ; 6       ;
;      - Datapath:u1|RF:u1|RegisterFile~2280 ; 0                 ; 6       ;
;      - Datapath:u1|RF:u1|RegisterFile~2281 ; 0                 ; 6       ;
;      - Datapath:u1|RF:u1|RegisterFile~2311 ; 0                 ; 6       ;
;      - Datapath:u1|RF:u1|RegisterFile~2314 ; 0                 ; 6       ;
;      - Datapath:u1|RF:u1|RegisterFile~2315 ; 0                 ; 6       ;
;      - Datapath:u1|RF:u1|RegisterFile~2316 ; 0                 ; 6       ;
;      - Datapath:u1|RF:u1|RegisterFile~2317 ; 0                 ; 6       ;
;      - Datapath:u1|RF:u1|RegisterFile~2319 ; 0                 ; 6       ;
;      - Datapath:u1|RF:u1|RegisterFile~2320 ; 0                 ; 6       ;
;      - Datapath:u1|RF:u1|RegisterFile~2322 ; 0                 ; 6       ;
;      - Datapath:u1|RF:u1|RegisterFile~2353 ; 0                 ; 6       ;
;      - Datapath:u1|RF:u1|RegisterFile~2357 ; 0                 ; 6       ;
;      - Datapath:u1|RF:u1|RegisterFile~2358 ; 0                 ; 6       ;
;      - Datapath:u1|RF:u1|RegisterFile~2359 ; 0                 ; 6       ;
;      - Datapath:u1|RF:u1|RegisterFile~2361 ; 0                 ; 6       ;
;      - Datapath:u1|RF:u1|RegisterFile~2364 ; 0                 ; 6       ;
;      - Datapath:u1|RF:u1|RegisterFile~2365 ; 0                 ; 6       ;
;      - Datapath:u1|mux_5bit:u0|C[1]~1      ; 0                 ; 6       ;
; instruction[16]                            ;                   ;         ;
;      - Datapath:u1|RF:u1|RegisterFile~1055 ; 1                 ; 6       ;
;      - Datapath:u1|RF:u1|RegisterFile~1059 ; 1                 ; 6       ;
;      - Datapath:u1|RF:u1|RegisterFile~1061 ; 1                 ; 6       ;
;      - Datapath:u1|RF:u1|RegisterFile~1062 ; 1                 ; 6       ;
;      - Datapath:u1|RF:u1|RegisterFile~1063 ; 1                 ; 6       ;
;      - Datapath:u1|RF:u1|RegisterFile~1066 ; 1                 ; 6       ;
;      - Datapath:u1|RF:u1|RegisterFile~1067 ; 1                 ; 6       ;
;      - Datapath:u1|RF:u1|RegisterFile~1096 ; 1                 ; 6       ;
;      - Datapath:u1|RF:u1|RegisterFile~1099 ; 1                 ; 6       ;
;      - Datapath:u1|RF:u1|RegisterFile~1100 ; 1                 ; 6       ;
;      - Datapath:u1|RF:u1|RegisterFile~1102 ; 1                 ; 6       ;
;      - Datapath:u1|RF:u1|RegisterFile~1103 ; 1                 ; 6       ;
;      - Datapath:u1|RF:u1|RegisterFile~1104 ; 1                 ; 6       ;
;      - Datapath:u1|RF:u1|RegisterFile~1105 ; 1                 ; 6       ;
;      - Datapath:u1|RF:u1|RegisterFile~1107 ; 1                 ; 6       ;
;      - Datapath:u1|RF:u1|RegisterFile~1137 ; 1                 ; 6       ;
;      - Datapath:u1|RF:u1|RegisterFile~1141 ; 1                 ; 6       ;
;      - Datapath:u1|RF:u1|RegisterFile~1143 ; 1                 ; 6       ;
;      - Datapath:u1|RF:u1|RegisterFile~1144 ; 1                 ; 6       ;
;      - Datapath:u1|RF:u1|RegisterFile~1145 ; 1                 ; 6       ;
;      - Datapath:u1|RF:u1|RegisterFile~1148 ; 1                 ; 6       ;
;      - Datapath:u1|RF:u1|RegisterFile~1149 ; 1                 ; 6       ;
;      - Datapath:u1|RF:u1|RegisterFile~1178 ; 1                 ; 6       ;
;      - Datapath:u1|RF:u1|RegisterFile~1181 ; 1                 ; 6       ;
;      - Datapath:u1|RF:u1|RegisterFile~1182 ; 1                 ; 6       ;
;      - Datapath:u1|RF:u1|RegisterFile~1184 ; 1                 ; 6       ;
;      - Datapath:u1|RF:u1|RegisterFile~1185 ; 1                 ; 6       ;
;      - Datapath:u1|RF:u1|RegisterFile~1186 ; 1                 ; 6       ;
;      - Datapath:u1|RF:u1|RegisterFile~1187 ; 1                 ; 6       ;
;      - Datapath:u1|RF:u1|RegisterFile~1189 ; 1                 ; 6       ;
;      - Datapath:u1|RF:u1|RegisterFile~1219 ; 1                 ; 6       ;
;      - Datapath:u1|RF:u1|RegisterFile~1223 ; 1                 ; 6       ;
;      - Datapath:u1|RF:u1|RegisterFile~1225 ; 1                 ; 6       ;
;      - Datapath:u1|RF:u1|RegisterFile~1226 ; 1                 ; 6       ;
;      - Datapath:u1|RF:u1|RegisterFile~1227 ; 1                 ; 6       ;
;      - Datapath:u1|RF:u1|RegisterFile~1230 ; 1                 ; 6       ;
;      - Datapath:u1|RF:u1|RegisterFile~1231 ; 1                 ; 6       ;
;      - Datapath:u1|RF:u1|RegisterFile~1261 ; 1                 ; 6       ;
;      - Datapath:u1|RF:u1|RegisterFile~1264 ; 1                 ; 6       ;
;      - Datapath:u1|RF:u1|RegisterFile~1265 ; 1                 ; 6       ;
;      - Datapath:u1|RF:u1|RegisterFile~1267 ; 1                 ; 6       ;
;      - Datapath:u1|RF:u1|RegisterFile~1268 ; 1                 ; 6       ;
;      - Datapath:u1|RF:u1|RegisterFile~1269 ; 1                 ; 6       ;
;      - Datapath:u1|RF:u1|RegisterFile~1270 ; 1                 ; 6       ;
;      - Datapath:u1|RF:u1|RegisterFile~1272 ; 1                 ; 6       ;
;      - Datapath:u1|RF:u1|RegisterFile~1303 ; 1                 ; 6       ;
;      - Datapath:u1|RF:u1|RegisterFile~1307 ; 1                 ; 6       ;
;      - Datapath:u1|RF:u1|RegisterFile~1309 ; 1                 ; 6       ;
;      - Datapath:u1|RF:u1|RegisterFile~1310 ; 1                 ; 6       ;
;      - Datapath:u1|RF:u1|RegisterFile~1311 ; 1                 ; 6       ;
;      - Datapath:u1|RF:u1|RegisterFile~1314 ; 1                 ; 6       ;
;      - Datapath:u1|RF:u1|RegisterFile~1315 ; 1                 ; 6       ;
;      - Datapath:u1|RF:u1|RegisterFile~1345 ; 1                 ; 6       ;
;      - Datapath:u1|RF:u1|RegisterFile~1348 ; 1                 ; 6       ;
;      - Datapath:u1|RF:u1|RegisterFile~1349 ; 1                 ; 6       ;
;      - Datapath:u1|RF:u1|RegisterFile~1351 ; 1                 ; 6       ;
;      - Datapath:u1|RF:u1|RegisterFile~1352 ; 1                 ; 6       ;
;      - Datapath:u1|RF:u1|RegisterFile~1353 ; 1                 ; 6       ;
;      - Datapath:u1|RF:u1|RegisterFile~1354 ; 1                 ; 6       ;
;      - Datapath:u1|RF:u1|RegisterFile~1356 ; 1                 ; 6       ;
;      - Datapath:u1|RF:u1|RegisterFile~1387 ; 1                 ; 6       ;
;      - Datapath:u1|RF:u1|RegisterFile~1391 ; 1                 ; 6       ;
;      - Datapath:u1|RF:u1|RegisterFile~1393 ; 1                 ; 6       ;
;      - Datapath:u1|RF:u1|RegisterFile~1394 ; 1                 ; 6       ;
;      - Datapath:u1|RF:u1|RegisterFile~1395 ; 1                 ; 6       ;
;      - Datapath:u1|RF:u1|RegisterFile~1398 ; 1                 ; 6       ;
;      - Datapath:u1|RF:u1|RegisterFile~1399 ; 1                 ; 6       ;
;      - Datapath:u1|RF:u1|RegisterFile~1429 ; 1                 ; 6       ;
;      - Datapath:u1|RF:u1|RegisterFile~1432 ; 1                 ; 6       ;
;      - Datapath:u1|RF:u1|RegisterFile~1433 ; 1                 ; 6       ;
;      - Datapath:u1|RF:u1|RegisterFile~1435 ; 1                 ; 6       ;
;      - Datapath:u1|RF:u1|RegisterFile~1436 ; 1                 ; 6       ;
;      - Datapath:u1|RF:u1|RegisterFile~1437 ; 1                 ; 6       ;
;      - Datapath:u1|RF:u1|RegisterFile~1438 ; 1                 ; 6       ;
;      - Datapath:u1|RF:u1|RegisterFile~1440 ; 1                 ; 6       ;
;      - Datapath:u1|RF:u1|RegisterFile~1471 ; 1                 ; 6       ;
;      - Datapath:u1|RF:u1|RegisterFile~1475 ; 1                 ; 6       ;
;      - Datapath:u1|RF:u1|RegisterFile~1477 ; 1                 ; 6       ;
;      - Datapath:u1|RF:u1|RegisterFile~1478 ; 1                 ; 6       ;
;      - Datapath:u1|RF:u1|RegisterFile~1479 ; 1                 ; 6       ;
;      - Datapath:u1|RF:u1|RegisterFile~1482 ; 1                 ; 6       ;
;      - Datapath:u1|RF:u1|RegisterFile~1483 ; 1                 ; 6       ;
;      - Datapath:u1|RF:u1|RegisterFile~1513 ; 1                 ; 6       ;
;      - Datapath:u1|RF:u1|RegisterFile~1516 ; 1                 ; 6       ;
;      - Datapath:u1|RF:u1|RegisterFile~1517 ; 1                 ; 6       ;
;      - Datapath:u1|RF:u1|RegisterFile~1519 ; 1                 ; 6       ;
;      - Datapath:u1|RF:u1|RegisterFile~1520 ; 1                 ; 6       ;
;      - Datapath:u1|RF:u1|RegisterFile~1521 ; 1                 ; 6       ;
;      - Datapath:u1|RF:u1|RegisterFile~1522 ; 1                 ; 6       ;
;      - Datapath:u1|RF:u1|RegisterFile~1524 ; 1                 ; 6       ;
;      - Datapath:u1|RF:u1|RegisterFile~1555 ; 1                 ; 6       ;
;      - Datapath:u1|RF:u1|RegisterFile~1559 ; 1                 ; 6       ;
;      - Datapath:u1|RF:u1|RegisterFile~1561 ; 1                 ; 6       ;
;      - Datapath:u1|RF:u1|RegisterFile~1562 ; 1                 ; 6       ;
;      - Datapath:u1|RF:u1|RegisterFile~1563 ; 1                 ; 6       ;
;      - Datapath:u1|RF:u1|RegisterFile~1566 ; 1                 ; 6       ;
;      - Datapath:u1|RF:u1|RegisterFile~1567 ; 1                 ; 6       ;
;      - Datapath:u1|RF:u1|RegisterFile~1597 ; 1                 ; 6       ;
;      - Datapath:u1|RF:u1|RegisterFile~1600 ; 1                 ; 6       ;
;      - Datapath:u1|RF:u1|RegisterFile~1601 ; 1                 ; 6       ;
;      - Datapath:u1|RF:u1|RegisterFile~1603 ; 1                 ; 6       ;
;      - Datapath:u1|RF:u1|RegisterFile~1604 ; 1                 ; 6       ;
;      - Datapath:u1|RF:u1|RegisterFile~1605 ; 1                 ; 6       ;
;      - Datapath:u1|RF:u1|RegisterFile~1606 ; 1                 ; 6       ;
;      - Datapath:u1|RF:u1|RegisterFile~1608 ; 1                 ; 6       ;
;      - Datapath:u1|RF:u1|RegisterFile~1639 ; 1                 ; 6       ;
;      - Datapath:u1|RF:u1|RegisterFile~1643 ; 1                 ; 6       ;
;      - Datapath:u1|RF:u1|RegisterFile~1645 ; 1                 ; 6       ;
;      - Datapath:u1|RF:u1|RegisterFile~1646 ; 1                 ; 6       ;
;      - Datapath:u1|RF:u1|RegisterFile~1647 ; 1                 ; 6       ;
;      - Datapath:u1|RF:u1|RegisterFile~1650 ; 1                 ; 6       ;
;      - Datapath:u1|RF:u1|RegisterFile~1651 ; 1                 ; 6       ;
;      - Datapath:u1|RF:u1|RegisterFile~1681 ; 1                 ; 6       ;
;      - Datapath:u1|RF:u1|RegisterFile~1684 ; 1                 ; 6       ;
;      - Datapath:u1|RF:u1|RegisterFile~1685 ; 1                 ; 6       ;
;      - Datapath:u1|RF:u1|RegisterFile~1687 ; 1                 ; 6       ;
;      - Datapath:u1|RF:u1|RegisterFile~1688 ; 1                 ; 6       ;
;      - Datapath:u1|RF:u1|RegisterFile~1689 ; 1                 ; 6       ;
;      - Datapath:u1|RF:u1|RegisterFile~1690 ; 1                 ; 6       ;
;      - Datapath:u1|RF:u1|RegisterFile~1692 ; 1                 ; 6       ;
;      - Datapath:u1|RF:u1|RegisterFile~1723 ; 1                 ; 6       ;
;      - Datapath:u1|RF:u1|RegisterFile~1727 ; 1                 ; 6       ;
;      - Datapath:u1|RF:u1|RegisterFile~1729 ; 1                 ; 6       ;
;      - Datapath:u1|RF:u1|RegisterFile~1730 ; 1                 ; 6       ;
;      - Datapath:u1|RF:u1|RegisterFile~1731 ; 1                 ; 6       ;
;      - Datapath:u1|RF:u1|RegisterFile~1734 ; 1                 ; 6       ;
;      - Datapath:u1|RF:u1|RegisterFile~1735 ; 1                 ; 6       ;
;      - Datapath:u1|RF:u1|RegisterFile~1765 ; 1                 ; 6       ;
;      - Datapath:u1|RF:u1|RegisterFile~1768 ; 1                 ; 6       ;
;      - Datapath:u1|RF:u1|RegisterFile~1769 ; 1                 ; 6       ;
;      - Datapath:u1|RF:u1|RegisterFile~1771 ; 1                 ; 6       ;
;      - Datapath:u1|RF:u1|RegisterFile~1772 ; 1                 ; 6       ;
;      - Datapath:u1|RF:u1|RegisterFile~1773 ; 1                 ; 6       ;
;      - Datapath:u1|RF:u1|RegisterFile~1774 ; 1                 ; 6       ;
;      - Datapath:u1|RF:u1|RegisterFile~1776 ; 1                 ; 6       ;
;      - Datapath:u1|RF:u1|RegisterFile~1807 ; 1                 ; 6       ;
;      - Datapath:u1|RF:u1|RegisterFile~1811 ; 1                 ; 6       ;
;      - Datapath:u1|RF:u1|RegisterFile~1813 ; 1                 ; 6       ;
;      - Datapath:u1|RF:u1|RegisterFile~1814 ; 1                 ; 6       ;
;      - Datapath:u1|RF:u1|RegisterFile~1815 ; 1                 ; 6       ;
;      - Datapath:u1|RF:u1|RegisterFile~1818 ; 1                 ; 6       ;
;      - Datapath:u1|RF:u1|RegisterFile~1819 ; 1                 ; 6       ;
;      - Datapath:u1|RF:u1|RegisterFile~1849 ; 1                 ; 6       ;
;      - Datapath:u1|RF:u1|RegisterFile~1852 ; 1                 ; 6       ;
;      - Datapath:u1|RF:u1|RegisterFile~1853 ; 1                 ; 6       ;
;      - Datapath:u1|RF:u1|RegisterFile~1855 ; 1                 ; 6       ;
;      - Datapath:u1|RF:u1|RegisterFile~1856 ; 1                 ; 6       ;
;      - Datapath:u1|RF:u1|RegisterFile~1857 ; 1                 ; 6       ;
;      - Datapath:u1|RF:u1|RegisterFile~1858 ; 1                 ; 6       ;
;      - Datapath:u1|RF:u1|RegisterFile~1860 ; 1                 ; 6       ;
;      - Datapath:u1|RF:u1|RegisterFile~1891 ; 1                 ; 6       ;
;      - Datapath:u1|RF:u1|RegisterFile~1895 ; 1                 ; 6       ;
;      - Datapath:u1|RF:u1|RegisterFile~1897 ; 1                 ; 6       ;
;      - Datapath:u1|RF:u1|RegisterFile~1898 ; 1                 ; 6       ;
;      - Datapath:u1|RF:u1|RegisterFile~1899 ; 1                 ; 6       ;
;      - Datapath:u1|RF:u1|RegisterFile~1902 ; 1                 ; 6       ;
;      - Datapath:u1|RF:u1|RegisterFile~1903 ; 1                 ; 6       ;
;      - Datapath:u1|RF:u1|RegisterFile~1933 ; 1                 ; 6       ;
;      - Datapath:u1|RF:u1|RegisterFile~1936 ; 1                 ; 6       ;
;      - Datapath:u1|RF:u1|RegisterFile~1937 ; 1                 ; 6       ;
;      - Datapath:u1|RF:u1|RegisterFile~1939 ; 1                 ; 6       ;
;      - Datapath:u1|RF:u1|RegisterFile~1940 ; 1                 ; 6       ;
;      - Datapath:u1|RF:u1|RegisterFile~1941 ; 1                 ; 6       ;
;      - Datapath:u1|RF:u1|RegisterFile~1942 ; 1                 ; 6       ;
;      - Datapath:u1|RF:u1|RegisterFile~1944 ; 1                 ; 6       ;
;      - Datapath:u1|RF:u1|RegisterFile~1975 ; 1                 ; 6       ;
;      - Datapath:u1|RF:u1|RegisterFile~1979 ; 1                 ; 6       ;
;      - Datapath:u1|RF:u1|RegisterFile~1981 ; 1                 ; 6       ;
;      - Datapath:u1|RF:u1|RegisterFile~1982 ; 1                 ; 6       ;
;      - Datapath:u1|RF:u1|RegisterFile~1983 ; 1                 ; 6       ;
;      - Datapath:u1|RF:u1|RegisterFile~1986 ; 1                 ; 6       ;
;      - Datapath:u1|RF:u1|RegisterFile~1987 ; 1                 ; 6       ;
;      - Datapath:u1|RF:u1|RegisterFile~2017 ; 1                 ; 6       ;
;      - Datapath:u1|RF:u1|RegisterFile~2020 ; 1                 ; 6       ;
;      - Datapath:u1|RF:u1|RegisterFile~2021 ; 1                 ; 6       ;
;      - Datapath:u1|RF:u1|RegisterFile~2023 ; 1                 ; 6       ;
;      - Datapath:u1|RF:u1|RegisterFile~2024 ; 1                 ; 6       ;
;      - Datapath:u1|RF:u1|RegisterFile~2025 ; 1                 ; 6       ;
;      - Datapath:u1|RF:u1|RegisterFile~2026 ; 1                 ; 6       ;
;      - Datapath:u1|RF:u1|RegisterFile~2028 ; 1                 ; 6       ;
;      - Datapath:u1|RF:u1|RegisterFile~2059 ; 1                 ; 6       ;
;      - Datapath:u1|RF:u1|RegisterFile~2063 ; 1                 ; 6       ;
;      - Datapath:u1|RF:u1|RegisterFile~2065 ; 1                 ; 6       ;
;      - Datapath:u1|RF:u1|RegisterFile~2066 ; 1                 ; 6       ;
;      - Datapath:u1|RF:u1|RegisterFile~2067 ; 1                 ; 6       ;
;      - Datapath:u1|RF:u1|RegisterFile~2070 ; 1                 ; 6       ;
;      - Datapath:u1|RF:u1|RegisterFile~2071 ; 1                 ; 6       ;
;      - Datapath:u1|RF:u1|RegisterFile~2101 ; 1                 ; 6       ;
;      - Datapath:u1|RF:u1|RegisterFile~2104 ; 1                 ; 6       ;
;      - Datapath:u1|RF:u1|RegisterFile~2105 ; 1                 ; 6       ;
;      - Datapath:u1|RF:u1|RegisterFile~2107 ; 1                 ; 6       ;
;      - Datapath:u1|RF:u1|RegisterFile~2108 ; 1                 ; 6       ;
;      - Datapath:u1|RF:u1|RegisterFile~2109 ; 1                 ; 6       ;
;      - Datapath:u1|RF:u1|RegisterFile~2110 ; 1                 ; 6       ;
;      - Datapath:u1|RF:u1|RegisterFile~2112 ; 1                 ; 6       ;
;      - Datapath:u1|RF:u1|RegisterFile~2143 ; 1                 ; 6       ;
;      - Datapath:u1|RF:u1|RegisterFile~2147 ; 1                 ; 6       ;
;      - Datapath:u1|RF:u1|RegisterFile~2149 ; 1                 ; 6       ;
;      - Datapath:u1|RF:u1|RegisterFile~2150 ; 1                 ; 6       ;
;      - Datapath:u1|RF:u1|RegisterFile~2151 ; 1                 ; 6       ;
;      - Datapath:u1|RF:u1|RegisterFile~2154 ; 1                 ; 6       ;
;      - Datapath:u1|RF:u1|RegisterFile~2155 ; 1                 ; 6       ;
;      - Datapath:u1|RF:u1|RegisterFile~2185 ; 1                 ; 6       ;
;      - Datapath:u1|RF:u1|RegisterFile~2188 ; 1                 ; 6       ;
;      - Datapath:u1|RF:u1|RegisterFile~2189 ; 1                 ; 6       ;
;      - Datapath:u1|RF:u1|RegisterFile~2191 ; 1                 ; 6       ;
;      - Datapath:u1|RF:u1|RegisterFile~2192 ; 1                 ; 6       ;
;      - Datapath:u1|RF:u1|RegisterFile~2193 ; 1                 ; 6       ;
;      - Datapath:u1|RF:u1|RegisterFile~2194 ; 1                 ; 6       ;
;      - Datapath:u1|RF:u1|RegisterFile~2196 ; 1                 ; 6       ;
;      - Datapath:u1|RF:u1|RegisterFile~2227 ; 1                 ; 6       ;
;      - Datapath:u1|RF:u1|RegisterFile~2231 ; 1                 ; 6       ;
;      - Datapath:u1|RF:u1|RegisterFile~2233 ; 1                 ; 6       ;
;      - Datapath:u1|RF:u1|RegisterFile~2234 ; 1                 ; 6       ;
;      - Datapath:u1|RF:u1|RegisterFile~2235 ; 1                 ; 6       ;
;      - Datapath:u1|RF:u1|RegisterFile~2238 ; 1                 ; 6       ;
;      - Datapath:u1|RF:u1|RegisterFile~2239 ; 1                 ; 6       ;
;      - Datapath:u1|RF:u1|RegisterFile~2269 ; 1                 ; 6       ;
;      - Datapath:u1|RF:u1|RegisterFile~2272 ; 1                 ; 6       ;
;      - Datapath:u1|RF:u1|RegisterFile~2273 ; 1                 ; 6       ;
;      - Datapath:u1|RF:u1|RegisterFile~2275 ; 1                 ; 6       ;
;      - Datapath:u1|RF:u1|RegisterFile~2276 ; 1                 ; 6       ;
;      - Datapath:u1|RF:u1|RegisterFile~2277 ; 1                 ; 6       ;
;      - Datapath:u1|RF:u1|RegisterFile~2278 ; 1                 ; 6       ;
;      - Datapath:u1|RF:u1|RegisterFile~2280 ; 1                 ; 6       ;
;      - Datapath:u1|RF:u1|RegisterFile~2311 ; 1                 ; 6       ;
;      - Datapath:u1|RF:u1|RegisterFile~2315 ; 1                 ; 6       ;
;      - Datapath:u1|RF:u1|RegisterFile~2317 ; 1                 ; 6       ;
;      - Datapath:u1|RF:u1|RegisterFile~2318 ; 1                 ; 6       ;
;      - Datapath:u1|RF:u1|RegisterFile~2319 ; 1                 ; 6       ;
;      - Datapath:u1|RF:u1|RegisterFile~2322 ; 1                 ; 6       ;
;      - Datapath:u1|RF:u1|RegisterFile~2323 ; 1                 ; 6       ;
;      - Datapath:u1|RF:u1|RegisterFile~2353 ; 1                 ; 6       ;
;      - Datapath:u1|RF:u1|RegisterFile~2356 ; 1                 ; 6       ;
;      - Datapath:u1|RF:u1|RegisterFile~2357 ; 1                 ; 6       ;
;      - Datapath:u1|RF:u1|RegisterFile~2359 ; 1                 ; 6       ;
;      - Datapath:u1|RF:u1|RegisterFile~2360 ; 1                 ; 6       ;
;      - Datapath:u1|RF:u1|RegisterFile~2361 ; 1                 ; 6       ;
;      - Datapath:u1|RF:u1|RegisterFile~2362 ; 1                 ; 6       ;
;      - Datapath:u1|RF:u1|RegisterFile~2364 ; 1                 ; 6       ;
;      - Datapath:u1|mux_5bit:u0|C[0]~0      ; 1                 ; 6       ;
; instruction[0]                             ;                   ;         ;
;      - Datapath:u1|mux_32bit:u2|C[0]~0     ; 0                 ; 6       ;
; instruction[20]                            ;                   ;         ;
;      - Datapath:u1|mux_32bit:u2|C[0]~0     ; 0                 ; 6       ;
;      - Datapath:u1|mux_32bit:u2|C[1]~2     ; 0                 ; 6       ;
;      - Datapath:u1|mux_32bit:u2|C[2]~4     ; 0                 ; 6       ;
;      - Datapath:u1|mux_32bit:u2|C[3]~6     ; 0                 ; 6       ;
;      - Datapath:u1|RF:u1|RegisterFile~1233 ; 0                 ; 6       ;
;      - Datapath:u1|RF:u1|RegisterFile~1275 ; 0                 ; 6       ;
;      - Datapath:u1|RF:u1|RegisterFile~1317 ; 0                 ; 6       ;
;      - Datapath:u1|RF:u1|RegisterFile~1359 ; 0                 ; 6       ;
;      - Datapath:u1|RF:u1|RegisterFile~1401 ; 0                 ; 6       ;
;      - Datapath:u1|RF:u1|RegisterFile~1443 ; 0                 ; 6       ;
;      - Datapath:u1|RF:u1|RegisterFile~1485 ; 0                 ; 6       ;
;      - Datapath:u1|RF:u1|RegisterFile~1527 ; 0                 ; 6       ;
;      - Datapath:u1|RF:u1|RegisterFile~1569 ; 0                 ; 6       ;
;      - Datapath:u1|RF:u1|RegisterFile~1611 ; 0                 ; 6       ;
;      - Datapath:u1|RF:u1|RegisterFile~1653 ; 0                 ; 6       ;
;      - Datapath:u1|RF:u1|RegisterFile~1695 ; 0                 ; 6       ;
;      - Datapath:u1|RF:u1|RegisterFile~1737 ; 0                 ; 6       ;
;      - Datapath:u1|RF:u1|RegisterFile~1779 ; 0                 ; 6       ;
;      - Datapath:u1|RF:u1|RegisterFile~1821 ; 0                 ; 6       ;
;      - Datapath:u1|RF:u1|RegisterFile~1863 ; 0                 ; 6       ;
;      - Datapath:u1|RF:u1|RegisterFile~1905 ; 0                 ; 6       ;
;      - Datapath:u1|RF:u1|RegisterFile~1947 ; 0                 ; 6       ;
;      - Datapath:u1|RF:u1|RegisterFile~1989 ; 0                 ; 6       ;
;      - Datapath:u1|RF:u1|RegisterFile~2031 ; 0                 ; 6       ;
;      - Datapath:u1|RF:u1|RegisterFile~2073 ; 0                 ; 6       ;
;      - Datapath:u1|RF:u1|RegisterFile~2115 ; 0                 ; 6       ;
;      - Datapath:u1|RF:u1|RegisterFile~2157 ; 0                 ; 6       ;
;      - Datapath:u1|RF:u1|RegisterFile~2199 ; 0                 ; 6       ;
;      - Datapath:u1|RF:u1|RegisterFile~2241 ; 0                 ; 6       ;
;      - Datapath:u1|RF:u1|RegisterFile~2283 ; 0                 ; 6       ;
;      - Datapath:u1|RF:u1|RegisterFile~2325 ; 0                 ; 6       ;
;      - Datapath:u1|RF:u1|RegisterFile~2367 ; 0                 ; 6       ;
;      - Datapath:u1|mux_5bit:u0|C[4]~4      ; 0                 ; 6       ;
;      - Datapath:u1|RF:u1|RegisterFile~2416 ; 0                 ; 6       ;
;      - Datapath:u1|RF:u1|RegisterFile~2417 ; 0                 ; 6       ;
;      - Datapath:u1|RF:u1|RegisterFile~2418 ; 0                 ; 6       ;
;      - Datapath:u1|RF:u1|RegisterFile~2419 ; 0                 ; 6       ;
; instruction[1]                             ;                   ;         ;
;      - Datapath:u1|mux_32bit:u2|C[1]~2     ; 1                 ; 6       ;
; instruction[2]                             ;                   ;         ;
;      - Datapath:u1|mux_32bit:u2|C[2]~4     ; 0                 ; 6       ;
; instruction[3]                             ;                   ;         ;
;      - Datapath:u1|mux_32bit:u2|C[3]~6     ; 0                 ; 6       ;
; instruction[4]                             ;                   ;         ;
;      - Datapath:u1|mux_32bit:u2|C[4]~8     ; 0                 ; 6       ;
; instruction[5]                             ;                   ;         ;
;      - Datapath:u1|mux_32bit:u2|C[5]~9     ; 1                 ; 6       ;
; instruction[6]                             ;                   ;         ;
;      - Datapath:u1|mux_32bit:u2|C[6]~10    ; 1                 ; 6       ;
; instruction[7]                             ;                   ;         ;
;      - Datapath:u1|mux_32bit:u2|C[7]~11    ; 1                 ; 6       ;
; instruction[8]                             ;                   ;         ;
;      - Datapath:u1|mux_32bit:u2|C[8]~12    ; 0                 ; 6       ;
; instruction[9]                             ;                   ;         ;
;      - Datapath:u1|mux_32bit:u2|C[9]~13    ; 1                 ; 6       ;
; instruction[10]                            ;                   ;         ;
;      - Datapath:u1|mux_32bit:u2|C[10]~14   ; 1                 ; 6       ;
; instruction[11]                            ;                   ;         ;
;      - Datapath:u1|mux_32bit:u2|C[11]~15   ; 1                 ; 6       ;
;      - Datapath:u1|mux_5bit:u0|C[0]~0      ; 1                 ; 6       ;
; instruction[12]                            ;                   ;         ;
;      - Datapath:u1|mux_32bit:u2|C[12]~16   ; 0                 ; 6       ;
;      - Datapath:u1|mux_5bit:u0|C[1]~1      ; 0                 ; 6       ;
; instruction[13]                            ;                   ;         ;
;      - Datapath:u1|mux_32bit:u2|C[13]~17   ; 0                 ; 6       ;
;      - Datapath:u1|mux_5bit:u0|C[2]~2      ; 0                 ; 6       ;
; instruction[14]                            ;                   ;         ;
;      - Datapath:u1|mux_32bit:u2|C[14]~18   ; 1                 ; 6       ;
;      - Datapath:u1|mux_5bit:u0|C[3]~3      ; 1                 ; 6       ;
; instruction[15]                            ;                   ;         ;
;      - Datapath:u1|mux_32bit:u2|C[15]~19   ; 0                 ; 6       ;
;      - Datapath:u1|mux_32bit:u2|C[16]~20   ; 0                 ; 6       ;
;      - Datapath:u1|mux_32bit:u2|C[17]~21   ; 0                 ; 6       ;
;      - Datapath:u1|mux_32bit:u2|C[18]~22   ; 0                 ; 6       ;
;      - Datapath:u1|mux_32bit:u2|C[19]~23   ; 0                 ; 6       ;
;      - Datapath:u1|mux_32bit:u2|C[20]~24   ; 0                 ; 6       ;
;      - Datapath:u1|mux_32bit:u2|C[21]~25   ; 0                 ; 6       ;
;      - Datapath:u1|mux_32bit:u2|C[22]~26   ; 0                 ; 6       ;
;      - Datapath:u1|mux_32bit:u2|C[23]~27   ; 0                 ; 6       ;
;      - Datapath:u1|mux_32bit:u2|C[24]~28   ; 0                 ; 6       ;
;      - Datapath:u1|mux_32bit:u2|C[25]~29   ; 0                 ; 6       ;
;      - Datapath:u1|mux_32bit:u2|C[26]~30   ; 0                 ; 6       ;
;      - Datapath:u1|mux_32bit:u2|C[27]~31   ; 0                 ; 6       ;
;      - Datapath:u1|mux_32bit:u2|C[28]~32   ; 0                 ; 6       ;
;      - Datapath:u1|mux_32bit:u2|C[29]~33   ; 0                 ; 6       ;
;      - Datapath:u1|mux_32bit:u2|C[30]~34   ; 0                 ; 6       ;
;      - Datapath:u1|mux_32bit:u2|C[31]~35   ; 0                 ; 6       ;
;      - Datapath:u1|mux_5bit:u0|C[4]~4      ; 0                 ; 6       ;
; CLK                                        ;                   ;         ;
+--------------------------------------------+-------------------+---------+


+---------------------------------------------------------------------------------------------------------------------------------------------------------------------+
; Control Signals                                                                                                                                                     ;
+----------------------------------------+--------------------+---------+--------------+--------+----------------------+------------------+---------------------------+
; Name                                   ; Location           ; Fan-Out ; Usage        ; Global ; Global Resource Used ; Global Line Name ; Enable Signal Source Name ;
+----------------------------------------+--------------------+---------+--------------+--------+----------------------+------------------+---------------------------+
; CLK                                    ; PIN_P2             ; 9216    ; Clock        ; yes    ; Global Clock         ; GCLK3            ; --                        ;
; Datapath:u1|RF:u1|RegisterFile~2369    ; LCCOMB_X29_Y17_N24 ; 32      ; Clock enable ; no     ; --                   ; --               ; --                        ;
; Datapath:u1|RF:u1|RegisterFile~2371    ; LCCOMB_X25_Y18_N24 ; 32      ; Clock enable ; no     ; --                   ; --               ; --                        ;
; Datapath:u1|RF:u1|RegisterFile~2373    ; LCCOMB_X30_Y14_N24 ; 32      ; Clock enable ; no     ; --                   ; --               ; --                        ;
; Datapath:u1|RF:u1|RegisterFile~2375    ; LCCOMB_X29_Y17_N8  ; 32      ; Clock enable ; no     ; --                   ; --               ; --                        ;
; Datapath:u1|RF:u1|RegisterFile~2377    ; LCCOMB_X35_Y17_N30 ; 32      ; Clock enable ; no     ; --                   ; --               ; --                        ;
; Datapath:u1|RF:u1|RegisterFile~2379    ; LCCOMB_X32_Y13_N2  ; 32      ; Clock enable ; no     ; --                   ; --               ; --                        ;
; Datapath:u1|RF:u1|RegisterFile~2381    ; LCCOMB_X30_Y14_N10 ; 32      ; Clock enable ; no     ; --                   ; --               ; --                        ;
; Datapath:u1|RF:u1|RegisterFile~2383    ; LCCOMB_X32_Y13_N8  ; 32      ; Clock enable ; no     ; --                   ; --               ; --                        ;
; Datapath:u1|RF:u1|RegisterFile~2385    ; LCCOMB_X25_Y18_N16 ; 32      ; Clock enable ; no     ; --                   ; --               ; --                        ;
; Datapath:u1|RF:u1|RegisterFile~2387    ; LCCOMB_X37_Y30_N20 ; 32      ; Clock enable ; no     ; --                   ; --               ; --                        ;
; Datapath:u1|RF:u1|RegisterFile~2389    ; LCCOMB_X37_Y30_N26 ; 32      ; Clock enable ; no     ; --                   ; --               ; --                        ;
; Datapath:u1|RF:u1|RegisterFile~2391    ; LCCOMB_X30_Y21_N24 ; 32      ; Clock enable ; no     ; --                   ; --               ; --                        ;
; Datapath:u1|RF:u1|RegisterFile~2393    ; LCCOMB_X25_Y15_N26 ; 32      ; Clock enable ; no     ; --                   ; --               ; --                        ;
; Datapath:u1|RF:u1|RegisterFile~2395    ; LCCOMB_X25_Y18_N30 ; 32      ; Clock enable ; no     ; --                   ; --               ; --                        ;
; Datapath:u1|RF:u1|RegisterFile~2397    ; LCCOMB_X35_Y17_N20 ; 32      ; Clock enable ; no     ; --                   ; --               ; --                        ;
; Datapath:u1|RF:u1|RegisterFile~2399    ; LCCOMB_X35_Y17_N4  ; 32      ; Clock enable ; no     ; --                   ; --               ; --                        ;
; Datapath:u1|RF:u1|RegisterFile~2400    ; LCCOMB_X29_Y25_N6  ; 32      ; Clock enable ; no     ; --                   ; --               ; --                        ;
; Datapath:u1|RF:u1|RegisterFile~2401    ; LCCOMB_X35_Y17_N12 ; 32      ; Clock enable ; no     ; --                   ; --               ; --                        ;
; Datapath:u1|RF:u1|RegisterFile~2402    ; LCCOMB_X37_Y30_N28 ; 32      ; Clock enable ; no     ; --                   ; --               ; --                        ;
; Datapath:u1|RF:u1|RegisterFile~2403    ; LCCOMB_X25_Y15_N8  ; 32      ; Clock enable ; no     ; --                   ; --               ; --                        ;
; Datapath:u1|RF:u1|RegisterFile~2404    ; LCCOMB_X32_Y13_N4  ; 32      ; Clock enable ; no     ; --                   ; --               ; --                        ;
; Datapath:u1|RF:u1|RegisterFile~2405    ; LCCOMB_X29_Y17_N2  ; 32      ; Clock enable ; no     ; --                   ; --               ; --                        ;
; Datapath:u1|RF:u1|RegisterFile~2406    ; LCCOMB_X25_Y18_N22 ; 32      ; Clock enable ; no     ; --                   ; --               ; --                        ;
; Datapath:u1|RF:u1|RegisterFile~2407    ; LCCOMB_X25_Y15_N14 ; 32      ; Clock enable ; no     ; --                   ; --               ; --                        ;
; Datapath:u1|RF:u1|RegisterFile~2408    ; LCCOMB_X30_Y14_N26 ; 32      ; Clock enable ; no     ; --                   ; --               ; --                        ;
; Datapath:u1|RF:u1|RegisterFile~2409    ; LCCOMB_X30_Y14_N28 ; 32      ; Clock enable ; no     ; --                   ; --               ; --                        ;
; Datapath:u1|RF:u1|RegisterFile~2410    ; LCCOMB_X37_Y30_N6  ; 32      ; Clock enable ; no     ; --                   ; --               ; --                        ;
; Datapath:u1|RF:u1|RegisterFile~2411    ; LCCOMB_X35_Y17_N10 ; 32      ; Clock enable ; no     ; --                   ; --               ; --                        ;
; Datapath:u1|RF:u1|RegisterFile~2412    ; LCCOMB_X32_Y13_N28 ; 32      ; Clock enable ; no     ; --                   ; --               ; --                        ;
; Datapath:u1|RF:u1|RegisterFile~2413    ; LCCOMB_X25_Y18_N8  ; 32      ; Clock enable ; no     ; --                   ; --               ; --                        ;
; Datapath:u1|RF:u1|RegisterFile~2414    ; LCCOMB_X30_Y21_N4  ; 32      ; Clock enable ; no     ; --                   ; --               ; --                        ;
; Datapath:u1|RF:u1|RegisterFile~2415    ; LCCOMB_X35_Y16_N20 ; 32      ; Clock enable ; no     ; --                   ; --               ; --                        ;
; Datapath:u1|dual_port_RAM:u5|RAM~13634 ; LCCOMB_X45_Y5_N8   ; 32      ; Clock enable ; no     ; --                   ; --               ; --                        ;
; Datapath:u1|dual_port_RAM:u5|RAM~13636 ; LCCOMB_X41_Y6_N16  ; 32      ; Clock enable ; no     ; --                   ; --               ; --                        ;
; Datapath:u1|dual_port_RAM:u5|RAM~13638 ; LCCOMB_X27_Y8_N10  ; 32      ; Clock enable ; no     ; --                   ; --               ; --                        ;
; Datapath:u1|dual_port_RAM:u5|RAM~13640 ; LCCOMB_X41_Y10_N2  ; 32      ; Clock enable ; no     ; --                   ; --               ; --                        ;
; Datapath:u1|dual_port_RAM:u5|RAM~13642 ; LCCOMB_X29_Y4_N10  ; 32      ; Clock enable ; no     ; --                   ; --               ; --                        ;
; Datapath:u1|dual_port_RAM:u5|RAM~13644 ; LCCOMB_X41_Y10_N22 ; 32      ; Clock enable ; no     ; --                   ; --               ; --                        ;
; Datapath:u1|dual_port_RAM:u5|RAM~13646 ; LCCOMB_X41_Y10_N24 ; 32      ; Clock enable ; no     ; --                   ; --               ; --                        ;
; Datapath:u1|dual_port_RAM:u5|RAM~13648 ; LCCOMB_X41_Y10_N14 ; 32      ; Clock enable ; no     ; --                   ; --               ; --                        ;
; Datapath:u1|dual_port_RAM:u5|RAM~13650 ; LCCOMB_X28_Y11_N26 ; 32      ; Clock enable ; no     ; --                   ; --               ; --                        ;
; Datapath:u1|dual_port_RAM:u5|RAM~13652 ; LCCOMB_X41_Y10_N18 ; 32      ; Clock enable ; no     ; --                   ; --               ; --                        ;
; Datapath:u1|dual_port_RAM:u5|RAM~13654 ; LCCOMB_X41_Y10_N28 ; 32      ; Clock enable ; no     ; --                   ; --               ; --                        ;
; Datapath:u1|dual_port_RAM:u5|RAM~13656 ; LCCOMB_X42_Y10_N0  ; 32      ; Clock enable ; no     ; --                   ; --               ; --                        ;
; Datapath:u1|dual_port_RAM:u5|RAM~13658 ; LCCOMB_X40_Y9_N24  ; 32      ; Clock enable ; no     ; --                   ; --               ; --                        ;
; Datapath:u1|dual_port_RAM:u5|RAM~13660 ; LCCOMB_X41_Y10_N6  ; 32      ; Clock enable ; no     ; --                   ; --               ; --                        ;
; Datapath:u1|dual_port_RAM:u5|RAM~13662 ; LCCOMB_X21_Y10_N16 ; 32      ; Clock enable ; no     ; --                   ; --               ; --                        ;
; Datapath:u1|dual_port_RAM:u5|RAM~13664 ; LCCOMB_X42_Y9_N26  ; 32      ; Clock enable ; no     ; --                   ; --               ; --                        ;
; Datapath:u1|dual_port_RAM:u5|RAM~13666 ; LCCOMB_X12_Y16_N2  ; 32      ; Clock enable ; no     ; --                   ; --               ; --                        ;
; Datapath:u1|dual_port_RAM:u5|RAM~13667 ; LCCOMB_X22_Y19_N2  ; 32      ; Clock enable ; no     ; --                   ; --               ; --                        ;
; Datapath:u1|dual_port_RAM:u5|RAM~13668 ; LCCOMB_X12_Y18_N26 ; 32      ; Clock enable ; no     ; --                   ; --               ; --                        ;
; Datapath:u1|dual_port_RAM:u5|RAM~13669 ; LCCOMB_X14_Y16_N24 ; 32      ; Clock enable ; no     ; --                   ; --               ; --                        ;
; Datapath:u1|dual_port_RAM:u5|RAM~13670 ; LCCOMB_X21_Y17_N12 ; 32      ; Clock enable ; no     ; --                   ; --               ; --                        ;
; Datapath:u1|dual_port_RAM:u5|RAM~13671 ; LCCOMB_X20_Y18_N22 ; 32      ; Clock enable ; no     ; --                   ; --               ; --                        ;
; Datapath:u1|dual_port_RAM:u5|RAM~13672 ; LCCOMB_X20_Y17_N20 ; 32      ; Clock enable ; no     ; --                   ; --               ; --                        ;
; Datapath:u1|dual_port_RAM:u5|RAM~13673 ; LCCOMB_X21_Y17_N10 ; 32      ; Clock enable ; no     ; --                   ; --               ; --                        ;
; Datapath:u1|dual_port_RAM:u5|RAM~13674 ; LCCOMB_X21_Y17_N16 ; 32      ; Clock enable ; no     ; --                   ; --               ; --                        ;
; Datapath:u1|dual_port_RAM:u5|RAM~13675 ; LCCOMB_X21_Y17_N20 ; 32      ; Clock enable ; no     ; --                   ; --               ; --                        ;
; Datapath:u1|dual_port_RAM:u5|RAM~13676 ; LCCOMB_X20_Y16_N4  ; 32      ; Clock enable ; no     ; --                   ; --               ; --                        ;
; Datapath:u1|dual_port_RAM:u5|RAM~13677 ; LCCOMB_X21_Y17_N2  ; 32      ; Clock enable ; no     ; --                   ; --               ; --                        ;
; Datapath:u1|dual_port_RAM:u5|RAM~13678 ; LCCOMB_X22_Y15_N0  ; 32      ; Clock enable ; no     ; --                   ; --               ; --                        ;
; Datapath:u1|dual_port_RAM:u5|RAM~13679 ; LCCOMB_X15_Y13_N30 ; 32      ; Clock enable ; no     ; --                   ; --               ; --                        ;
; Datapath:u1|dual_port_RAM:u5|RAM~13680 ; LCCOMB_X12_Y16_N0  ; 32      ; Clock enable ; no     ; --                   ; --               ; --                        ;
; Datapath:u1|dual_port_RAM:u5|RAM~13681 ; LCCOMB_X21_Y17_N18 ; 32      ; Clock enable ; no     ; --                   ; --               ; --                        ;
; Datapath:u1|dual_port_RAM:u5|RAM~13683 ; LCCOMB_X37_Y14_N30 ; 32      ; Clock enable ; no     ; --                   ; --               ; --                        ;
; Datapath:u1|dual_port_RAM:u5|RAM~13684 ; LCCOMB_X37_Y14_N8  ; 32      ; Clock enable ; no     ; --                   ; --               ; --                        ;
; Datapath:u1|dual_port_RAM:u5|RAM~13685 ; LCCOMB_X20_Y14_N8  ; 32      ; Clock enable ; no     ; --                   ; --               ; --                        ;
; Datapath:u1|dual_port_RAM:u5|RAM~13686 ; LCCOMB_X37_Y14_N2  ; 32      ; Clock enable ; no     ; --                   ; --               ; --                        ;
; Datapath:u1|dual_port_RAM:u5|RAM~13687 ; LCCOMB_X37_Y14_N28 ; 32      ; Clock enable ; no     ; --                   ; --               ; --                        ;
; Datapath:u1|dual_port_RAM:u5|RAM~13688 ; LCCOMB_X20_Y14_N22 ; 32      ; Clock enable ; no     ; --                   ; --               ; --                        ;
; Datapath:u1|dual_port_RAM:u5|RAM~13689 ; LCCOMB_X21_Y14_N12 ; 32      ; Clock enable ; no     ; --                   ; --               ; --                        ;
; Datapath:u1|dual_port_RAM:u5|RAM~13690 ; LCCOMB_X37_Y14_N6  ; 32      ; Clock enable ; no     ; --                   ; --               ; --                        ;
; Datapath:u1|dual_port_RAM:u5|RAM~13691 ; LCCOMB_X37_Y14_N16 ; 32      ; Clock enable ; no     ; --                   ; --               ; --                        ;
; Datapath:u1|dual_port_RAM:u5|RAM~13692 ; LCCOMB_X37_Y14_N10 ; 32      ; Clock enable ; no     ; --                   ; --               ; --                        ;
; Datapath:u1|dual_port_RAM:u5|RAM~13693 ; LCCOMB_X37_Y14_N20 ; 32      ; Clock enable ; no     ; --                   ; --               ; --                        ;
; Datapath:u1|dual_port_RAM:u5|RAM~13694 ; LCCOMB_X21_Y24_N30 ; 32      ; Clock enable ; no     ; --                   ; --               ; --                        ;
; Datapath:u1|dual_port_RAM:u5|RAM~13695 ; LCCOMB_X37_Y14_N14 ; 32      ; Clock enable ; no     ; --                   ; --               ; --                        ;
; Datapath:u1|dual_port_RAM:u5|RAM~13696 ; LCCOMB_X18_Y15_N14 ; 32      ; Clock enable ; no     ; --                   ; --               ; --                        ;
; Datapath:u1|dual_port_RAM:u5|RAM~13697 ; LCCOMB_X21_Y14_N22 ; 32      ; Clock enable ; no     ; --                   ; --               ; --                        ;
; Datapath:u1|dual_port_RAM:u5|RAM~13698 ; LCCOMB_X37_Y14_N26 ; 32      ; Clock enable ; no     ; --                   ; --               ; --                        ;
; Datapath:u1|dual_port_RAM:u5|RAM~13700 ; LCCOMB_X46_Y18_N6  ; 32      ; Clock enable ; no     ; --                   ; --               ; --                        ;
; Datapath:u1|dual_port_RAM:u5|RAM~13701 ; LCCOMB_X46_Y18_N14 ; 32      ; Clock enable ; no     ; --                   ; --               ; --                        ;
; Datapath:u1|dual_port_RAM:u5|RAM~13702 ; LCCOMB_X46_Y18_N0  ; 32      ; Clock enable ; no     ; --                   ; --               ; --                        ;
; Datapath:u1|dual_port_RAM:u5|RAM~13703 ; LCCOMB_X24_Y16_N10 ; 32      ; Clock enable ; no     ; --                   ; --               ; --                        ;
; Datapath:u1|dual_port_RAM:u5|RAM~13704 ; LCCOMB_X46_Y18_N12 ; 32      ; Clock enable ; no     ; --                   ; --               ; --                        ;
; Datapath:u1|dual_port_RAM:u5|RAM~13705 ; LCCOMB_X46_Y18_N26 ; 32      ; Clock enable ; no     ; --                   ; --               ; --                        ;
; Datapath:u1|dual_port_RAM:u5|RAM~13706 ; LCCOMB_X46_Y18_N4  ; 32      ; Clock enable ; no     ; --                   ; --               ; --                        ;
; Datapath:u1|dual_port_RAM:u5|RAM~13707 ; LCCOMB_X45_Y23_N26 ; 32      ; Clock enable ; no     ; --                   ; --               ; --                        ;
; Datapath:u1|dual_port_RAM:u5|RAM~13708 ; LCCOMB_X48_Y27_N28 ; 32      ; Clock enable ; no     ; --                   ; --               ; --                        ;
; Datapath:u1|dual_port_RAM:u5|RAM~13709 ; LCCOMB_X46_Y18_N28 ; 32      ; Clock enable ; no     ; --                   ; --               ; --                        ;
; Datapath:u1|dual_port_RAM:u5|RAM~13710 ; LCCOMB_X53_Y20_N6  ; 32      ; Clock enable ; no     ; --                   ; --               ; --                        ;
; Datapath:u1|dual_port_RAM:u5|RAM~13711 ; LCCOMB_X46_Y18_N18 ; 32      ; Clock enable ; no     ; --                   ; --               ; --                        ;
; Datapath:u1|dual_port_RAM:u5|RAM~13712 ; LCCOMB_X46_Y18_N20 ; 32      ; Clock enable ; no     ; --                   ; --               ; --                        ;
; Datapath:u1|dual_port_RAM:u5|RAM~13713 ; LCCOMB_X46_Y18_N30 ; 32      ; Clock enable ; no     ; --                   ; --               ; --                        ;
; Datapath:u1|dual_port_RAM:u5|RAM~13714 ; LCCOMB_X45_Y23_N18 ; 32      ; Clock enable ; no     ; --                   ; --               ; --                        ;
; Datapath:u1|dual_port_RAM:u5|RAM~13715 ; LCCOMB_X45_Y22_N24 ; 32      ; Clock enable ; no     ; --                   ; --               ; --                        ;
; Datapath:u1|dual_port_RAM:u5|RAM~13717 ; LCCOMB_X45_Y10_N16 ; 32      ; Clock enable ; no     ; --                   ; --               ; --                        ;
; Datapath:u1|dual_port_RAM:u5|RAM~13719 ; LCCOMB_X45_Y15_N2  ; 32      ; Clock enable ; no     ; --                   ; --               ; --                        ;
; Datapath:u1|dual_port_RAM:u5|RAM~13721 ; LCCOMB_X45_Y17_N8  ; 32      ; Clock enable ; no     ; --                   ; --               ; --                        ;
; Datapath:u1|dual_port_RAM:u5|RAM~13723 ; LCCOMB_X44_Y17_N10 ; 32      ; Clock enable ; no     ; --                   ; --               ; --                        ;
; Datapath:u1|dual_port_RAM:u5|RAM~13724 ; LCCOMB_X44_Y15_N10 ; 32      ; Clock enable ; no     ; --                   ; --               ; --                        ;
; Datapath:u1|dual_port_RAM:u5|RAM~13725 ; LCCOMB_X45_Y13_N12 ; 32      ; Clock enable ; no     ; --                   ; --               ; --                        ;
; Datapath:u1|dual_port_RAM:u5|RAM~13726 ; LCCOMB_X44_Y17_N24 ; 32      ; Clock enable ; no     ; --                   ; --               ; --                        ;
; Datapath:u1|dual_port_RAM:u5|RAM~13727 ; LCCOMB_X47_Y16_N0  ; 32      ; Clock enable ; no     ; --                   ; --               ; --                        ;
; Datapath:u1|dual_port_RAM:u5|RAM~13728 ; LCCOMB_X45_Y10_N6  ; 32      ; Clock enable ; no     ; --                   ; --               ; --                        ;
; Datapath:u1|dual_port_RAM:u5|RAM~13729 ; LCCOMB_X45_Y15_N8  ; 32      ; Clock enable ; no     ; --                   ; --               ; --                        ;
; Datapath:u1|dual_port_RAM:u5|RAM~13730 ; LCCOMB_X41_Y17_N16 ; 32      ; Clock enable ; no     ; --                   ; --               ; --                        ;
; Datapath:u1|dual_port_RAM:u5|RAM~13731 ; LCCOMB_X44_Y15_N4  ; 32      ; Clock enable ; no     ; --                   ; --               ; --                        ;
; Datapath:u1|dual_port_RAM:u5|RAM~13732 ; LCCOMB_X44_Y12_N6  ; 32      ; Clock enable ; no     ; --                   ; --               ; --                        ;
; Datapath:u1|dual_port_RAM:u5|RAM~13733 ; LCCOMB_X43_Y7_N26  ; 32      ; Clock enable ; no     ; --                   ; --               ; --                        ;
; Datapath:u1|dual_port_RAM:u5|RAM~13734 ; LCCOMB_X41_Y17_N12 ; 32      ; Clock enable ; no     ; --                   ; --               ; --                        ;
; Datapath:u1|dual_port_RAM:u5|RAM~13735 ; LCCOMB_X38_Y15_N6  ; 32      ; Clock enable ; no     ; --                   ; --               ; --                        ;
; Datapath:u1|dual_port_RAM:u5|RAM~13736 ; LCCOMB_X45_Y15_N18 ; 32      ; Clock enable ; no     ; --                   ; --               ; --                        ;
; Datapath:u1|dual_port_RAM:u5|RAM~13737 ; LCCOMB_X45_Y15_N12 ; 32      ; Clock enable ; no     ; --                   ; --               ; --                        ;
; Datapath:u1|dual_port_RAM:u5|RAM~13738 ; LCCOMB_X45_Y15_N6  ; 32      ; Clock enable ; no     ; --                   ; --               ; --                        ;
; Datapath:u1|dual_port_RAM:u5|RAM~13739 ; LCCOMB_X45_Y15_N16 ; 32      ; Clock enable ; no     ; --                   ; --               ; --                        ;
; Datapath:u1|dual_port_RAM:u5|RAM~13740 ; LCCOMB_X45_Y13_N18 ; 32      ; Clock enable ; no     ; --                   ; --               ; --                        ;
; Datapath:u1|dual_port_RAM:u5|RAM~13741 ; LCCOMB_X45_Y13_N0  ; 32      ; Clock enable ; no     ; --                   ; --               ; --                        ;
; Datapath:u1|dual_port_RAM:u5|RAM~13742 ; LCCOMB_X47_Y10_N8  ; 32      ; Clock enable ; no     ; --                   ; --               ; --                        ;
; Datapath:u1|dual_port_RAM:u5|RAM~13743 ; LCCOMB_X45_Y7_N2   ; 32      ; Clock enable ; no     ; --                   ; --               ; --                        ;
; Datapath:u1|dual_port_RAM:u5|RAM~13744 ; LCCOMB_X42_Y16_N28 ; 32      ; Clock enable ; no     ; --                   ; --               ; --                        ;
; Datapath:u1|dual_port_RAM:u5|RAM~13745 ; LCCOMB_X42_Y16_N0  ; 32      ; Clock enable ; no     ; --                   ; --               ; --                        ;
; Datapath:u1|dual_port_RAM:u5|RAM~13746 ; LCCOMB_X42_Y16_N8  ; 32      ; Clock enable ; no     ; --                   ; --               ; --                        ;
; Datapath:u1|dual_port_RAM:u5|RAM~13747 ; LCCOMB_X41_Y17_N8  ; 32      ; Clock enable ; no     ; --                   ; --               ; --                        ;
; Datapath:u1|dual_port_RAM:u5|RAM~13748 ; LCCOMB_X53_Y16_N18 ; 32      ; Clock enable ; no     ; --                   ; --               ; --                        ;
; Datapath:u1|dual_port_RAM:u5|RAM~13749 ; LCCOMB_X46_Y15_N18 ; 32      ; Clock enable ; no     ; --                   ; --               ; --                        ;
; Datapath:u1|dual_port_RAM:u5|RAM~13750 ; LCCOMB_X53_Y14_N6  ; 32      ; Clock enable ; no     ; --                   ; --               ; --                        ;
; Datapath:u1|dual_port_RAM:u5|RAM~13751 ; LCCOMB_X49_Y14_N4  ; 32      ; Clock enable ; no     ; --                   ; --               ; --                        ;
; Datapath:u1|dual_port_RAM:u5|RAM~13752 ; LCCOMB_X45_Y13_N30 ; 32      ; Clock enable ; no     ; --                   ; --               ; --                        ;
; Datapath:u1|dual_port_RAM:u5|RAM~13753 ; LCCOMB_X45_Y15_N10 ; 32      ; Clock enable ; no     ; --                   ; --               ; --                        ;
; Datapath:u1|dual_port_RAM:u5|RAM~13754 ; LCCOMB_X44_Y17_N30 ; 32      ; Clock enable ; no     ; --                   ; --               ; --                        ;
; Datapath:u1|dual_port_RAM:u5|RAM~13755 ; LCCOMB_X56_Y17_N28 ; 32      ; Clock enable ; no     ; --                   ; --               ; --                        ;
; Datapath:u1|dual_port_RAM:u5|RAM~13756 ; LCCOMB_X45_Y15_N20 ; 32      ; Clock enable ; no     ; --                   ; --               ; --                        ;
; Datapath:u1|dual_port_RAM:u5|RAM~13757 ; LCCOMB_X45_Y13_N22 ; 32      ; Clock enable ; no     ; --                   ; --               ; --                        ;
; Datapath:u1|dual_port_RAM:u5|RAM~13758 ; LCCOMB_X45_Y17_N14 ; 32      ; Clock enable ; no     ; --                   ; --               ; --                        ;
; Datapath:u1|dual_port_RAM:u5|RAM~13759 ; LCCOMB_X40_Y15_N4  ; 32      ; Clock enable ; no     ; --                   ; --               ; --                        ;
; Datapath:u1|dual_port_RAM:u5|RAM~13760 ; LCCOMB_X45_Y15_N30 ; 32      ; Clock enable ; no     ; --                   ; --               ; --                        ;
; Datapath:u1|dual_port_RAM:u5|RAM~13761 ; LCCOMB_X44_Y12_N24 ; 32      ; Clock enable ; no     ; --                   ; --               ; --                        ;
; Datapath:u1|dual_port_RAM:u5|RAM~13762 ; LCCOMB_X49_Y20_N24 ; 32      ; Clock enable ; no     ; --                   ; --               ; --                        ;
; Datapath:u1|dual_port_RAM:u5|RAM~13763 ; LCCOMB_X41_Y17_N0  ; 32      ; Clock enable ; no     ; --                   ; --               ; --                        ;
; Datapath:u1|dual_port_RAM:u5|RAM~13764 ; LCCOMB_X38_Y7_N2   ; 32      ; Clock enable ; no     ; --                   ; --               ; --                        ;
; Datapath:u1|dual_port_RAM:u5|RAM~13765 ; LCCOMB_X44_Y13_N8  ; 32      ; Clock enable ; no     ; --                   ; --               ; --                        ;
; Datapath:u1|dual_port_RAM:u5|RAM~13766 ; LCCOMB_X41_Y15_N10 ; 32      ; Clock enable ; no     ; --                   ; --               ; --                        ;
; Datapath:u1|dual_port_RAM:u5|RAM~13767 ; LCCOMB_X45_Y14_N30 ; 32      ; Clock enable ; no     ; --                   ; --               ; --                        ;
; Datapath:u1|dual_port_RAM:u5|RAM~13768 ; LCCOMB_X43_Y10_N0  ; 32      ; Clock enable ; no     ; --                   ; --               ; --                        ;
; Datapath:u1|dual_port_RAM:u5|RAM~13769 ; LCCOMB_X46_Y15_N0  ; 32      ; Clock enable ; no     ; --                   ; --               ; --                        ;
; Datapath:u1|dual_port_RAM:u5|RAM~13770 ; LCCOMB_X44_Y13_N14 ; 32      ; Clock enable ; no     ; --                   ; --               ; --                        ;
; Datapath:u1|dual_port_RAM:u5|RAM~13771 ; LCCOMB_X45_Y10_N0  ; 32      ; Clock enable ; no     ; --                   ; --               ; --                        ;
; Datapath:u1|dual_port_RAM:u5|RAM~13772 ; LCCOMB_X42_Y19_N26 ; 32      ; Clock enable ; no     ; --                   ; --               ; --                        ;
; Datapath:u1|dual_port_RAM:u5|RAM~13773 ; LCCOMB_X45_Y15_N14 ; 32      ; Clock enable ; no     ; --                   ; --               ; --                        ;
; Datapath:u1|dual_port_RAM:u5|RAM~13774 ; LCCOMB_X44_Y15_N22 ; 32      ; Clock enable ; no     ; --                   ; --               ; --                        ;
; Datapath:u1|dual_port_RAM:u5|RAM~13775 ; LCCOMB_X45_Y15_N4  ; 32      ; Clock enable ; no     ; --                   ; --               ; --                        ;
; Datapath:u1|dual_port_RAM:u5|RAM~13776 ; LCCOMB_X41_Y17_N22 ; 32      ; Clock enable ; no     ; --                   ; --               ; --                        ;
; Datapath:u1|dual_port_RAM:u5|RAM~13777 ; LCCOMB_X42_Y15_N2  ; 32      ; Clock enable ; no     ; --                   ; --               ; --                        ;
; Datapath:u1|dual_port_RAM:u5|RAM~13778 ; LCCOMB_X45_Y19_N6  ; 32      ; Clock enable ; no     ; --                   ; --               ; --                        ;
; Datapath:u1|dual_port_RAM:u5|RAM~13779 ; LCCOMB_X46_Y18_N8  ; 32      ; Clock enable ; no     ; --                   ; --               ; --                        ;
; Datapath:u1|dual_port_RAM:u5|RAM~13780 ; LCCOMB_X42_Y15_N16 ; 32      ; Clock enable ; no     ; --                   ; --               ; --                        ;
; Datapath:u1|dual_port_RAM:u5|RAM~13781 ; LCCOMB_X46_Y15_N22 ; 32      ; Clock enable ; no     ; --                   ; --               ; --                        ;
; Datapath:u1|dual_port_RAM:u5|RAM~13782 ; LCCOMB_X40_Y15_N6  ; 32      ; Clock enable ; no     ; --                   ; --               ; --                        ;
; Datapath:u1|dual_port_RAM:u5|RAM~13783 ; LCCOMB_X41_Y17_N4  ; 32      ; Clock enable ; no     ; --                   ; --               ; --                        ;
; Datapath:u1|dual_port_RAM:u5|RAM~13785 ; LCCOMB_X22_Y15_N4  ; 32      ; Clock enable ; no     ; --                   ; --               ; --                        ;
; Datapath:u1|dual_port_RAM:u5|RAM~13787 ; LCCOMB_X31_Y6_N16  ; 32      ; Clock enable ; no     ; --                   ; --               ; --                        ;
; Datapath:u1|dual_port_RAM:u5|RAM~13789 ; LCCOMB_X34_Y9_N24  ; 32      ; Clock enable ; no     ; --                   ; --               ; --                        ;
; Datapath:u1|dual_port_RAM:u5|RAM~13791 ; LCCOMB_X42_Y14_N4  ; 32      ; Clock enable ; no     ; --                   ; --               ; --                        ;
; Datapath:u1|dual_port_RAM:u5|RAM~13792 ; LCCOMB_X33_Y5_N26  ; 32      ; Clock enable ; no     ; --                   ; --               ; --                        ;
; Datapath:u1|dual_port_RAM:u5|RAM~13793 ; LCCOMB_X22_Y19_N22 ; 32      ; Clock enable ; no     ; --                   ; --               ; --                        ;
; Datapath:u1|dual_port_RAM:u5|RAM~13794 ; LCCOMB_X35_Y12_N2  ; 32      ; Clock enable ; no     ; --                   ; --               ; --                        ;
; Datapath:u1|dual_port_RAM:u5|RAM~13795 ; LCCOMB_X42_Y14_N6  ; 32      ; Clock enable ; no     ; --                   ; --               ; --                        ;
; Datapath:u1|dual_port_RAM:u5|RAM~13796 ; LCCOMB_X22_Y19_N0  ; 32      ; Clock enable ; no     ; --                   ; --               ; --                        ;
; Datapath:u1|dual_port_RAM:u5|RAM~13797 ; LCCOMB_X34_Y11_N6  ; 32      ; Clock enable ; no     ; --                   ; --               ; --                        ;
; Datapath:u1|dual_port_RAM:u5|RAM~13798 ; LCCOMB_X33_Y12_N16 ; 32      ; Clock enable ; no     ; --                   ; --               ; --                        ;
; Datapath:u1|dual_port_RAM:u5|RAM~13799 ; LCCOMB_X42_Y14_N16 ; 32      ; Clock enable ; no     ; --                   ; --               ; --                        ;
; Datapath:u1|dual_port_RAM:u5|RAM~13800 ; LCCOMB_X41_Y13_N28 ; 32      ; Clock enable ; no     ; --                   ; --               ; --                        ;
; Datapath:u1|dual_port_RAM:u5|RAM~13801 ; LCCOMB_X18_Y15_N0  ; 32      ; Clock enable ; no     ; --                   ; --               ; --                        ;
; Datapath:u1|dual_port_RAM:u5|RAM~13802 ; LCCOMB_X33_Y11_N28 ; 32      ; Clock enable ; no     ; --                   ; --               ; --                        ;
; Datapath:u1|dual_port_RAM:u5|RAM~13803 ; LCCOMB_X41_Y20_N6  ; 32      ; Clock enable ; no     ; --                   ; --               ; --                        ;
; Datapath:u1|dual_port_RAM:u5|RAM~13804 ; LCCOMB_X32_Y8_N22  ; 32      ; Clock enable ; no     ; --                   ; --               ; --                        ;
; Datapath:u1|dual_port_RAM:u5|RAM~13805 ; LCCOMB_X22_Y19_N30 ; 32      ; Clock enable ; no     ; --                   ; --               ; --                        ;
; Datapath:u1|dual_port_RAM:u5|RAM~13806 ; LCCOMB_X33_Y11_N24 ; 32      ; Clock enable ; no     ; --                   ; --               ; --                        ;
; Datapath:u1|dual_port_RAM:u5|RAM~13807 ; LCCOMB_X42_Y14_N12 ; 32      ; Clock enable ; no     ; --                   ; --               ; --                        ;
; Datapath:u1|dual_port_RAM:u5|RAM~13808 ; LCCOMB_X22_Y19_N20 ; 32      ; Clock enable ; no     ; --                   ; --               ; --                        ;
; Datapath:u1|dual_port_RAM:u5|RAM~13809 ; LCCOMB_X45_Y6_N18  ; 32      ; Clock enable ; no     ; --                   ; --               ; --                        ;
; Datapath:u1|dual_port_RAM:u5|RAM~13810 ; LCCOMB_X43_Y12_N0  ; 32      ; Clock enable ; no     ; --                   ; --               ; --                        ;
; Datapath:u1|dual_port_RAM:u5|RAM~13811 ; LCCOMB_X42_Y14_N22 ; 32      ; Clock enable ; no     ; --                   ; --               ; --                        ;
; Datapath:u1|dual_port_RAM:u5|RAM~13812 ; LCCOMB_X22_Y19_N26 ; 32      ; Clock enable ; no     ; --                   ; --               ; --                        ;
; Datapath:u1|dual_port_RAM:u5|RAM~13813 ; LCCOMB_X40_Y11_N26 ; 32      ; Clock enable ; no     ; --                   ; --               ; --                        ;
; Datapath:u1|dual_port_RAM:u5|RAM~13814 ; LCCOMB_X34_Y12_N0  ; 32      ; Clock enable ; no     ; --                   ; --               ; --                        ;
; Datapath:u1|dual_port_RAM:u5|RAM~13815 ; LCCOMB_X43_Y16_N10 ; 32      ; Clock enable ; no     ; --                   ; --               ; --                        ;
; Datapath:u1|dual_port_RAM:u5|RAM~13816 ; LCCOMB_X41_Y13_N6  ; 32      ; Clock enable ; no     ; --                   ; --               ; --                        ;
; Datapath:u1|dual_port_RAM:u5|RAM~13817 ; LCCOMB_X17_Y19_N6  ; 32      ; Clock enable ; no     ; --                   ; --               ; --                        ;
; Datapath:u1|dual_port_RAM:u5|RAM~13818 ; LCCOMB_X35_Y12_N12 ; 32      ; Clock enable ; no     ; --                   ; --               ; --                        ;
; Datapath:u1|dual_port_RAM:u5|RAM~13819 ; LCCOMB_X42_Y16_N22 ; 32      ; Clock enable ; no     ; --                   ; --               ; --                        ;
; Datapath:u1|dual_port_RAM:u5|RAM~13820 ; LCCOMB_X25_Y19_N10 ; 32      ; Clock enable ; no     ; --                   ; --               ; --                        ;
; Datapath:u1|dual_port_RAM:u5|RAM~13821 ; LCCOMB_X37_Y13_N18 ; 32      ; Clock enable ; no     ; --                   ; --               ; --                        ;
; Datapath:u1|dual_port_RAM:u5|RAM~13822 ; LCCOMB_X35_Y12_N14 ; 32      ; Clock enable ; no     ; --                   ; --               ; --                        ;
; Datapath:u1|dual_port_RAM:u5|RAM~13823 ; LCCOMB_X43_Y18_N24 ; 32      ; Clock enable ; no     ; --                   ; --               ; --                        ;
; Datapath:u1|dual_port_RAM:u5|RAM~13824 ; LCCOMB_X41_Y13_N30 ; 32      ; Clock enable ; no     ; --                   ; --               ; --                        ;
; Datapath:u1|dual_port_RAM:u5|RAM~13825 ; LCCOMB_X22_Y15_N14 ; 32      ; Clock enable ; no     ; --                   ; --               ; --                        ;
; Datapath:u1|dual_port_RAM:u5|RAM~13826 ; LCCOMB_X33_Y11_N18 ; 32      ; Clock enable ; no     ; --                   ; --               ; --                        ;
; Datapath:u1|dual_port_RAM:u5|RAM~13827 ; LCCOMB_X42_Y14_N18 ; 32      ; Clock enable ; no     ; --                   ; --               ; --                        ;
; Datapath:u1|dual_port_RAM:u5|RAM~13828 ; LCCOMB_X40_Y16_N26 ; 32      ; Clock enable ; no     ; --                   ; --               ; --                        ;
; Datapath:u1|dual_port_RAM:u5|RAM~13829 ; LCCOMB_X36_Y9_N28  ; 32      ; Clock enable ; no     ; --                   ; --               ; --                        ;
; Datapath:u1|dual_port_RAM:u5|RAM~13830 ; LCCOMB_X34_Y12_N28 ; 32      ; Clock enable ; no     ; --                   ; --               ; --                        ;
; Datapath:u1|dual_port_RAM:u5|RAM~13831 ; LCCOMB_X53_Y25_N16 ; 32      ; Clock enable ; no     ; --                   ; --               ; --                        ;
; Datapath:u1|dual_port_RAM:u5|RAM~13832 ; LCCOMB_X40_Y15_N12 ; 32      ; Clock enable ; no     ; --                   ; --               ; --                        ;
; Datapath:u1|dual_port_RAM:u5|RAM~13833 ; LCCOMB_X22_Y21_N22 ; 32      ; Clock enable ; no     ; --                   ; --               ; --                        ;
; Datapath:u1|dual_port_RAM:u5|RAM~13834 ; LCCOMB_X35_Y14_N10 ; 32      ; Clock enable ; no     ; --                   ; --               ; --                        ;
; Datapath:u1|dual_port_RAM:u5|RAM~13835 ; LCCOMB_X21_Y17_N24 ; 32      ; Clock enable ; no     ; --                   ; --               ; --                        ;
; Datapath:u1|dual_port_RAM:u5|RAM~13836 ; LCCOMB_X29_Y7_N30  ; 32      ; Clock enable ; no     ; --                   ; --               ; --                        ;
; Datapath:u1|dual_port_RAM:u5|RAM~13837 ; LCCOMB_X23_Y11_N12 ; 32      ; Clock enable ; no     ; --                   ; --               ; --                        ;
; Datapath:u1|dual_port_RAM:u5|RAM~13838 ; LCCOMB_X34_Y9_N26  ; 32      ; Clock enable ; no     ; --                   ; --               ; --                        ;
; Datapath:u1|dual_port_RAM:u5|RAM~13839 ; LCCOMB_X28_Y7_N30  ; 32      ; Clock enable ; no     ; --                   ; --               ; --                        ;
; Datapath:u1|dual_port_RAM:u5|RAM~13840 ; LCCOMB_X19_Y12_N16 ; 32      ; Clock enable ; no     ; --                   ; --               ; --                        ;
; Datapath:u1|dual_port_RAM:u5|RAM~13841 ; LCCOMB_X27_Y5_N0   ; 32      ; Clock enable ; no     ; --                   ; --               ; --                        ;
; Datapath:u1|dual_port_RAM:u5|RAM~13842 ; LCCOMB_X27_Y9_N0   ; 32      ; Clock enable ; no     ; --                   ; --               ; --                        ;
; Datapath:u1|dual_port_RAM:u5|RAM~13843 ; LCCOMB_X23_Y16_N0  ; 32      ; Clock enable ; no     ; --                   ; --               ; --                        ;
; Datapath:u1|dual_port_RAM:u5|RAM~13844 ; LCCOMB_X22_Y16_N18 ; 32      ; Clock enable ; no     ; --                   ; --               ; --                        ;
; Datapath:u1|dual_port_RAM:u5|RAM~13845 ; LCCOMB_X32_Y5_N14  ; 32      ; Clock enable ; no     ; --                   ; --               ; --                        ;
; Datapath:u1|dual_port_RAM:u5|RAM~13846 ; LCCOMB_X35_Y12_N24 ; 32      ; Clock enable ; no     ; --                   ; --               ; --                        ;
; Datapath:u1|dual_port_RAM:u5|RAM~13847 ; LCCOMB_X25_Y13_N24 ; 32      ; Clock enable ; no     ; --                   ; --               ; --                        ;
; Datapath:u1|dual_port_RAM:u5|RAM~13848 ; LCCOMB_X23_Y15_N26 ; 32      ; Clock enable ; no     ; --                   ; --               ; --                        ;
; Datapath:u1|dual_port_RAM:u5|RAM~13849 ; LCCOMB_X19_Y16_N18 ; 32      ; Clock enable ; no     ; --                   ; --               ; --                        ;
; Datapath:u1|dual_port_RAM:u5|RAM~13850 ; LCCOMB_X34_Y12_N22 ; 32      ; Clock enable ; no     ; --                   ; --               ; --                        ;
; Datapath:u1|dual_port_RAM:u5|RAM~13851 ; LCCOMB_X21_Y17_N22 ; 32      ; Clock enable ; no     ; --                   ; --               ; --                        ;
; Datapath:u1|dual_port_RAM:u5|RAM~13853 ; LCCOMB_X23_Y16_N28 ; 32      ; Clock enable ; no     ; --                   ; --               ; --                        ;
; Datapath:u1|dual_port_RAM:u5|RAM~13854 ; LCCOMB_X23_Y16_N12 ; 32      ; Clock enable ; no     ; --                   ; --               ; --                        ;
; Datapath:u1|dual_port_RAM:u5|RAM~13855 ; LCCOMB_X23_Y16_N2  ; 32      ; Clock enable ; no     ; --                   ; --               ; --                        ;
; Datapath:u1|dual_port_RAM:u5|RAM~13856 ; LCCOMB_X19_Y18_N10 ; 32      ; Clock enable ; no     ; --                   ; --               ; --                        ;
; Datapath:u1|dual_port_RAM:u5|RAM~13857 ; LCCOMB_X23_Y16_N24 ; 32      ; Clock enable ; no     ; --                   ; --               ; --                        ;
; Datapath:u1|dual_port_RAM:u5|RAM~13858 ; LCCOMB_X23_Y16_N18 ; 32      ; Clock enable ; no     ; --                   ; --               ; --                        ;
; Datapath:u1|dual_port_RAM:u5|RAM~13859 ; LCCOMB_X19_Y17_N6  ; 32      ; Clock enable ; no     ; --                   ; --               ; --                        ;
; Datapath:u1|dual_port_RAM:u5|RAM~13860 ; LCCOMB_X21_Y23_N16 ; 32      ; Clock enable ; no     ; --                   ; --               ; --                        ;
; Datapath:u1|dual_port_RAM:u5|RAM~13861 ; LCCOMB_X40_Y17_N20 ; 32      ; Clock enable ; no     ; --                   ; --               ; --                        ;
; Datapath:u1|dual_port_RAM:u5|RAM~13862 ; LCCOMB_X28_Y16_N26 ; 32      ; Clock enable ; no     ; --                   ; --               ; --                        ;
; Datapath:u1|dual_port_RAM:u5|RAM~13863 ; LCCOMB_X23_Y16_N4  ; 32      ; Clock enable ; no     ; --                   ; --               ; --                        ;
; Datapath:u1|dual_port_RAM:u5|RAM~13864 ; LCCOMB_X23_Y16_N10 ; 32      ; Clock enable ; no     ; --                   ; --               ; --                        ;
; Datapath:u1|dual_port_RAM:u5|RAM~13865 ; LCCOMB_X23_Y16_N14 ; 32      ; Clock enable ; no     ; --                   ; --               ; --                        ;
; Datapath:u1|dual_port_RAM:u5|RAM~13866 ; LCCOMB_X23_Y16_N8  ; 32      ; Clock enable ; no     ; --                   ; --               ; --                        ;
; Datapath:u1|dual_port_RAM:u5|RAM~13867 ; LCCOMB_X23_Y16_N22 ; 32      ; Clock enable ; no     ; --                   ; --               ; --                        ;
; Datapath:u1|dual_port_RAM:u5|RAM~13868 ; LCCOMB_X19_Y22_N6  ; 32      ; Clock enable ; no     ; --                   ; --               ; --                        ;
; Datapath:u1|dual_port_RAM:u5|RAM~13870 ; LCCOMB_X42_Y12_N8  ; 32      ; Clock enable ; no     ; --                   ; --               ; --                        ;
; Datapath:u1|dual_port_RAM:u5|RAM~13871 ; LCCOMB_X42_Y12_N22 ; 32      ; Clock enable ; no     ; --                   ; --               ; --                        ;
; Datapath:u1|dual_port_RAM:u5|RAM~13872 ; LCCOMB_X42_Y12_N4  ; 32      ; Clock enable ; no     ; --                   ; --               ; --                        ;
; Datapath:u1|dual_port_RAM:u5|RAM~13873 ; LCCOMB_X40_Y11_N12 ; 32      ; Clock enable ; no     ; --                   ; --               ; --                        ;
; Datapath:u1|dual_port_RAM:u5|RAM~13874 ; LCCOMB_X42_Y12_N10 ; 32      ; Clock enable ; no     ; --                   ; --               ; --                        ;
; Datapath:u1|dual_port_RAM:u5|RAM~13875 ; LCCOMB_X42_Y12_N24 ; 32      ; Clock enable ; no     ; --                   ; --               ; --                        ;
; Datapath:u1|dual_port_RAM:u5|RAM~13876 ; LCCOMB_X41_Y13_N24 ; 32      ; Clock enable ; no     ; --                   ; --               ; --                        ;
; Datapath:u1|dual_port_RAM:u5|RAM~13877 ; LCCOMB_X43_Y10_N30 ; 32      ; Clock enable ; no     ; --                   ; --               ; --                        ;
; Datapath:u1|dual_port_RAM:u5|RAM~13878 ; LCCOMB_X42_Y12_N14 ; 32      ; Clock enable ; no     ; --                   ; --               ; --                        ;
; Datapath:u1|dual_port_RAM:u5|RAM~13879 ; LCCOMB_X43_Y12_N2  ; 32      ; Clock enable ; no     ; --                   ; --               ; --                        ;
; Datapath:u1|dual_port_RAM:u5|RAM~13880 ; LCCOMB_X40_Y12_N20 ; 32      ; Clock enable ; no     ; --                   ; --               ; --                        ;
; Datapath:u1|dual_port_RAM:u5|RAM~13881 ; LCCOMB_X36_Y12_N20 ; 32      ; Clock enable ; no     ; --                   ; --               ; --                        ;
; Datapath:u1|dual_port_RAM:u5|RAM~13882 ; LCCOMB_X42_Y12_N26 ; 32      ; Clock enable ; no     ; --                   ; --               ; --                        ;
; Datapath:u1|dual_port_RAM:u5|RAM~13883 ; LCCOMB_X42_Y12_N16 ; 32      ; Clock enable ; no     ; --                   ; --               ; --                        ;
; Datapath:u1|dual_port_RAM:u5|RAM~13884 ; LCCOMB_X40_Y12_N8  ; 32      ; Clock enable ; no     ; --                   ; --               ; --                        ;
; Datapath:u1|dual_port_RAM:u5|RAM~13885 ; LCCOMB_X42_Y12_N18 ; 32      ; Clock enable ; no     ; --                   ; --               ; --                        ;
; Datapath:u1|dual_port_RAM:u5|RAM~13887 ; LCCOMB_X42_Y16_N26 ; 32      ; Clock enable ; no     ; --                   ; --               ; --                        ;
; Datapath:u1|dual_port_RAM:u5|RAM~13888 ; LCCOMB_X44_Y15_N18 ; 32      ; Clock enable ; no     ; --                   ; --               ; --                        ;
; Datapath:u1|dual_port_RAM:u5|RAM~13889 ; LCCOMB_X44_Y16_N18 ; 32      ; Clock enable ; no     ; --                   ; --               ; --                        ;
; Datapath:u1|dual_port_RAM:u5|RAM~13890 ; LCCOMB_X44_Y16_N12 ; 32      ; Clock enable ; no     ; --                   ; --               ; --                        ;
; Datapath:u1|dual_port_RAM:u5|RAM~13891 ; LCCOMB_X40_Y14_N12 ; 32      ; Clock enable ; no     ; --                   ; --               ; --                        ;
; Datapath:u1|dual_port_RAM:u5|RAM~13892 ; LCCOMB_X44_Y16_N10 ; 32      ; Clock enable ; no     ; --                   ; --               ; --                        ;
; Datapath:u1|dual_port_RAM:u5|RAM~13893 ; LCCOMB_X40_Y14_N26 ; 32      ; Clock enable ; no     ; --                   ; --               ; --                        ;
; Datapath:u1|dual_port_RAM:u5|RAM~13894 ; LCCOMB_X40_Y14_N0  ; 32      ; Clock enable ; no     ; --                   ; --               ; --                        ;
; Datapath:u1|dual_port_RAM:u5|RAM~13895 ; LCCOMB_X40_Y16_N8  ; 32      ; Clock enable ; no     ; --                   ; --               ; --                        ;
; Datapath:u1|dual_port_RAM:u5|RAM~13896 ; LCCOMB_X41_Y15_N28 ; 32      ; Clock enable ; no     ; --                   ; --               ; --                        ;
; Datapath:u1|dual_port_RAM:u5|RAM~13897 ; LCCOMB_X40_Y14_N28 ; 32      ; Clock enable ; no     ; --                   ; --               ; --                        ;
; Datapath:u1|dual_port_RAM:u5|RAM~13898 ; LCCOMB_X40_Y14_N22 ; 32      ; Clock enable ; no     ; --                   ; --               ; --                        ;
; Datapath:u1|dual_port_RAM:u5|RAM~13899 ; LCCOMB_X40_Y14_N24 ; 32      ; Clock enable ; no     ; --                   ; --               ; --                        ;
; Datapath:u1|dual_port_RAM:u5|RAM~13900 ; LCCOMB_X40_Y14_N18 ; 32      ; Clock enable ; no     ; --                   ; --               ; --                        ;
; Datapath:u1|dual_port_RAM:u5|RAM~13901 ; LCCOMB_X37_Y10_N24 ; 32      ; Clock enable ; no     ; --                   ; --               ; --                        ;
; Datapath:u1|dual_port_RAM:u5|RAM~13902 ; LCCOMB_X40_Y14_N4  ; 32      ; Clock enable ; no     ; --                   ; --               ; --                        ;
; Datapath:u1|dual_port_RAM:u5|RAM~13904 ; LCCOMB_X43_Y15_N12 ; 32      ; Clock enable ; no     ; --                   ; --               ; --                        ;
; Datapath:u1|dual_port_RAM:u5|RAM~13905 ; LCCOMB_X54_Y15_N18 ; 32      ; Clock enable ; no     ; --                   ; --               ; --                        ;
; Datapath:u1|dual_port_RAM:u5|RAM~13906 ; LCCOMB_X51_Y19_N26 ; 32      ; Clock enable ; no     ; --                   ; --               ; --                        ;
; Datapath:u1|dual_port_RAM:u5|RAM~13907 ; LCCOMB_X43_Y15_N2  ; 32      ; Clock enable ; no     ; --                   ; --               ; --                        ;
; Datapath:u1|dual_port_RAM:u5|RAM~13908 ; LCCOMB_X47_Y21_N18 ; 32      ; Clock enable ; no     ; --                   ; --               ; --                        ;
; Datapath:u1|dual_port_RAM:u5|RAM~13909 ; LCCOMB_X42_Y16_N20 ; 32      ; Clock enable ; no     ; --                   ; --               ; --                        ;
; Datapath:u1|dual_port_RAM:u5|RAM~13910 ; LCCOMB_X43_Y15_N16 ; 32      ; Clock enable ; no     ; --                   ; --               ; --                        ;
; Datapath:u1|dual_port_RAM:u5|RAM~13911 ; LCCOMB_X44_Y16_N20 ; 32      ; Clock enable ; no     ; --                   ; --               ; --                        ;
; Datapath:u1|dual_port_RAM:u5|RAM~13912 ; LCCOMB_X50_Y17_N0  ; 32      ; Clock enable ; no     ; --                   ; --               ; --                        ;
; Datapath:u1|dual_port_RAM:u5|RAM~13913 ; LCCOMB_X55_Y23_N8  ; 32      ; Clock enable ; no     ; --                   ; --               ; --                        ;
; Datapath:u1|dual_port_RAM:u5|RAM~13914 ; LCCOMB_X43_Y15_N30 ; 32      ; Clock enable ; no     ; --                   ; --               ; --                        ;
; Datapath:u1|dual_port_RAM:u5|RAM~13915 ; LCCOMB_X22_Y16_N0  ; 32      ; Clock enable ; no     ; --                   ; --               ; --                        ;
; Datapath:u1|dual_port_RAM:u5|RAM~13916 ; LCCOMB_X42_Y15_N10 ; 32      ; Clock enable ; no     ; --                   ; --               ; --                        ;
; Datapath:u1|dual_port_RAM:u5|RAM~13917 ; LCCOMB_X44_Y16_N6  ; 32      ; Clock enable ; no     ; --                   ; --               ; --                        ;
; Datapath:u1|dual_port_RAM:u5|RAM~13918 ; LCCOMB_X44_Y22_N30 ; 32      ; Clock enable ; no     ; --                   ; --               ; --                        ;
; Datapath:u1|dual_port_RAM:u5|RAM~13919 ; LCCOMB_X41_Y17_N18 ; 32      ; Clock enable ; no     ; --                   ; --               ; --                        ;
+----------------------------------------+--------------------+---------+--------------+--------+----------------------+------------------+---------------------------+


+-------------------------------------------------------------------------------------------------+
; Global & Other Fast Signals                                                                     ;
+------+----------+---------+----------------------+------------------+---------------------------+
; Name ; Location ; Fan-Out ; Global Resource Used ; Global Line Name ; Enable Signal Source Name ;
+------+----------+---------+----------------------+------------------+---------------------------+
; CLK  ; PIN_P2   ; 9216    ; Global Clock         ; GCLK3            ; --                        ;
+------+----------+---------+----------------------+------------------+---------------------------+


+--------------------------------------------------+
; Non-Global High Fan-Out Signals                  ;
+----------------------------------------+---------+
; Name                                   ; Fan-Out ;
+----------------------------------------+---------+
; Datapath:u1|ALU:u3|Mux29~3             ; 1048    ;
; Datapath:u1|ALU:u3|Mux28~3             ; 1047    ;
; Datapath:u1|ALU:u3|Mux25~3             ; 1042    ;
; Datapath:u1|ALU:u3|Mux24~3             ; 1041    ;
; Datapath:u1|ALU:u3|Mux31~4             ; 1037    ;
; Datapath:u1|ALU:u3|Mux30~3             ; 1036    ;
; Datapath:u1|ALU:u3|Mux26~3             ; 1034    ;
; Datapath:u1|ALU:u3|Mux27~3             ; 1033    ;
; Datapath:u1|RF:u1|RegisterFile~2367    ; 257     ;
; Datapath:u1|RF:u1|RegisterFile~2325    ; 257     ;
; Datapath:u1|RF:u1|RegisterFile~2283    ; 257     ;
; Datapath:u1|RF:u1|RegisterFile~2241    ; 257     ;
; Datapath:u1|RF:u1|RegisterFile~2199    ; 257     ;
; Datapath:u1|RF:u1|RegisterFile~2157    ; 257     ;
; Datapath:u1|RF:u1|RegisterFile~2115    ; 257     ;
; Datapath:u1|RF:u1|RegisterFile~2073    ; 257     ;
; Datapath:u1|RF:u1|RegisterFile~2031    ; 257     ;
; Datapath:u1|RF:u1|RegisterFile~1989    ; 257     ;
; Datapath:u1|RF:u1|RegisterFile~1947    ; 257     ;
; Datapath:u1|RF:u1|RegisterFile~1905    ; 257     ;
; Datapath:u1|RF:u1|RegisterFile~1863    ; 257     ;
; Datapath:u1|RF:u1|RegisterFile~1821    ; 257     ;
; Datapath:u1|RF:u1|RegisterFile~1779    ; 257     ;
; Datapath:u1|RF:u1|RegisterFile~1737    ; 257     ;
; Datapath:u1|RF:u1|RegisterFile~1695    ; 257     ;
; Datapath:u1|RF:u1|RegisterFile~1653    ; 257     ;
; Datapath:u1|RF:u1|RegisterFile~1611    ; 257     ;
; Datapath:u1|RF:u1|RegisterFile~1569    ; 257     ;
; Datapath:u1|RF:u1|RegisterFile~1527    ; 257     ;
; Datapath:u1|RF:u1|RegisterFile~1485    ; 257     ;
; Datapath:u1|RF:u1|RegisterFile~1443    ; 257     ;
; Datapath:u1|RF:u1|RegisterFile~1401    ; 257     ;
; Datapath:u1|RF:u1|RegisterFile~1359    ; 257     ;
; Datapath:u1|RF:u1|RegisterFile~1317    ; 257     ;
; Datapath:u1|RF:u1|RegisterFile~1275    ; 257     ;
; Datapath:u1|RF:u1|RegisterFile~1233    ; 257     ;
; Datapath:u1|RF:u1|RegisterFile~2419    ; 256     ;
; Datapath:u1|RF:u1|RegisterFile~2418    ; 256     ;
; Datapath:u1|RF:u1|RegisterFile~2417    ; 256     ;
; ControlUnit:u0|Decoder0~4              ; 256     ;
; Datapath:u1|RF:u1|RegisterFile~2416    ; 256     ;
; instruction[16]                        ; 241     ;
; instruction[17]                        ; 241     ;
; instruction[19]                        ; 241     ;
; instruction[18]                        ; 241     ;
; instruction[21]                        ; 240     ;
; instruction[22]                        ; 240     ;
; instruction[24]                        ; 240     ;
; instruction[23]                        ; 240     ;
; ControlUnit:u0|Decoder0~1              ; 98      ;
; ControlUnit:u0|WideOr2~1               ; 67      ;
; ControlUnit:u0|Decoder0~2              ; 64      ;
; instruction[20]                        ; 37      ;
; ControlUnit:u0|ALUSrc~1                ; 36      ;
; Datapath:u1|mux_32bit:u4|C[31]~45      ; 33      ;
; Datapath:u1|mux_32bit:u4|C[30]~44      ; 33      ;
; Datapath:u1|mux_32bit:u4|C[29]~43      ; 33      ;
; Datapath:u1|mux_32bit:u4|C[28]~41      ; 33      ;
; Datapath:u1|mux_32bit:u4|C[27]~39      ; 33      ;
; Datapath:u1|mux_32bit:u4|C[26]~38      ; 33      ;
; Datapath:u1|mux_32bit:u4|C[25]~37      ; 33      ;
; Datapath:u1|mux_32bit:u4|C[24]~35      ; 33      ;
; Datapath:u1|mux_32bit:u4|C[23]~33      ; 33      ;
; Datapath:u1|mux_32bit:u4|C[22]~32      ; 33      ;
; Datapath:u1|mux_32bit:u4|C[21]~31      ; 33      ;
; Datapath:u1|mux_32bit:u4|C[20]~29      ; 33      ;
; Datapath:u1|mux_32bit:u4|C[19]~27      ; 33      ;
; Datapath:u1|mux_32bit:u4|C[18]~26      ; 33      ;
; Datapath:u1|mux_32bit:u4|C[17]~25      ; 33      ;
; Datapath:u1|mux_32bit:u4|C[16]~24      ; 33      ;
; Datapath:u1|mux_32bit:u4|C[15]~22      ; 33      ;
; Datapath:u1|mux_32bit:u4|C[14]~21      ; 33      ;
; Datapath:u1|mux_32bit:u4|C[13]~19      ; 33      ;
; Datapath:u1|mux_32bit:u4|C[12]~17      ; 33      ;
; Datapath:u1|mux_32bit:u4|C[11]~15      ; 33      ;
; Datapath:u1|mux_32bit:u4|C[10]~14      ; 33      ;
; Datapath:u1|mux_32bit:u4|C[9]~13       ; 33      ;
; Datapath:u1|mux_32bit:u4|C[8]~11       ; 33      ;
; Datapath:u1|mux_32bit:u4|C[7]~10       ; 33      ;
; Datapath:u1|mux_32bit:u4|C[6]~9        ; 33      ;
; Datapath:u1|mux_32bit:u4|C[5]~8        ; 33      ;
; Datapath:u1|mux_32bit:u4|C[4]~6        ; 33      ;
; Datapath:u1|mux_32bit:u4|C[3]~4        ; 33      ;
; Datapath:u1|mux_32bit:u4|C[2]~3        ; 33      ;
; Datapath:u1|mux_32bit:u4|C[1]~2        ; 33      ;
; Datapath:u1|mux_32bit:u4|C[0]~1        ; 33      ;
; ControlUnit:u0|WideOr1~1               ; 33      ;
; instruction[25]                        ; 32      ;
; Datapath:u1|dual_port_RAM:u5|RAM~13919 ; 32      ;
; Datapath:u1|dual_port_RAM:u5|RAM~13918 ; 32      ;
; Datapath:u1|dual_port_RAM:u5|RAM~13917 ; 32      ;
; Datapath:u1|dual_port_RAM:u5|RAM~13916 ; 32      ;
; Datapath:u1|dual_port_RAM:u5|RAM~13915 ; 32      ;
; Datapath:u1|dual_port_RAM:u5|RAM~13914 ; 32      ;
; Datapath:u1|dual_port_RAM:u5|RAM~13913 ; 32      ;
; Datapath:u1|dual_port_RAM:u5|RAM~13912 ; 32      ;
; Datapath:u1|dual_port_RAM:u5|RAM~13911 ; 32      ;
; Datapath:u1|dual_port_RAM:u5|RAM~13910 ; 32      ;
; Datapath:u1|dual_port_RAM:u5|RAM~13909 ; 32      ;
; Datapath:u1|dual_port_RAM:u5|RAM~13908 ; 32      ;
; Datapath:u1|dual_port_RAM:u5|RAM~13907 ; 32      ;
; Datapath:u1|dual_port_RAM:u5|RAM~13906 ; 32      ;
; Datapath:u1|dual_port_RAM:u5|RAM~13905 ; 32      ;
; Datapath:u1|dual_port_RAM:u5|RAM~13904 ; 32      ;
; Datapath:u1|dual_port_RAM:u5|RAM~13902 ; 32      ;
; Datapath:u1|dual_port_RAM:u5|RAM~13901 ; 32      ;
; Datapath:u1|dual_port_RAM:u5|RAM~13900 ; 32      ;
; Datapath:u1|dual_port_RAM:u5|RAM~13899 ; 32      ;
; Datapath:u1|dual_port_RAM:u5|RAM~13898 ; 32      ;
; Datapath:u1|dual_port_RAM:u5|RAM~13897 ; 32      ;
; Datapath:u1|dual_port_RAM:u5|RAM~13896 ; 32      ;
; Datapath:u1|dual_port_RAM:u5|RAM~13895 ; 32      ;
; Datapath:u1|dual_port_RAM:u5|RAM~13894 ; 32      ;
; Datapath:u1|dual_port_RAM:u5|RAM~13893 ; 32      ;
; Datapath:u1|dual_port_RAM:u5|RAM~13892 ; 32      ;
; Datapath:u1|dual_port_RAM:u5|RAM~13891 ; 32      ;
; Datapath:u1|dual_port_RAM:u5|RAM~13890 ; 32      ;
; Datapath:u1|dual_port_RAM:u5|RAM~13889 ; 32      ;
; Datapath:u1|dual_port_RAM:u5|RAM~13888 ; 32      ;
; Datapath:u1|dual_port_RAM:u5|RAM~13887 ; 32      ;
; Datapath:u1|dual_port_RAM:u5|RAM~13885 ; 32      ;
; Datapath:u1|dual_port_RAM:u5|RAM~13884 ; 32      ;
; Datapath:u1|dual_port_RAM:u5|RAM~13883 ; 32      ;
; Datapath:u1|dual_port_RAM:u5|RAM~13882 ; 32      ;
; Datapath:u1|dual_port_RAM:u5|RAM~13881 ; 32      ;
; Datapath:u1|dual_port_RAM:u5|RAM~13880 ; 32      ;
; Datapath:u1|dual_port_RAM:u5|RAM~13879 ; 32      ;
; Datapath:u1|dual_port_RAM:u5|RAM~13878 ; 32      ;
; Datapath:u1|dual_port_RAM:u5|RAM~13877 ; 32      ;
; Datapath:u1|dual_port_RAM:u5|RAM~13876 ; 32      ;
; Datapath:u1|dual_port_RAM:u5|RAM~13875 ; 32      ;
; Datapath:u1|dual_port_RAM:u5|RAM~13874 ; 32      ;
; Datapath:u1|dual_port_RAM:u5|RAM~13873 ; 32      ;
; Datapath:u1|dual_port_RAM:u5|RAM~13872 ; 32      ;
; Datapath:u1|dual_port_RAM:u5|RAM~13871 ; 32      ;
; Datapath:u1|dual_port_RAM:u5|RAM~13870 ; 32      ;
; Datapath:u1|dual_port_RAM:u5|RAM~13868 ; 32      ;
; Datapath:u1|dual_port_RAM:u5|RAM~13867 ; 32      ;
; Datapath:u1|dual_port_RAM:u5|RAM~13866 ; 32      ;
; Datapath:u1|dual_port_RAM:u5|RAM~13865 ; 32      ;
; Datapath:u1|dual_port_RAM:u5|RAM~13864 ; 32      ;
; Datapath:u1|dual_port_RAM:u5|RAM~13863 ; 32      ;
; Datapath:u1|dual_port_RAM:u5|RAM~13862 ; 32      ;
; Datapath:u1|dual_port_RAM:u5|RAM~13861 ; 32      ;
; Datapath:u1|dual_port_RAM:u5|RAM~13860 ; 32      ;
; Datapath:u1|dual_port_RAM:u5|RAM~13859 ; 32      ;
; Datapath:u1|dual_port_RAM:u5|RAM~13858 ; 32      ;
; Datapath:u1|dual_port_RAM:u5|RAM~13857 ; 32      ;
; Datapath:u1|dual_port_RAM:u5|RAM~13856 ; 32      ;
; Datapath:u1|dual_port_RAM:u5|RAM~13855 ; 32      ;
; Datapath:u1|dual_port_RAM:u5|RAM~13854 ; 32      ;
; Datapath:u1|dual_port_RAM:u5|RAM~13853 ; 32      ;
; Datapath:u1|dual_port_RAM:u5|RAM~13851 ; 32      ;
; Datapath:u1|dual_port_RAM:u5|RAM~13850 ; 32      ;
; Datapath:u1|dual_port_RAM:u5|RAM~13849 ; 32      ;
; Datapath:u1|dual_port_RAM:u5|RAM~13848 ; 32      ;
; Datapath:u1|dual_port_RAM:u5|RAM~13847 ; 32      ;
; Datapath:u1|dual_port_RAM:u5|RAM~13846 ; 32      ;
; Datapath:u1|dual_port_RAM:u5|RAM~13845 ; 32      ;
; Datapath:u1|dual_port_RAM:u5|RAM~13844 ; 32      ;
; Datapath:u1|dual_port_RAM:u5|RAM~13843 ; 32      ;
; Datapath:u1|dual_port_RAM:u5|RAM~13842 ; 32      ;
; Datapath:u1|dual_port_RAM:u5|RAM~13841 ; 32      ;
; Datapath:u1|dual_port_RAM:u5|RAM~13840 ; 32      ;
; Datapath:u1|dual_port_RAM:u5|RAM~13839 ; 32      ;
; Datapath:u1|dual_port_RAM:u5|RAM~13838 ; 32      ;
; Datapath:u1|dual_port_RAM:u5|RAM~13837 ; 32      ;
; Datapath:u1|dual_port_RAM:u5|RAM~13836 ; 32      ;
; Datapath:u1|dual_port_RAM:u5|RAM~13835 ; 32      ;
; Datapath:u1|dual_port_RAM:u5|RAM~13834 ; 32      ;
; Datapath:u1|dual_port_RAM:u5|RAM~13833 ; 32      ;
; Datapath:u1|dual_port_RAM:u5|RAM~13832 ; 32      ;
; Datapath:u1|dual_port_RAM:u5|RAM~13831 ; 32      ;
; Datapath:u1|dual_port_RAM:u5|RAM~13830 ; 32      ;
; Datapath:u1|dual_port_RAM:u5|RAM~13829 ; 32      ;
; Datapath:u1|dual_port_RAM:u5|RAM~13828 ; 32      ;
; Datapath:u1|dual_port_RAM:u5|RAM~13827 ; 32      ;
; Datapath:u1|dual_port_RAM:u5|RAM~13826 ; 32      ;
; Datapath:u1|dual_port_RAM:u5|RAM~13825 ; 32      ;
; Datapath:u1|dual_port_RAM:u5|RAM~13824 ; 32      ;
; Datapath:u1|dual_port_RAM:u5|RAM~13823 ; 32      ;
; Datapath:u1|dual_port_RAM:u5|RAM~13822 ; 32      ;
; Datapath:u1|dual_port_RAM:u5|RAM~13821 ; 32      ;
; Datapath:u1|dual_port_RAM:u5|RAM~13820 ; 32      ;
; Datapath:u1|dual_port_RAM:u5|RAM~13819 ; 32      ;
; Datapath:u1|dual_port_RAM:u5|RAM~13818 ; 32      ;
; Datapath:u1|dual_port_RAM:u5|RAM~13817 ; 32      ;
; Datapath:u1|dual_port_RAM:u5|RAM~13816 ; 32      ;
; Datapath:u1|dual_port_RAM:u5|RAM~13815 ; 32      ;
; Datapath:u1|dual_port_RAM:u5|RAM~13814 ; 32      ;
; Datapath:u1|dual_port_RAM:u5|RAM~13813 ; 32      ;
; Datapath:u1|dual_port_RAM:u5|RAM~13812 ; 32      ;
; Datapath:u1|dual_port_RAM:u5|RAM~13811 ; 32      ;
; Datapath:u1|dual_port_RAM:u5|RAM~13810 ; 32      ;
; Datapath:u1|dual_port_RAM:u5|RAM~13809 ; 32      ;
; Datapath:u1|dual_port_RAM:u5|RAM~13808 ; 32      ;
; Datapath:u1|dual_port_RAM:u5|RAM~13807 ; 32      ;
; Datapath:u1|dual_port_RAM:u5|RAM~13806 ; 32      ;
; Datapath:u1|dual_port_RAM:u5|RAM~13805 ; 32      ;
; Datapath:u1|dual_port_RAM:u5|RAM~13804 ; 32      ;
; Datapath:u1|dual_port_RAM:u5|RAM~13803 ; 32      ;
; Datapath:u1|dual_port_RAM:u5|RAM~13802 ; 32      ;
; Datapath:u1|dual_port_RAM:u5|RAM~13801 ; 32      ;
; Datapath:u1|dual_port_RAM:u5|RAM~13800 ; 32      ;
; Datapath:u1|dual_port_RAM:u5|RAM~13799 ; 32      ;
; Datapath:u1|dual_port_RAM:u5|RAM~13798 ; 32      ;
; Datapath:u1|dual_port_RAM:u5|RAM~13797 ; 32      ;
; Datapath:u1|dual_port_RAM:u5|RAM~13796 ; 32      ;
; Datapath:u1|dual_port_RAM:u5|RAM~13795 ; 32      ;
; Datapath:u1|dual_port_RAM:u5|RAM~13794 ; 32      ;
; Datapath:u1|dual_port_RAM:u5|RAM~13793 ; 32      ;
; Datapath:u1|dual_port_RAM:u5|RAM~13792 ; 32      ;
; Datapath:u1|dual_port_RAM:u5|RAM~13791 ; 32      ;
; Datapath:u1|dual_port_RAM:u5|RAM~13789 ; 32      ;
; Datapath:u1|dual_port_RAM:u5|RAM~13787 ; 32      ;
; Datapath:u1|dual_port_RAM:u5|RAM~13785 ; 32      ;
; Datapath:u1|dual_port_RAM:u5|RAM~13783 ; 32      ;
; Datapath:u1|dual_port_RAM:u5|RAM~13782 ; 32      ;
; Datapath:u1|dual_port_RAM:u5|RAM~13781 ; 32      ;
; Datapath:u1|dual_port_RAM:u5|RAM~13780 ; 32      ;
; Datapath:u1|dual_port_RAM:u5|RAM~13779 ; 32      ;
; Datapath:u1|dual_port_RAM:u5|RAM~13778 ; 32      ;
; Datapath:u1|dual_port_RAM:u5|RAM~13777 ; 32      ;
; Datapath:u1|dual_port_RAM:u5|RAM~13776 ; 32      ;
; Datapath:u1|dual_port_RAM:u5|RAM~13775 ; 32      ;
; Datapath:u1|dual_port_RAM:u5|RAM~13774 ; 32      ;
; Datapath:u1|dual_port_RAM:u5|RAM~13773 ; 32      ;
; Datapath:u1|dual_port_RAM:u5|RAM~13772 ; 32      ;
; Datapath:u1|dual_port_RAM:u5|RAM~13771 ; 32      ;
; Datapath:u1|dual_port_RAM:u5|RAM~13770 ; 32      ;
; Datapath:u1|dual_port_RAM:u5|RAM~13769 ; 32      ;
; Datapath:u1|dual_port_RAM:u5|RAM~13768 ; 32      ;
; Datapath:u1|dual_port_RAM:u5|RAM~13767 ; 32      ;
; Datapath:u1|dual_port_RAM:u5|RAM~13766 ; 32      ;
; Datapath:u1|dual_port_RAM:u5|RAM~13765 ; 32      ;
; Datapath:u1|dual_port_RAM:u5|RAM~13764 ; 32      ;
; Datapath:u1|dual_port_RAM:u5|RAM~13763 ; 32      ;
; Datapath:u1|dual_port_RAM:u5|RAM~13762 ; 32      ;
; Datapath:u1|dual_port_RAM:u5|RAM~13761 ; 32      ;
; Datapath:u1|dual_port_RAM:u5|RAM~13760 ; 32      ;
; Datapath:u1|dual_port_RAM:u5|RAM~13759 ; 32      ;
; Datapath:u1|dual_port_RAM:u5|RAM~13758 ; 32      ;
; Datapath:u1|dual_port_RAM:u5|RAM~13757 ; 32      ;
; Datapath:u1|dual_port_RAM:u5|RAM~13756 ; 32      ;
; Datapath:u1|dual_port_RAM:u5|RAM~13755 ; 32      ;
; Datapath:u1|dual_port_RAM:u5|RAM~13754 ; 32      ;
; Datapath:u1|dual_port_RAM:u5|RAM~13753 ; 32      ;
; Datapath:u1|dual_port_RAM:u5|RAM~13752 ; 32      ;
; Datapath:u1|dual_port_RAM:u5|RAM~13751 ; 32      ;
; Datapath:u1|dual_port_RAM:u5|RAM~13750 ; 32      ;
; Datapath:u1|dual_port_RAM:u5|RAM~13749 ; 32      ;
; Datapath:u1|dual_port_RAM:u5|RAM~13748 ; 32      ;
; Datapath:u1|dual_port_RAM:u5|RAM~13747 ; 32      ;
; Datapath:u1|dual_port_RAM:u5|RAM~13746 ; 32      ;
; Datapath:u1|dual_port_RAM:u5|RAM~13745 ; 32      ;
; Datapath:u1|dual_port_RAM:u5|RAM~13744 ; 32      ;
; Datapath:u1|dual_port_RAM:u5|RAM~13743 ; 32      ;
; Datapath:u1|dual_port_RAM:u5|RAM~13742 ; 32      ;
; Datapath:u1|dual_port_RAM:u5|RAM~13741 ; 32      ;
; Datapath:u1|dual_port_RAM:u5|RAM~13740 ; 32      ;
; Datapath:u1|dual_port_RAM:u5|RAM~13739 ; 32      ;
; Datapath:u1|dual_port_RAM:u5|RAM~13738 ; 32      ;
; Datapath:u1|dual_port_RAM:u5|RAM~13737 ; 32      ;
; Datapath:u1|dual_port_RAM:u5|RAM~13736 ; 32      ;
; Datapath:u1|dual_port_RAM:u5|RAM~13735 ; 32      ;
; Datapath:u1|dual_port_RAM:u5|RAM~13734 ; 32      ;
; Datapath:u1|dual_port_RAM:u5|RAM~13733 ; 32      ;
; Datapath:u1|dual_port_RAM:u5|RAM~13732 ; 32      ;
; Datapath:u1|dual_port_RAM:u5|RAM~13731 ; 32      ;
; Datapath:u1|dual_port_RAM:u5|RAM~13730 ; 32      ;
; Datapath:u1|dual_port_RAM:u5|RAM~13729 ; 32      ;
; Datapath:u1|dual_port_RAM:u5|RAM~13728 ; 32      ;
; Datapath:u1|dual_port_RAM:u5|RAM~13727 ; 32      ;
; Datapath:u1|dual_port_RAM:u5|RAM~13726 ; 32      ;
; Datapath:u1|dual_port_RAM:u5|RAM~13725 ; 32      ;
; Datapath:u1|dual_port_RAM:u5|RAM~13724 ; 32      ;
; Datapath:u1|dual_port_RAM:u5|RAM~13723 ; 32      ;
; Datapath:u1|dual_port_RAM:u5|RAM~13721 ; 32      ;
; Datapath:u1|dual_port_RAM:u5|RAM~13719 ; 32      ;
; Datapath:u1|dual_port_RAM:u5|RAM~13717 ; 32      ;
; Datapath:u1|dual_port_RAM:u5|RAM~13715 ; 32      ;
; Datapath:u1|dual_port_RAM:u5|RAM~13714 ; 32      ;
; Datapath:u1|dual_port_RAM:u5|RAM~13713 ; 32      ;
; Datapath:u1|dual_port_RAM:u5|RAM~13712 ; 32      ;
; Datapath:u1|dual_port_RAM:u5|RAM~13711 ; 32      ;
; Datapath:u1|dual_port_RAM:u5|RAM~13710 ; 32      ;
; Datapath:u1|dual_port_RAM:u5|RAM~13709 ; 32      ;
; Datapath:u1|dual_port_RAM:u5|RAM~13708 ; 32      ;
; Datapath:u1|dual_port_RAM:u5|RAM~13707 ; 32      ;
; Datapath:u1|dual_port_RAM:u5|RAM~13706 ; 32      ;
; Datapath:u1|dual_port_RAM:u5|RAM~13705 ; 32      ;
; Datapath:u1|dual_port_RAM:u5|RAM~13704 ; 32      ;
; Datapath:u1|dual_port_RAM:u5|RAM~13703 ; 32      ;
; Datapath:u1|dual_port_RAM:u5|RAM~13702 ; 32      ;
; Datapath:u1|dual_port_RAM:u5|RAM~13701 ; 32      ;
; Datapath:u1|dual_port_RAM:u5|RAM~13700 ; 32      ;
; Datapath:u1|dual_port_RAM:u5|RAM~13698 ; 32      ;
; Datapath:u1|dual_port_RAM:u5|RAM~13697 ; 32      ;
; Datapath:u1|dual_port_RAM:u5|RAM~13696 ; 32      ;
; Datapath:u1|dual_port_RAM:u5|RAM~13695 ; 32      ;
; Datapath:u1|dual_port_RAM:u5|RAM~13694 ; 32      ;
; Datapath:u1|dual_port_RAM:u5|RAM~13693 ; 32      ;
; Datapath:u1|dual_port_RAM:u5|RAM~13692 ; 32      ;
; Datapath:u1|dual_port_RAM:u5|RAM~13691 ; 32      ;
; Datapath:u1|dual_port_RAM:u5|RAM~13690 ; 32      ;
; Datapath:u1|dual_port_RAM:u5|RAM~13689 ; 32      ;
; Datapath:u1|dual_port_RAM:u5|RAM~13688 ; 32      ;
; Datapath:u1|dual_port_RAM:u5|RAM~13687 ; 32      ;
; Datapath:u1|dual_port_RAM:u5|RAM~13686 ; 32      ;
; Datapath:u1|dual_port_RAM:u5|RAM~13685 ; 32      ;
; Datapath:u1|dual_port_RAM:u5|RAM~13684 ; 32      ;
; Datapath:u1|dual_port_RAM:u5|RAM~13683 ; 32      ;
; Datapath:u1|dual_port_RAM:u5|RAM~13681 ; 32      ;
; Datapath:u1|dual_port_RAM:u5|RAM~13680 ; 32      ;
; Datapath:u1|dual_port_RAM:u5|RAM~13679 ; 32      ;
; Datapath:u1|dual_port_RAM:u5|RAM~13678 ; 32      ;
; Datapath:u1|dual_port_RAM:u5|RAM~13677 ; 32      ;
; Datapath:u1|dual_port_RAM:u5|RAM~13676 ; 32      ;
; Datapath:u1|dual_port_RAM:u5|RAM~13675 ; 32      ;
; Datapath:u1|dual_port_RAM:u5|RAM~13674 ; 32      ;
; Datapath:u1|dual_port_RAM:u5|RAM~13673 ; 32      ;
; Datapath:u1|dual_port_RAM:u5|RAM~13672 ; 32      ;
; Datapath:u1|dual_port_RAM:u5|RAM~13671 ; 32      ;
; Datapath:u1|dual_port_RAM:u5|RAM~13670 ; 32      ;
; Datapath:u1|dual_port_RAM:u5|RAM~13669 ; 32      ;
; Datapath:u1|dual_port_RAM:u5|RAM~13668 ; 32      ;
; Datapath:u1|dual_port_RAM:u5|RAM~13667 ; 32      ;
; Datapath:u1|dual_port_RAM:u5|RAM~13666 ; 32      ;
; Datapath:u1|dual_port_RAM:u5|RAM~13664 ; 32      ;
; Datapath:u1|dual_port_RAM:u5|RAM~13662 ; 32      ;
; Datapath:u1|dual_port_RAM:u5|RAM~13660 ; 32      ;
; Datapath:u1|dual_port_RAM:u5|RAM~13658 ; 32      ;
; Datapath:u1|dual_port_RAM:u5|RAM~13656 ; 32      ;
; Datapath:u1|dual_port_RAM:u5|RAM~13654 ; 32      ;
; Datapath:u1|dual_port_RAM:u5|RAM~13652 ; 32      ;
; Datapath:u1|dual_port_RAM:u5|RAM~13650 ; 32      ;
; Datapath:u1|dual_port_RAM:u5|RAM~13648 ; 32      ;
; Datapath:u1|dual_port_RAM:u5|RAM~13646 ; 32      ;
; Datapath:u1|dual_port_RAM:u5|RAM~13644 ; 32      ;
; Datapath:u1|dual_port_RAM:u5|RAM~13642 ; 32      ;
; Datapath:u1|dual_port_RAM:u5|RAM~13640 ; 32      ;
; Datapath:u1|dual_port_RAM:u5|RAM~13638 ; 32      ;
; Datapath:u1|dual_port_RAM:u5|RAM~13636 ; 32      ;
; Datapath:u1|dual_port_RAM:u5|RAM~13634 ; 32      ;
; Datapath:u1|RF:u1|RegisterFile~2415    ; 32      ;
; Datapath:u1|RF:u1|RegisterFile~2414    ; 32      ;
; Datapath:u1|RF:u1|RegisterFile~2413    ; 32      ;
; Datapath:u1|RF:u1|RegisterFile~2412    ; 32      ;
; Datapath:u1|RF:u1|RegisterFile~2411    ; 32      ;
; Datapath:u1|RF:u1|RegisterFile~2410    ; 32      ;
; Datapath:u1|RF:u1|RegisterFile~2409    ; 32      ;
; Datapath:u1|RF:u1|RegisterFile~2408    ; 32      ;
; Datapath:u1|RF:u1|RegisterFile~2407    ; 32      ;
; Datapath:u1|RF:u1|RegisterFile~2406    ; 32      ;
; Datapath:u1|RF:u1|RegisterFile~2405    ; 32      ;
; Datapath:u1|RF:u1|RegisterFile~2404    ; 32      ;
; Datapath:u1|RF:u1|RegisterFile~2403    ; 32      ;
; Datapath:u1|RF:u1|RegisterFile~2402    ; 32      ;
; Datapath:u1|RF:u1|RegisterFile~2401    ; 32      ;
; Datapath:u1|RF:u1|RegisterFile~2400    ; 32      ;
; Datapath:u1|RF:u1|RegisterFile~2399    ; 32      ;
; Datapath:u1|RF:u1|RegisterFile~2397    ; 32      ;
; Datapath:u1|RF:u1|RegisterFile~2395    ; 32      ;
; Datapath:u1|RF:u1|RegisterFile~2393    ; 32      ;
; Datapath:u1|RF:u1|RegisterFile~2391    ; 32      ;
; Datapath:u1|RF:u1|RegisterFile~2389    ; 32      ;
; Datapath:u1|RF:u1|RegisterFile~2387    ; 32      ;
; Datapath:u1|RF:u1|RegisterFile~2385    ; 32      ;
; Datapath:u1|RF:u1|RegisterFile~2383    ; 32      ;
; Datapath:u1|RF:u1|RegisterFile~2381    ; 32      ;
; Datapath:u1|RF:u1|RegisterFile~2379    ; 32      ;
; Datapath:u1|RF:u1|RegisterFile~2377    ; 32      ;
; Datapath:u1|RF:u1|RegisterFile~2375    ; 32      ;
; Datapath:u1|RF:u1|RegisterFile~2373    ; 32      ;
; Datapath:u1|RF:u1|RegisterFile~2371    ; 32      ;
; Datapath:u1|RF:u1|RegisterFile~2369    ; 32      ;
; instruction[15]                        ; 18      ;
; Datapath:u1|RF:u1|RegisterFile~2421    ; 16      ;
; Datapath:u1|RF:u1|RegisterFile~2420    ; 16      ;
; Datapath:u1|dual_port_RAM:u5|RAM~13903 ; 16      ;
; Datapath:u1|dual_port_RAM:u5|RAM~13886 ; 16      ;
; Datapath:u1|dual_port_RAM:u5|RAM~13869 ; 16      ;
; Datapath:u1|dual_port_RAM:u5|RAM~13852 ; 16      ;
; Datapath:u1|dual_port_RAM:u5|RAM~13790 ; 16      ;
; Datapath:u1|dual_port_RAM:u5|RAM~13788 ; 16      ;
; Datapath:u1|dual_port_RAM:u5|RAM~13786 ; 16      ;
; Datapath:u1|dual_port_RAM:u5|RAM~13784 ; 16      ;
; Datapath:u1|dual_port_RAM:u5|RAM~13722 ; 16      ;
; Datapath:u1|dual_port_RAM:u5|RAM~13720 ; 16      ;
; Datapath:u1|dual_port_RAM:u5|RAM~13718 ; 16      ;
; Datapath:u1|dual_port_RAM:u5|RAM~13716 ; 16      ;
; Datapath:u1|dual_port_RAM:u5|RAM~13699 ; 16      ;
; Datapath:u1|dual_port_RAM:u5|RAM~13682 ; 16      ;
; Datapath:u1|dual_port_RAM:u5|RAM~13665 ; 16      ;
; Datapath:u1|dual_port_RAM:u5|RAM~13663 ; 16      ;
; Datapath:u1|dual_port_RAM:u5|RAM~13661 ; 16      ;
; Datapath:u1|dual_port_RAM:u5|RAM~13659 ; 16      ;
; Datapath:u1|dual_port_RAM:u5|RAM~13657 ; 16      ;
; Datapath:u1|dual_port_RAM:u5|RAM~13655 ; 16      ;
; Datapath:u1|dual_port_RAM:u5|RAM~13653 ; 16      ;
; Datapath:u1|dual_port_RAM:u5|RAM~13651 ; 16      ;
; Datapath:u1|dual_port_RAM:u5|RAM~13649 ; 16      ;
; Datapath:u1|dual_port_RAM:u5|RAM~13647 ; 16      ;
; Datapath:u1|dual_port_RAM:u5|RAM~13645 ; 16      ;
; Datapath:u1|dual_port_RAM:u5|RAM~13643 ; 16      ;
; Datapath:u1|dual_port_RAM:u5|RAM~13641 ; 16      ;
; Datapath:u1|dual_port_RAM:u5|RAM~13639 ; 16      ;
; Datapath:u1|dual_port_RAM:u5|RAM~13637 ; 16      ;
; Datapath:u1|dual_port_RAM:u5|RAM~13635 ; 16      ;
; Datapath:u1|dual_port_RAM:u5|RAM~13633 ; 16      ;
; Datapath:u1|dual_port_RAM:u5|RAM~13632 ; 16      ;
; Datapath:u1|mux_5bit:u0|C[3]~3         ; 16      ;
; Datapath:u1|mux_5bit:u0|C[2]~2         ; 16      ;
; Datapath:u1|mux_5bit:u0|C[1]~1         ; 16      ;
; Datapath:u1|mux_5bit:u0|C[0]~0         ; 16      ;
; instruction[29]                        ; 8       ;
; instruction[28]                        ; 8       ;
; instruction[27]                        ; 8       ;
; instruction[31]                        ; 7       ;
; instruction[30]                        ; 7       ;
; Datapath:u1|RF:u1|RegisterFile~2346    ; 7       ;
; instruction[26]                        ; 6       ;
; Datapath:u1|RF:u1|RegisterFile~1048    ; 6       ;
; ControlUnit:u0|RegDst~0                ; 5       ;
; ControlUnit:u0|Decoder0~3              ; 5       ;
; Datapath:u1|RF:u1|RegisterFile~2304    ; 5       ;
; Datapath:u1|RF:u1|RegisterFile~2262    ; 5       ;
; Datapath:u1|RF:u1|RegisterFile~2220    ; 5       ;
; Datapath:u1|RF:u1|RegisterFile~2178    ; 5       ;
; Datapath:u1|RF:u1|RegisterFile~2136    ; 5       ;
; Datapath:u1|RF:u1|RegisterFile~2094    ; 5       ;
; Datapath:u1|RF:u1|RegisterFile~2052    ; 5       ;
; Datapath:u1|RF:u1|RegisterFile~2010    ; 5       ;
; Datapath:u1|RF:u1|RegisterFile~1968    ; 5       ;
; Datapath:u1|RF:u1|RegisterFile~1926    ; 5       ;
; Datapath:u1|RF:u1|RegisterFile~1884    ; 5       ;
; Datapath:u1|RF:u1|RegisterFile~1842    ; 5       ;
; Datapath:u1|RF:u1|RegisterFile~1800    ; 5       ;
; Datapath:u1|RF:u1|RegisterFile~1758    ; 5       ;
; Datapath:u1|RF:u1|RegisterFile~1716    ; 5       ;
; Datapath:u1|RF:u1|RegisterFile~1674    ; 5       ;
; Datapath:u1|RF:u1|RegisterFile~1632    ; 5       ;
; Datapath:u1|RF:u1|RegisterFile~1590    ; 5       ;
; Datapath:u1|RF:u1|RegisterFile~1548    ; 5       ;
; Datapath:u1|RF:u1|RegisterFile~1506    ; 5       ;
; Datapath:u1|RF:u1|RegisterFile~1464    ; 5       ;
; Datapath:u1|RF:u1|RegisterFile~1422    ; 5       ;
; Datapath:u1|RF:u1|RegisterFile~1380    ; 5       ;
; Datapath:u1|RF:u1|RegisterFile~1338    ; 5       ;
; Datapath:u1|RF:u1|RegisterFile~1296    ; 5       ;
; Datapath:u1|RF:u1|RegisterFile~1254    ; 5       ;
; Datapath:u1|RF:u1|RegisterFile~1212    ; 5       ;
; Datapath:u1|RF:u1|RegisterFile~1171    ; 5       ;
; Datapath:u1|RF:u1|RegisterFile~1130    ; 5       ;
; Datapath:u1|RF:u1|RegisterFile~1089    ; 5       ;
; Datapath:u1|mux_32bit:u2|C[31]~35      ; 4       ;
; Datapath:u1|mux_32bit:u2|C[30]~34      ; 3       ;
; Datapath:u1|mux_32bit:u2|C[29]~33      ; 3       ;
; Datapath:u1|mux_32bit:u2|C[28]~32      ; 3       ;
; Datapath:u1|mux_32bit:u2|C[27]~31      ; 3       ;
; Datapath:u1|mux_32bit:u2|C[26]~30      ; 3       ;
; Datapath:u1|mux_32bit:u2|C[25]~29      ; 3       ;
; Datapath:u1|mux_32bit:u2|C[24]~28      ; 3       ;
; Datapath:u1|mux_32bit:u2|C[23]~27      ; 3       ;
; Datapath:u1|mux_32bit:u2|C[22]~26      ; 3       ;
; Datapath:u1|mux_32bit:u2|C[21]~25      ; 3       ;
; Datapath:u1|mux_32bit:u2|C[20]~24      ; 3       ;
; Datapath:u1|mux_32bit:u2|C[19]~23      ; 3       ;
; Datapath:u1|mux_32bit:u2|C[18]~22      ; 3       ;
; Datapath:u1|mux_32bit:u2|C[17]~21      ; 3       ;
; Datapath:u1|mux_32bit:u2|C[16]~20      ; 3       ;
; Datapath:u1|mux_32bit:u2|C[15]~19      ; 3       ;
; Datapath:u1|mux_32bit:u2|C[14]~18      ; 3       ;
; Datapath:u1|mux_32bit:u2|C[13]~17      ; 3       ;
; Datapath:u1|mux_32bit:u2|C[12]~16      ; 3       ;
; Datapath:u1|mux_32bit:u2|C[11]~15      ; 3       ;
; Datapath:u1|mux_32bit:u2|C[10]~14      ; 3       ;
; Datapath:u1|mux_32bit:u2|C[9]~13       ; 3       ;
; Datapath:u1|mux_32bit:u2|C[8]~12       ; 3       ;
; Datapath:u1|mux_32bit:u2|C[7]~11       ; 3       ;
; Datapath:u1|mux_32bit:u2|C[6]~10       ; 3       ;
; Datapath:u1|mux_32bit:u2|C[5]~9        ; 3       ;
; Datapath:u1|mux_32bit:u2|C[4]~8        ; 3       ;
; Datapath:u1|mux_32bit:u2|C[3]~7        ; 3       ;
; Datapath:u1|mux_32bit:u2|C[2]~5        ; 3       ;
; Datapath:u1|mux_32bit:u2|C[1]~3        ; 3       ;
; ControlUnit:u0|Decoder0~0              ; 3       ;
; Datapath:u1|mux_32bit:u2|C[0]~1        ; 3       ;
; instruction[14]                        ; 2       ;
; instruction[13]                        ; 2       ;
; instruction[12]                        ; 2       ;
; instruction[11]                        ; 2       ;
; Datapath:u1|RF:u1|RegisterFile~2398    ; 2       ;
; Datapath:u1|RF:u1|RegisterFile~2396    ; 2       ;
; Datapath:u1|RF:u1|RegisterFile~2394    ; 2       ;
; Datapath:u1|RF:u1|RegisterFile~2392    ; 2       ;
; Datapath:u1|RF:u1|RegisterFile~2390    ; 2       ;
; Datapath:u1|RF:u1|RegisterFile~2388    ; 2       ;
; Datapath:u1|RF:u1|RegisterFile~2386    ; 2       ;
; Datapath:u1|RF:u1|RegisterFile~2384    ; 2       ;
; Datapath:u1|RF:u1|RegisterFile~2382    ; 2       ;
; Datapath:u1|RF:u1|RegisterFile~2380    ; 2       ;
; Datapath:u1|RF:u1|RegisterFile~2378    ; 2       ;
; Datapath:u1|RF:u1|RegisterFile~2376    ; 2       ;
; Datapath:u1|RF:u1|RegisterFile~2374    ; 2       ;
; Datapath:u1|RF:u1|RegisterFile~2372    ; 2       ;
; Datapath:u1|RF:u1|RegisterFile~2370    ; 2       ;
; Datapath:u1|mux_5bit:u0|C[4]~4         ; 2       ;
; ControlUnit:u0|WideOr0~0               ; 2       ;
; Datapath:u1|RF:u1|RegisterFile~2368    ; 2       ;
; Datapath:u1|dual_port_RAM:u5|RAM~13617 ; 2       ;
; Datapath:u1|dual_port_RAM:u5|RAM~13447 ; 2       ;
; Datapath:u1|dual_port_RAM:u5|RAM~13277 ; 2       ;
; Datapath:u1|dual_port_RAM:u5|RAM~13192 ; 2       ;
; Datapath:u1|dual_port_RAM:u5|RAM~13150 ; 2       ;
; Datapath:u1|dual_port_RAM:u5|RAM~13108 ; 2       ;
; Datapath:u1|dual_port_RAM:u5|RAM~13023 ; 2       ;
; Datapath:u1|dual_port_RAM:u5|RAM~12981 ; 2       ;
; Datapath:u1|dual_port_RAM:u5|RAM~12939 ; 2       ;
; Datapath:u1|dual_port_RAM:u5|RAM~12769 ; 2       ;
; Datapath:u1|dual_port_RAM:u5|RAM~12599 ; 2       ;
; Datapath:u1|dual_port_RAM:u5|RAM~12514 ; 2       ;
; Datapath:u1|dual_port_RAM:u5|RAM~12472 ; 2       ;
; Datapath:u1|dual_port_RAM:u5|RAM~12430 ; 2       ;
; Datapath:u1|dual_port_RAM:u5|RAM~12345 ; 2       ;
; Datapath:u1|dual_port_RAM:u5|RAM~12303 ; 2       ;
; Datapath:u1|dual_port_RAM:u5|RAM~12261 ; 2       ;
; Datapath:u1|dual_port_RAM:u5|RAM~12091 ; 2       ;
; Datapath:u1|dual_port_RAM:u5|RAM~11921 ; 2       ;
; Datapath:u1|dual_port_RAM:u5|RAM~11836 ; 2       ;
; Datapath:u1|dual_port_RAM:u5|RAM~11794 ; 2       ;
; Datapath:u1|dual_port_RAM:u5|RAM~11752 ; 2       ;
; Datapath:u1|dual_port_RAM:u5|RAM~11667 ; 2       ;
; Datapath:u1|dual_port_RAM:u5|RAM~11625 ; 2       ;
; Datapath:u1|dual_port_RAM:u5|RAM~11583 ; 2       ;
; Datapath:u1|dual_port_RAM:u5|RAM~11413 ; 2       ;
; Datapath:u1|dual_port_RAM:u5|RAM~11243 ; 2       ;
; Datapath:u1|dual_port_RAM:u5|RAM~11073 ; 2       ;
; Datapath:u1|dual_port_RAM:u5|RAM~10988 ; 2       ;
; Datapath:u1|dual_port_RAM:u5|RAM~10946 ; 2       ;
; Datapath:u1|dual_port_RAM:u5|RAM~10904 ; 2       ;
; Datapath:u1|dual_port_RAM:u5|RAM~10734 ; 2       ;
; Datapath:u1|dual_port_RAM:u5|RAM~10649 ; 2       ;
; Datapath:u1|dual_port_RAM:u5|RAM~10607 ; 2       ;
; Datapath:u1|dual_port_RAM:u5|RAM~10565 ; 2       ;
; Datapath:u1|dual_port_RAM:u5|RAM~10480 ; 2       ;
; Datapath:u1|dual_port_RAM:u5|RAM~10438 ; 2       ;
; Datapath:u1|dual_port_RAM:u5|RAM~10396 ; 2       ;
; Datapath:u1|dual_port_RAM:u5|RAM~10311 ; 2       ;
; Datapath:u1|dual_port_RAM:u5|RAM~10269 ; 2       ;
; Datapath:u1|dual_port_RAM:u5|RAM~10227 ; 2       ;
; Datapath:u1|dual_port_RAM:u5|RAM~10057 ; 2       ;
; Datapath:u1|dual_port_RAM:u5|RAM~9887  ; 2       ;
; Datapath:u1|dual_port_RAM:u5|RAM~9802  ; 2       ;
; Datapath:u1|dual_port_RAM:u5|RAM~9760  ; 2       ;
; Datapath:u1|dual_port_RAM:u5|RAM~9718  ; 2       ;
; Datapath:u1|dual_port_RAM:u5|RAM~9548  ; 2       ;
; Datapath:u1|dual_port_RAM:u5|RAM~9378  ; 2       ;
; Datapath:u1|dual_port_RAM:u5|RAM~9208  ; 2       ;
; Datapath:u1|dual_port_RAM:u5|RAM~9123  ; 2       ;
; Datapath:u1|dual_port_RAM:u5|RAM~9081  ; 2       ;
; Datapath:u1|dual_port_RAM:u5|RAM~9039  ; 2       ;
; Datapath:u1|dual_port_RAM:u5|RAM~8954  ; 2       ;
; Datapath:u1|dual_port_RAM:u5|RAM~8912  ; 2       ;
; Datapath:u1|dual_port_RAM:u5|RAM~8870  ; 2       ;
; Datapath:u1|dual_port_RAM:u5|RAM~8700  ; 2       ;
; Datapath:u1|dual_port_RAM:u5|RAM~8530  ; 2       ;
; Datapath:u1|dual_port_RAM:u5|RAM~8360  ; 2       ;
; Datapath:u1|dual_port_RAM:u5|RAM~8275  ; 2       ;
; Datapath:u1|dual_port_RAM:u5|RAM~8233  ; 2       ;
; Datapath:u1|ALU:u3|Mux0~3              ; 2       ;
; Datapath:u1|RF:u1|RegisterFile~511     ; 2       ;
; Datapath:u1|RF:u1|RegisterFile~415     ; 2       ;
; Datapath:u1|RF:u1|RegisterFile~447     ; 2       ;
; Datapath:u1|RF:u1|RegisterFile~479     ; 2       ;
; Datapath:u1|RF:u1|RegisterFile~127     ; 2       ;
; Datapath:u1|RF:u1|RegisterFile~31      ; 2       ;
; Datapath:u1|RF:u1|RegisterFile~95      ; 2       ;
; Datapath:u1|RF:u1|RegisterFile~63      ; 2       ;
; Datapath:u1|RF:u1|RegisterFile~383     ; 2       ;
; Datapath:u1|RF:u1|RegisterFile~287     ; 2       ;
; Datapath:u1|RF:u1|RegisterFile~351     ; 2       ;
; Datapath:u1|RF:u1|RegisterFile~319     ; 2       ;
; Datapath:u1|RF:u1|RegisterFile~255     ; 2       ;
; Datapath:u1|RF:u1|RegisterFile~159     ; 2       ;
; Datapath:u1|RF:u1|RegisterFile~191     ; 2       ;
; Datapath:u1|RF:u1|RegisterFile~223     ; 2       ;
; Datapath:u1|RF:u1|RegisterFile~1023    ; 2       ;
; Datapath:u1|RF:u1|RegisterFile~639     ; 2       ;
; Datapath:u1|RF:u1|RegisterFile~895     ; 2       ;
; Datapath:u1|RF:u1|RegisterFile~767     ; 2       ;
; Datapath:u1|RF:u1|RegisterFile~927     ; 2       ;
; Datapath:u1|RF:u1|RegisterFile~543     ; 2       ;
; Datapath:u1|RF:u1|RegisterFile~671     ; 2       ;
; Datapath:u1|RF:u1|RegisterFile~799     ; 2       ;
; Datapath:u1|RF:u1|RegisterFile~991     ; 2       ;
; Datapath:u1|RF:u1|RegisterFile~607     ; 2       ;
; Datapath:u1|RF:u1|RegisterFile~735     ; 2       ;
; Datapath:u1|RF:u1|RegisterFile~863     ; 2       ;
; Datapath:u1|RF:u1|RegisterFile~959     ; 2       ;
; Datapath:u1|RF:u1|RegisterFile~575     ; 2       ;
; Datapath:u1|RF:u1|RegisterFile~831     ; 2       ;
; Datapath:u1|RF:u1|RegisterFile~703     ; 2       ;
; Datapath:u1|ALU:u3|Mux1~3              ; 2       ;
; Datapath:u1|RF:u1|RegisterFile~510     ; 2       ;
; Datapath:u1|RF:u1|RegisterFile~414     ; 2       ;
; Datapath:u1|RF:u1|RegisterFile~478     ; 2       ;
; Datapath:u1|RF:u1|RegisterFile~446     ; 2       ;
; Datapath:u1|RF:u1|RegisterFile~126     ; 2       ;
; Datapath:u1|RF:u1|RegisterFile~30      ; 2       ;
; Datapath:u1|RF:u1|RegisterFile~62      ; 2       ;
; Datapath:u1|RF:u1|RegisterFile~94      ; 2       ;
; Datapath:u1|RF:u1|RegisterFile~254     ; 2       ;
; Datapath:u1|RF:u1|RegisterFile~158     ; 2       ;
; Datapath:u1|RF:u1|RegisterFile~222     ; 2       ;
; Datapath:u1|RF:u1|RegisterFile~190     ; 2       ;
; Datapath:u1|RF:u1|RegisterFile~382     ; 2       ;
; Datapath:u1|RF:u1|RegisterFile~286     ; 2       ;
; Datapath:u1|RF:u1|RegisterFile~318     ; 2       ;
; Datapath:u1|RF:u1|RegisterFile~350     ; 2       ;
; Datapath:u1|RF:u1|RegisterFile~1022    ; 2       ;
; Datapath:u1|RF:u1|RegisterFile~638     ; 2       ;
; Datapath:u1|RF:u1|RegisterFile~766     ; 2       ;
; Datapath:u1|RF:u1|RegisterFile~894     ; 2       ;
; Datapath:u1|RF:u1|RegisterFile~926     ; 2       ;
; Datapath:u1|RF:u1|RegisterFile~542     ; 2       ;
; Datapath:u1|RF:u1|RegisterFile~798     ; 2       ;
; Datapath:u1|RF:u1|RegisterFile~670     ; 2       ;
; Datapath:u1|RF:u1|RegisterFile~958     ; 2       ;
; Datapath:u1|RF:u1|RegisterFile~574     ; 2       ;
; Datapath:u1|RF:u1|RegisterFile~702     ; 2       ;
; Datapath:u1|RF:u1|RegisterFile~830     ; 2       ;
; Datapath:u1|RF:u1|RegisterFile~990     ; 2       ;
; Datapath:u1|RF:u1|RegisterFile~606     ; 2       ;
; Datapath:u1|RF:u1|RegisterFile~862     ; 2       ;
; Datapath:u1|RF:u1|RegisterFile~734     ; 2       ;
; Datapath:u1|ALU:u3|Mux2~3              ; 2       ;
; Datapath:u1|RF:u1|RegisterFile~509     ; 2       ;
; Datapath:u1|RF:u1|RegisterFile~413     ; 2       ;
; Datapath:u1|RF:u1|RegisterFile~445     ; 2       ;
; Datapath:u1|RF:u1|RegisterFile~477     ; 2       ;
; Datapath:u1|RF:u1|RegisterFile~125     ; 2       ;
; Datapath:u1|RF:u1|RegisterFile~29      ; 2       ;
; Datapath:u1|RF:u1|RegisterFile~93      ; 2       ;
; Datapath:u1|RF:u1|RegisterFile~61      ; 2       ;
; Datapath:u1|RF:u1|RegisterFile~381     ; 2       ;
; Datapath:u1|RF:u1|RegisterFile~285     ; 2       ;
; Datapath:u1|RF:u1|RegisterFile~349     ; 2       ;
; Datapath:u1|RF:u1|RegisterFile~317     ; 2       ;
; Datapath:u1|RF:u1|RegisterFile~253     ; 2       ;
; Datapath:u1|RF:u1|RegisterFile~157     ; 2       ;
; Datapath:u1|RF:u1|RegisterFile~189     ; 2       ;
; Datapath:u1|RF:u1|RegisterFile~221     ; 2       ;
; Datapath:u1|RF:u1|RegisterFile~1021    ; 2       ;
; Datapath:u1|RF:u1|RegisterFile~637     ; 2       ;
; Datapath:u1|RF:u1|RegisterFile~893     ; 2       ;
; Datapath:u1|RF:u1|RegisterFile~765     ; 2       ;
; Datapath:u1|RF:u1|RegisterFile~925     ; 2       ;
; Datapath:u1|RF:u1|RegisterFile~541     ; 2       ;
; Datapath:u1|RF:u1|RegisterFile~669     ; 2       ;
; Datapath:u1|RF:u1|RegisterFile~797     ; 2       ;
; Datapath:u1|RF:u1|RegisterFile~989     ; 2       ;
; Datapath:u1|RF:u1|RegisterFile~605     ; 2       ;
; Datapath:u1|RF:u1|RegisterFile~733     ; 2       ;
; Datapath:u1|RF:u1|RegisterFile~861     ; 2       ;
; Datapath:u1|RF:u1|RegisterFile~957     ; 2       ;
; Datapath:u1|RF:u1|RegisterFile~573     ; 2       ;
; Datapath:u1|RF:u1|RegisterFile~829     ; 2       ;
; Datapath:u1|RF:u1|RegisterFile~701     ; 2       ;
; Datapath:u1|ALU:u3|Mux3~3              ; 2       ;
; Datapath:u1|RF:u1|RegisterFile~508     ; 2       ;
; Datapath:u1|RF:u1|RegisterFile~412     ; 2       ;
; Datapath:u1|RF:u1|RegisterFile~476     ; 2       ;
; Datapath:u1|RF:u1|RegisterFile~444     ; 2       ;
; Datapath:u1|RF:u1|RegisterFile~124     ; 2       ;
; Datapath:u1|RF:u1|RegisterFile~28      ; 2       ;
; Datapath:u1|RF:u1|RegisterFile~60      ; 2       ;
; Datapath:u1|RF:u1|RegisterFile~92      ; 2       ;
; Datapath:u1|RF:u1|RegisterFile~252     ; 2       ;
; Datapath:u1|RF:u1|RegisterFile~156     ; 2       ;
; Datapath:u1|RF:u1|RegisterFile~220     ; 2       ;
; Datapath:u1|RF:u1|RegisterFile~188     ; 2       ;
; Datapath:u1|RF:u1|RegisterFile~380     ; 2       ;
; Datapath:u1|RF:u1|RegisterFile~284     ; 2       ;
; Datapath:u1|RF:u1|RegisterFile~316     ; 2       ;
; Datapath:u1|RF:u1|RegisterFile~348     ; 2       ;
; Datapath:u1|RF:u1|RegisterFile~1020    ; 2       ;
; Datapath:u1|RF:u1|RegisterFile~636     ; 2       ;
; Datapath:u1|RF:u1|RegisterFile~764     ; 2       ;
; Datapath:u1|RF:u1|RegisterFile~892     ; 2       ;
; Datapath:u1|RF:u1|RegisterFile~924     ; 2       ;
; Datapath:u1|RF:u1|RegisterFile~540     ; 2       ;
; Datapath:u1|RF:u1|RegisterFile~796     ; 2       ;
; Datapath:u1|RF:u1|RegisterFile~668     ; 2       ;
; Datapath:u1|RF:u1|RegisterFile~956     ; 2       ;
; Datapath:u1|RF:u1|RegisterFile~572     ; 2       ;
; Datapath:u1|RF:u1|RegisterFile~700     ; 2       ;
; Datapath:u1|RF:u1|RegisterFile~828     ; 2       ;
; Datapath:u1|RF:u1|RegisterFile~988     ; 2       ;
; Datapath:u1|RF:u1|RegisterFile~604     ; 2       ;
; Datapath:u1|RF:u1|RegisterFile~860     ; 2       ;
; Datapath:u1|RF:u1|RegisterFile~732     ; 2       ;
; Datapath:u1|ALU:u3|Mux4~3              ; 2       ;
; Datapath:u1|RF:u1|RegisterFile~507     ; 2       ;
; Datapath:u1|RF:u1|RegisterFile~411     ; 2       ;
; Datapath:u1|RF:u1|RegisterFile~443     ; 2       ;
; Datapath:u1|RF:u1|RegisterFile~475     ; 2       ;
; Datapath:u1|RF:u1|RegisterFile~123     ; 2       ;
; Datapath:u1|RF:u1|RegisterFile~27      ; 2       ;
; Datapath:u1|RF:u1|RegisterFile~91      ; 2       ;
; Datapath:u1|RF:u1|RegisterFile~59      ; 2       ;
; Datapath:u1|RF:u1|RegisterFile~379     ; 2       ;
; Datapath:u1|RF:u1|RegisterFile~283     ; 2       ;
; Datapath:u1|RF:u1|RegisterFile~347     ; 2       ;
; Datapath:u1|RF:u1|RegisterFile~315     ; 2       ;
; Datapath:u1|RF:u1|RegisterFile~251     ; 2       ;
; Datapath:u1|RF:u1|RegisterFile~155     ; 2       ;
; Datapath:u1|RF:u1|RegisterFile~187     ; 2       ;
; Datapath:u1|RF:u1|RegisterFile~219     ; 2       ;
; Datapath:u1|RF:u1|RegisterFile~1019    ; 2       ;
; Datapath:u1|RF:u1|RegisterFile~635     ; 2       ;
; Datapath:u1|RF:u1|RegisterFile~891     ; 2       ;
; Datapath:u1|RF:u1|RegisterFile~763     ; 2       ;
; Datapath:u1|RF:u1|RegisterFile~923     ; 2       ;
; Datapath:u1|RF:u1|RegisterFile~539     ; 2       ;
; Datapath:u1|RF:u1|RegisterFile~667     ; 2       ;
; Datapath:u1|RF:u1|RegisterFile~795     ; 2       ;
; Datapath:u1|RF:u1|RegisterFile~987     ; 2       ;
; Datapath:u1|RF:u1|RegisterFile~603     ; 2       ;
; Datapath:u1|RF:u1|RegisterFile~731     ; 2       ;
; Datapath:u1|RF:u1|RegisterFile~859     ; 2       ;
; Datapath:u1|RF:u1|RegisterFile~955     ; 2       ;
; Datapath:u1|RF:u1|RegisterFile~571     ; 2       ;
; Datapath:u1|RF:u1|RegisterFile~827     ; 2       ;
; Datapath:u1|RF:u1|RegisterFile~699     ; 2       ;
; Datapath:u1|ALU:u3|Mux5~3              ; 2       ;
; Datapath:u1|RF:u1|RegisterFile~506     ; 2       ;
; Datapath:u1|RF:u1|RegisterFile~410     ; 2       ;
; Datapath:u1|RF:u1|RegisterFile~474     ; 2       ;
; Datapath:u1|RF:u1|RegisterFile~442     ; 2       ;
; Datapath:u1|RF:u1|RegisterFile~122     ; 2       ;
; Datapath:u1|RF:u1|RegisterFile~26      ; 2       ;
; Datapath:u1|RF:u1|RegisterFile~58      ; 2       ;
; Datapath:u1|RF:u1|RegisterFile~90      ; 2       ;
; Datapath:u1|RF:u1|RegisterFile~250     ; 2       ;
; Datapath:u1|RF:u1|RegisterFile~154     ; 2       ;
; Datapath:u1|RF:u1|RegisterFile~218     ; 2       ;
; Datapath:u1|RF:u1|RegisterFile~186     ; 2       ;
; Datapath:u1|RF:u1|RegisterFile~378     ; 2       ;
; Datapath:u1|RF:u1|RegisterFile~282     ; 2       ;
; Datapath:u1|RF:u1|RegisterFile~314     ; 2       ;
; Datapath:u1|RF:u1|RegisterFile~346     ; 2       ;
; Datapath:u1|RF:u1|RegisterFile~1018    ; 2       ;
; Datapath:u1|RF:u1|RegisterFile~634     ; 2       ;
; Datapath:u1|RF:u1|RegisterFile~762     ; 2       ;
; Datapath:u1|RF:u1|RegisterFile~890     ; 2       ;
; Datapath:u1|RF:u1|RegisterFile~922     ; 2       ;
; Datapath:u1|RF:u1|RegisterFile~538     ; 2       ;
; Datapath:u1|RF:u1|RegisterFile~794     ; 2       ;
; Datapath:u1|RF:u1|RegisterFile~666     ; 2       ;
; Datapath:u1|RF:u1|RegisterFile~954     ; 2       ;
; Datapath:u1|RF:u1|RegisterFile~570     ; 2       ;
; Datapath:u1|RF:u1|RegisterFile~698     ; 2       ;
; Datapath:u1|RF:u1|RegisterFile~826     ; 2       ;
; Datapath:u1|RF:u1|RegisterFile~986     ; 2       ;
; Datapath:u1|RF:u1|RegisterFile~602     ; 2       ;
; Datapath:u1|RF:u1|RegisterFile~858     ; 2       ;
; Datapath:u1|RF:u1|RegisterFile~730     ; 2       ;
; Datapath:u1|ALU:u3|Mux6~3              ; 2       ;
; Datapath:u1|RF:u1|RegisterFile~505     ; 2       ;
; Datapath:u1|RF:u1|RegisterFile~409     ; 2       ;
; Datapath:u1|RF:u1|RegisterFile~441     ; 2       ;
; Datapath:u1|RF:u1|RegisterFile~473     ; 2       ;
; Datapath:u1|RF:u1|RegisterFile~121     ; 2       ;
; Datapath:u1|RF:u1|RegisterFile~25      ; 2       ;
; Datapath:u1|RF:u1|RegisterFile~89      ; 2       ;
; Datapath:u1|RF:u1|RegisterFile~57      ; 2       ;
; Datapath:u1|RF:u1|RegisterFile~377     ; 2       ;
; Datapath:u1|RF:u1|RegisterFile~281     ; 2       ;
; Datapath:u1|RF:u1|RegisterFile~345     ; 2       ;
; Datapath:u1|RF:u1|RegisterFile~313     ; 2       ;
; Datapath:u1|RF:u1|RegisterFile~249     ; 2       ;
; Datapath:u1|RF:u1|RegisterFile~153     ; 2       ;
; Datapath:u1|RF:u1|RegisterFile~185     ; 2       ;
; Datapath:u1|RF:u1|RegisterFile~217     ; 2       ;
; Datapath:u1|RF:u1|RegisterFile~1017    ; 2       ;
; Datapath:u1|RF:u1|RegisterFile~633     ; 2       ;
; Datapath:u1|RF:u1|RegisterFile~889     ; 2       ;
; Datapath:u1|RF:u1|RegisterFile~761     ; 2       ;
; Datapath:u1|RF:u1|RegisterFile~921     ; 2       ;
; Datapath:u1|RF:u1|RegisterFile~537     ; 2       ;
; Datapath:u1|RF:u1|RegisterFile~665     ; 2       ;
; Datapath:u1|RF:u1|RegisterFile~793     ; 2       ;
; Datapath:u1|RF:u1|RegisterFile~985     ; 2       ;
; Datapath:u1|RF:u1|RegisterFile~601     ; 2       ;
; Datapath:u1|RF:u1|RegisterFile~729     ; 2       ;
; Datapath:u1|RF:u1|RegisterFile~857     ; 2       ;
; Datapath:u1|RF:u1|RegisterFile~953     ; 2       ;
; Datapath:u1|RF:u1|RegisterFile~569     ; 2       ;
; Datapath:u1|RF:u1|RegisterFile~825     ; 2       ;
; Datapath:u1|RF:u1|RegisterFile~697     ; 2       ;
; Datapath:u1|ALU:u3|Mux7~3              ; 2       ;
; Datapath:u1|RF:u1|RegisterFile~504     ; 2       ;
; Datapath:u1|RF:u1|RegisterFile~408     ; 2       ;
; Datapath:u1|RF:u1|RegisterFile~472     ; 2       ;
; Datapath:u1|RF:u1|RegisterFile~440     ; 2       ;
; Datapath:u1|RF:u1|RegisterFile~120     ; 2       ;
; Datapath:u1|RF:u1|RegisterFile~24      ; 2       ;
; Datapath:u1|RF:u1|RegisterFile~56      ; 2       ;
; Datapath:u1|RF:u1|RegisterFile~88      ; 2       ;
; Datapath:u1|RF:u1|RegisterFile~248     ; 2       ;
; Datapath:u1|RF:u1|RegisterFile~152     ; 2       ;
; Datapath:u1|RF:u1|RegisterFile~216     ; 2       ;
; Datapath:u1|RF:u1|RegisterFile~184     ; 2       ;
; Datapath:u1|RF:u1|RegisterFile~376     ; 2       ;
; Datapath:u1|RF:u1|RegisterFile~280     ; 2       ;
; Datapath:u1|RF:u1|RegisterFile~312     ; 2       ;
; Datapath:u1|RF:u1|RegisterFile~344     ; 2       ;
; Datapath:u1|RF:u1|RegisterFile~1016    ; 2       ;
; Datapath:u1|RF:u1|RegisterFile~632     ; 2       ;
; Datapath:u1|RF:u1|RegisterFile~760     ; 2       ;
; Datapath:u1|RF:u1|RegisterFile~888     ; 2       ;
; Datapath:u1|RF:u1|RegisterFile~920     ; 2       ;
; Datapath:u1|RF:u1|RegisterFile~536     ; 2       ;
; Datapath:u1|RF:u1|RegisterFile~792     ; 2       ;
; Datapath:u1|RF:u1|RegisterFile~664     ; 2       ;
; Datapath:u1|RF:u1|RegisterFile~952     ; 2       ;
; Datapath:u1|RF:u1|RegisterFile~568     ; 2       ;
; Datapath:u1|RF:u1|RegisterFile~696     ; 2       ;
; Datapath:u1|RF:u1|RegisterFile~824     ; 2       ;
; Datapath:u1|RF:u1|RegisterFile~984     ; 2       ;
; Datapath:u1|RF:u1|RegisterFile~600     ; 2       ;
; Datapath:u1|RF:u1|RegisterFile~856     ; 2       ;
; Datapath:u1|RF:u1|RegisterFile~728     ; 2       ;
; Datapath:u1|ALU:u3|Mux8~3              ; 2       ;
; Datapath:u1|RF:u1|RegisterFile~503     ; 2       ;
; Datapath:u1|RF:u1|RegisterFile~407     ; 2       ;
; Datapath:u1|RF:u1|RegisterFile~439     ; 2       ;
; Datapath:u1|RF:u1|RegisterFile~471     ; 2       ;
; Datapath:u1|RF:u1|RegisterFile~119     ; 2       ;
; Datapath:u1|RF:u1|RegisterFile~23      ; 2       ;
; Datapath:u1|RF:u1|RegisterFile~87      ; 2       ;
; Datapath:u1|RF:u1|RegisterFile~55      ; 2       ;
; Datapath:u1|RF:u1|RegisterFile~375     ; 2       ;
; Datapath:u1|RF:u1|RegisterFile~279     ; 2       ;
; Datapath:u1|RF:u1|RegisterFile~343     ; 2       ;
; Datapath:u1|RF:u1|RegisterFile~311     ; 2       ;
; Datapath:u1|RF:u1|RegisterFile~247     ; 2       ;
; Datapath:u1|RF:u1|RegisterFile~151     ; 2       ;
; Datapath:u1|RF:u1|RegisterFile~183     ; 2       ;
; Datapath:u1|RF:u1|RegisterFile~215     ; 2       ;
; Datapath:u1|RF:u1|RegisterFile~1015    ; 2       ;
; Datapath:u1|RF:u1|RegisterFile~631     ; 2       ;
; Datapath:u1|RF:u1|RegisterFile~887     ; 2       ;
; Datapath:u1|RF:u1|RegisterFile~759     ; 2       ;
; Datapath:u1|RF:u1|RegisterFile~919     ; 2       ;
; Datapath:u1|RF:u1|RegisterFile~535     ; 2       ;
; Datapath:u1|RF:u1|RegisterFile~663     ; 2       ;
; Datapath:u1|RF:u1|RegisterFile~791     ; 2       ;
; Datapath:u1|RF:u1|RegisterFile~983     ; 2       ;
; Datapath:u1|RF:u1|RegisterFile~599     ; 2       ;
; Datapath:u1|RF:u1|RegisterFile~727     ; 2       ;
; Datapath:u1|RF:u1|RegisterFile~855     ; 2       ;
; Datapath:u1|RF:u1|RegisterFile~951     ; 2       ;
; Datapath:u1|RF:u1|RegisterFile~567     ; 2       ;
; Datapath:u1|RF:u1|RegisterFile~823     ; 2       ;
; Datapath:u1|RF:u1|RegisterFile~695     ; 2       ;
; Datapath:u1|ALU:u3|Mux9~3              ; 2       ;
; Datapath:u1|RF:u1|RegisterFile~502     ; 2       ;
; Datapath:u1|RF:u1|RegisterFile~406     ; 2       ;
; Datapath:u1|RF:u1|RegisterFile~470     ; 2       ;
; Datapath:u1|RF:u1|RegisterFile~438     ; 2       ;
; Datapath:u1|RF:u1|RegisterFile~118     ; 2       ;
; Datapath:u1|RF:u1|RegisterFile~22      ; 2       ;
; Datapath:u1|RF:u1|RegisterFile~54      ; 2       ;
; Datapath:u1|RF:u1|RegisterFile~86      ; 2       ;
; Datapath:u1|RF:u1|RegisterFile~246     ; 2       ;
; Datapath:u1|RF:u1|RegisterFile~150     ; 2       ;
; Datapath:u1|RF:u1|RegisterFile~214     ; 2       ;
; Datapath:u1|RF:u1|RegisterFile~182     ; 2       ;
; Datapath:u1|RF:u1|RegisterFile~374     ; 2       ;
; Datapath:u1|RF:u1|RegisterFile~278     ; 2       ;
; Datapath:u1|RF:u1|RegisterFile~310     ; 2       ;
; Datapath:u1|RF:u1|RegisterFile~342     ; 2       ;
; Datapath:u1|RF:u1|RegisterFile~1014    ; 2       ;
; Datapath:u1|RF:u1|RegisterFile~630     ; 2       ;
; Datapath:u1|RF:u1|RegisterFile~758     ; 2       ;
; Datapath:u1|RF:u1|RegisterFile~886     ; 2       ;
; Datapath:u1|RF:u1|RegisterFile~918     ; 2       ;
; Datapath:u1|RF:u1|RegisterFile~534     ; 2       ;
; Datapath:u1|RF:u1|RegisterFile~790     ; 2       ;
; Datapath:u1|RF:u1|RegisterFile~662     ; 2       ;
; Datapath:u1|RF:u1|RegisterFile~950     ; 2       ;
; Datapath:u1|RF:u1|RegisterFile~566     ; 2       ;
; Datapath:u1|RF:u1|RegisterFile~694     ; 2       ;
; Datapath:u1|RF:u1|RegisterFile~822     ; 2       ;
; Datapath:u1|RF:u1|RegisterFile~982     ; 2       ;
; Datapath:u1|RF:u1|RegisterFile~598     ; 2       ;
; Datapath:u1|RF:u1|RegisterFile~854     ; 2       ;
; Datapath:u1|RF:u1|RegisterFile~726     ; 2       ;
; Datapath:u1|ALU:u3|Mux10~3             ; 2       ;
; Datapath:u1|RF:u1|RegisterFile~501     ; 2       ;
; Datapath:u1|RF:u1|RegisterFile~405     ; 2       ;
; Datapath:u1|RF:u1|RegisterFile~437     ; 2       ;
; Datapath:u1|RF:u1|RegisterFile~469     ; 2       ;
; Datapath:u1|RF:u1|RegisterFile~117     ; 2       ;
; Datapath:u1|RF:u1|RegisterFile~21      ; 2       ;
; Datapath:u1|RF:u1|RegisterFile~85      ; 2       ;
; Datapath:u1|RF:u1|RegisterFile~53      ; 2       ;
; Datapath:u1|RF:u1|RegisterFile~373     ; 2       ;
; Datapath:u1|RF:u1|RegisterFile~277     ; 2       ;
; Datapath:u1|RF:u1|RegisterFile~341     ; 2       ;
; Datapath:u1|RF:u1|RegisterFile~309     ; 2       ;
; Datapath:u1|RF:u1|RegisterFile~245     ; 2       ;
; Datapath:u1|RF:u1|RegisterFile~149     ; 2       ;
; Datapath:u1|RF:u1|RegisterFile~181     ; 2       ;
; Datapath:u1|RF:u1|RegisterFile~213     ; 2       ;
; Datapath:u1|RF:u1|RegisterFile~1013    ; 2       ;
; Datapath:u1|RF:u1|RegisterFile~629     ; 2       ;
; Datapath:u1|RF:u1|RegisterFile~885     ; 2       ;
; Datapath:u1|RF:u1|RegisterFile~757     ; 2       ;
; Datapath:u1|RF:u1|RegisterFile~917     ; 2       ;
; Datapath:u1|RF:u1|RegisterFile~533     ; 2       ;
; Datapath:u1|RF:u1|RegisterFile~661     ; 2       ;
; Datapath:u1|RF:u1|RegisterFile~789     ; 2       ;
; Datapath:u1|RF:u1|RegisterFile~981     ; 2       ;
; Datapath:u1|RF:u1|RegisterFile~597     ; 2       ;
; Datapath:u1|RF:u1|RegisterFile~725     ; 2       ;
; Datapath:u1|RF:u1|RegisterFile~853     ; 2       ;
; Datapath:u1|RF:u1|RegisterFile~949     ; 2       ;
; Datapath:u1|RF:u1|RegisterFile~565     ; 2       ;
; Datapath:u1|RF:u1|RegisterFile~821     ; 2       ;
; Datapath:u1|RF:u1|RegisterFile~693     ; 2       ;
; Datapath:u1|ALU:u3|Mux11~3             ; 2       ;
; Datapath:u1|RF:u1|RegisterFile~500     ; 2       ;
; Datapath:u1|RF:u1|RegisterFile~404     ; 2       ;
; Datapath:u1|RF:u1|RegisterFile~468     ; 2       ;
; Datapath:u1|RF:u1|RegisterFile~436     ; 2       ;
; Datapath:u1|RF:u1|RegisterFile~116     ; 2       ;
; Datapath:u1|RF:u1|RegisterFile~20      ; 2       ;
; Datapath:u1|RF:u1|RegisterFile~52      ; 2       ;
; Datapath:u1|RF:u1|RegisterFile~84      ; 2       ;
; Datapath:u1|RF:u1|RegisterFile~244     ; 2       ;
; Datapath:u1|RF:u1|RegisterFile~148     ; 2       ;
; Datapath:u1|RF:u1|RegisterFile~212     ; 2       ;
; Datapath:u1|RF:u1|RegisterFile~180     ; 2       ;
; Datapath:u1|RF:u1|RegisterFile~372     ; 2       ;
; Datapath:u1|RF:u1|RegisterFile~276     ; 2       ;
; Datapath:u1|RF:u1|RegisterFile~308     ; 2       ;
; Datapath:u1|RF:u1|RegisterFile~340     ; 2       ;
; Datapath:u1|RF:u1|RegisterFile~1012    ; 2       ;
; Datapath:u1|RF:u1|RegisterFile~628     ; 2       ;
; Datapath:u1|RF:u1|RegisterFile~756     ; 2       ;
; Datapath:u1|RF:u1|RegisterFile~884     ; 2       ;
; Datapath:u1|RF:u1|RegisterFile~916     ; 2       ;
; Datapath:u1|RF:u1|RegisterFile~532     ; 2       ;
; Datapath:u1|RF:u1|RegisterFile~788     ; 2       ;
; Datapath:u1|RF:u1|RegisterFile~660     ; 2       ;
; Datapath:u1|RF:u1|RegisterFile~948     ; 2       ;
; Datapath:u1|RF:u1|RegisterFile~564     ; 2       ;
; Datapath:u1|RF:u1|RegisterFile~692     ; 2       ;
; Datapath:u1|RF:u1|RegisterFile~820     ; 2       ;
; Datapath:u1|RF:u1|RegisterFile~980     ; 2       ;
; Datapath:u1|RF:u1|RegisterFile~596     ; 2       ;
; Datapath:u1|RF:u1|RegisterFile~852     ; 2       ;
; Datapath:u1|RF:u1|RegisterFile~724     ; 2       ;
; Datapath:u1|ALU:u3|Mux12~3             ; 2       ;
; Datapath:u1|RF:u1|RegisterFile~499     ; 2       ;
; Datapath:u1|RF:u1|RegisterFile~403     ; 2       ;
; Datapath:u1|RF:u1|RegisterFile~435     ; 2       ;
; Datapath:u1|RF:u1|RegisterFile~467     ; 2       ;
; Datapath:u1|RF:u1|RegisterFile~115     ; 2       ;
; Datapath:u1|RF:u1|RegisterFile~19      ; 2       ;
; Datapath:u1|RF:u1|RegisterFile~83      ; 2       ;
; Datapath:u1|RF:u1|RegisterFile~51      ; 2       ;
; Datapath:u1|RF:u1|RegisterFile~371     ; 2       ;
; Datapath:u1|RF:u1|RegisterFile~275     ; 2       ;
; Datapath:u1|RF:u1|RegisterFile~339     ; 2       ;
; Datapath:u1|RF:u1|RegisterFile~307     ; 2       ;
; Datapath:u1|RF:u1|RegisterFile~243     ; 2       ;
; Datapath:u1|RF:u1|RegisterFile~147     ; 2       ;
; Datapath:u1|RF:u1|RegisterFile~179     ; 2       ;
; Datapath:u1|RF:u1|RegisterFile~211     ; 2       ;
; Datapath:u1|RF:u1|RegisterFile~1011    ; 2       ;
; Datapath:u1|RF:u1|RegisterFile~627     ; 2       ;
; Datapath:u1|RF:u1|RegisterFile~883     ; 2       ;
; Datapath:u1|RF:u1|RegisterFile~755     ; 2       ;
; Datapath:u1|RF:u1|RegisterFile~915     ; 2       ;
; Datapath:u1|RF:u1|RegisterFile~531     ; 2       ;
; Datapath:u1|RF:u1|RegisterFile~659     ; 2       ;
; Datapath:u1|RF:u1|RegisterFile~787     ; 2       ;
; Datapath:u1|RF:u1|RegisterFile~979     ; 2       ;
; Datapath:u1|RF:u1|RegisterFile~595     ; 2       ;
; Datapath:u1|RF:u1|RegisterFile~723     ; 2       ;
; Datapath:u1|RF:u1|RegisterFile~851     ; 2       ;
; Datapath:u1|RF:u1|RegisterFile~947     ; 2       ;
; Datapath:u1|RF:u1|RegisterFile~563     ; 2       ;
; Datapath:u1|RF:u1|RegisterFile~819     ; 2       ;
; Datapath:u1|RF:u1|RegisterFile~691     ; 2       ;
; Datapath:u1|ALU:u3|Mux13~3             ; 2       ;
+----------------------------------------+---------+


+--------------------------------------------------------+
; Other Routing Usage Summary                            ;
+-----------------------------+--------------------------+
; Other Routing Resource Type ; Usage                    ;
+-----------------------------+--------------------------+
; Block interconnects         ; 24,615 / 94,460 ( 26 % ) ;
; C16 interconnects           ; 827 / 3,315 ( 25 % )     ;
; C4 interconnects            ; 18,798 / 60,840 ( 31 % ) ;
; Direct links                ; 1,174 / 94,460 ( 1 % )   ;
; Global clocks               ; 1 / 16 ( 6 % )           ;
; Local interconnects         ; 4,848 / 33,216 ( 15 % )  ;
; R24 interconnects           ; 983 / 3,091 ( 32 % )     ;
; R4 interconnects            ; 22,304 / 81,294 ( 27 % ) ;
+-----------------------------+--------------------------+


+------------------------------------------------------------------------------+
; LAB Logic Elements                                                           ;
+---------------------------------------------+--------------------------------+
; Number of Logic Elements  (Average = 10.35) ; Number of LABs  (Total = 1320) ;
+---------------------------------------------+--------------------------------+
; 1                                           ; 43                             ;
; 2                                           ; 54                             ;
; 3                                           ; 65                             ;
; 4                                           ; 74                             ;
; 5                                           ; 65                             ;
; 6                                           ; 73                             ;
; 7                                           ; 55                             ;
; 8                                           ; 48                             ;
; 9                                           ; 42                             ;
; 10                                          ; 72                             ;
; 11                                          ; 62                             ;
; 12                                          ; 91                             ;
; 13                                          ; 95                             ;
; 14                                          ; 100                            ;
; 15                                          ; 116                            ;
; 16                                          ; 265                            ;
+---------------------------------------------+--------------------------------+


+---------------------------------------------------------------------+
; LAB-wide Signals                                                    ;
+------------------------------------+--------------------------------+
; LAB-wide Signals  (Average = 2.00) ; Number of LABs  (Total = 1320) ;
+------------------------------------+--------------------------------+
; 1 Clock                            ; 1320                           ;
; 1 Clock enable                     ; 140                            ;
; 2 Clock enables                    ; 1174                           ;
+------------------------------------+--------------------------------+


+-------------------------------------------------------------------------------+
; LAB Signals Sourced                                                           ;
+----------------------------------------------+--------------------------------+
; Number of Signals Sourced  (Average = 15.35) ; Number of LABs  (Total = 1320) ;
+----------------------------------------------+--------------------------------+
; 0                                            ; 0                              ;
; 1                                            ; 9                              ;
; 2                                            ; 36                             ;
; 3                                            ; 18                             ;
; 4                                            ; 57                             ;
; 5                                            ; 28                             ;
; 6                                            ; 54                             ;
; 7                                            ; 41                             ;
; 8                                            ; 49                             ;
; 9                                            ; 45                             ;
; 10                                           ; 55                             ;
; 11                                           ; 46                             ;
; 12                                           ; 41                             ;
; 13                                           ; 46                             ;
; 14                                           ; 48                             ;
; 15                                           ; 66                             ;
; 16                                           ; 80                             ;
; 17                                           ; 70                             ;
; 18                                           ; 71                             ;
; 19                                           ; 49                             ;
; 20                                           ; 44                             ;
; 21                                           ; 55                             ;
; 22                                           ; 60                             ;
; 23                                           ; 37                             ;
; 24                                           ; 52                             ;
; 25                                           ; 45                             ;
; 26                                           ; 34                             ;
; 27                                           ; 29                             ;
; 28                                           ; 17                             ;
; 29                                           ; 14                             ;
; 30                                           ; 13                             ;
; 31                                           ; 5                              ;
; 32                                           ; 6                              ;
+----------------------------------------------+--------------------------------+


+----------------------------------------------------------------------------------+
; LAB Signals Sourced Out                                                          ;
+-------------------------------------------------+--------------------------------+
; Number of Signals Sourced Out  (Average = 7.36) ; Number of LABs  (Total = 1320) ;
+-------------------------------------------------+--------------------------------+
; 0                                               ; 0                              ;
; 1                                               ; 80                             ;
; 2                                               ; 89                             ;
; 3                                               ; 119                            ;
; 4                                               ; 131                            ;
; 5                                               ; 124                            ;
; 6                                               ; 107                            ;
; 7                                               ; 103                            ;
; 8                                               ; 85                             ;
; 9                                               ; 73                             ;
; 10                                              ; 81                             ;
; 11                                              ; 80                             ;
; 12                                              ; 47                             ;
; 13                                              ; 59                             ;
; 14                                              ; 43                             ;
; 15                                              ; 34                             ;
; 16                                              ; 26                             ;
; 17                                              ; 18                             ;
; 18                                              ; 13                             ;
; 19                                              ; 2                              ;
; 20                                              ; 3                              ;
; 21                                              ; 2                              ;
; 22                                              ; 0                              ;
; 23                                              ; 0                              ;
; 24                                              ; 0                              ;
; 25                                              ; 0                              ;
; 26                                              ; 1                              ;
+-------------------------------------------------+--------------------------------+


+-------------------------------------------------------------------------------+
; LAB Distinct Inputs                                                           ;
+----------------------------------------------+--------------------------------+
; Number of Distinct Inputs  (Average = 18.86) ; Number of LABs  (Total = 1320) ;
+----------------------------------------------+--------------------------------+
; 0                                            ; 0                              ;
; 1                                            ; 0                              ;
; 2                                            ; 0                              ;
; 3                                            ; 42                             ;
; 4                                            ; 19                             ;
; 5                                            ; 39                             ;
; 6                                            ; 28                             ;
; 7                                            ; 36                             ;
; 8                                            ; 60                             ;
; 9                                            ; 44                             ;
; 10                                           ; 51                             ;
; 11                                           ; 41                             ;
; 12                                           ; 42                             ;
; 13                                           ; 39                             ;
; 14                                           ; 36                             ;
; 15                                           ; 30                             ;
; 16                                           ; 41                             ;
; 17                                           ; 50                             ;
; 18                                           ; 44                             ;
; 19                                           ; 34                             ;
; 20                                           ; 48                             ;
; 21                                           ; 32                             ;
; 22                                           ; 36                             ;
; 23                                           ; 42                             ;
; 24                                           ; 39                             ;
; 25                                           ; 38                             ;
; 26                                           ; 42                             ;
; 27                                           ; 28                             ;
; 28                                           ; 47                             ;
; 29                                           ; 49                             ;
; 30                                           ; 88                             ;
; 31                                           ; 151                            ;
; 32                                           ; 0                              ;
; 33                                           ; 0                              ;
; 34                                           ; 0                              ;
; 35                                           ; 0                              ;
; 36                                           ; 0                              ;
; 37                                           ; 2                              ;
; 38                                           ; 2                              ;
+----------------------------------------------+--------------------------------+


+-------------------------------------------------------------------------+
; Fitter Device Options                                                   ;
+----------------------------------------------+--------------------------+
; Option                                       ; Setting                  ;
+----------------------------------------------+--------------------------+
; Enable user-supplied start-up clock (CLKUSR) ; Off                      ;
; Enable device-wide reset (DEV_CLRn)          ; Off                      ;
; Enable device-wide output enable (DEV_OE)    ; Off                      ;
; Enable INIT_DONE output                      ; Off                      ;
; Configuration scheme                         ; Active Serial            ;
; Error detection CRC                          ; Off                      ;
; nCEO                                         ; As output driving ground ;
; ASDO,nCSO                                    ; As input tri-stated      ;
; Reserve all unused pins                      ; As output driving ground ;
; Base pin-out file on sameframe device        ; Off                      ;
+----------------------------------------------+--------------------------+


+------------------------------------+
; Operating Settings and Conditions  ;
+---------------------------+--------+
; Setting                   ; Value  ;
+---------------------------+--------+
; Nominal Core Voltage      ; 1.20 V ;
; Low Junction Temperature  ; 0 °C   ;
; High Junction Temperature ; 85 °C  ;
+---------------------------+--------+


+-----------------+
; Fitter Messages ;
+-----------------+
Info (11104): Parallel Compilation has detected 20 hyper-threaded processors. However, the extra hyper-threaded processors will not be used by default. Parallel Compilation will use 14 of the 14 physical processors detected instead.
Info (119006): Selected device EP2C35F672C6 for design "LAB5"
Info (21077): Low junction temperature is 0 degrees C
Info (21077): High junction temperature is 85 degrees C
Info (171003): Fitter is performing an Auto Fit compilation, which may decrease Fitter effort to reduce compilation time
Warning (292013): Feature LogicLock is only available with a valid subscription license. You can purchase a software subscription to gain full access to this feature.
Info (176444): Device migration not selected. If you intend to use device migration later, you may need to change the pin assignments as they may be incompatible with other devices
    Info (176445): Device EP2C50F672C6 is compatible
    Info (176445): Device EP2C70F672C6 is compatible
Info (169124): Fitter converted 3 user pins into dedicated programming pins
    Info (169125): Pin ~ASDO~ is reserved at location E3
    Info (169125): Pin ~nCSO~ is reserved at location D3
    Info (169125): Pin ~LVDS150p/nCEO~ is reserved at location AE24
Critical Warning (169085): No exact pin location assignment(s) for 130 pins of 130 total pins
    Info (169086): Pin ALU_result[0] not assigned to an exact location on the device
    Info (169086): Pin ALU_result[1] not assigned to an exact location on the device
    Info (169086): Pin ALU_result[2] not assigned to an exact location on the device
    Info (169086): Pin ALU_result[3] not assigned to an exact location on the device
    Info (169086): Pin ALU_result[4] not assigned to an exact location on the device
    Info (169086): Pin ALU_result[5] not assigned to an exact location on the device
    Info (169086): Pin ALU_result[6] not assigned to an exact location on the device
    Info (169086): Pin ALU_result[7] not assigned to an exact location on the device
    Info (169086): Pin ALU_result[8] not assigned to an exact location on the device
    Info (169086): Pin ALU_result[9] not assigned to an exact location on the device
    Info (169086): Pin ALU_result[10] not assigned to an exact location on the device
    Info (169086): Pin ALU_result[11] not assigned to an exact location on the device
    Info (169086): Pin ALU_result[12] not assigned to an exact location on the device
    Info (169086): Pin ALU_result[13] not assigned to an exact location on the device
    Info (169086): Pin ALU_result[14] not assigned to an exact location on the device
    Info (169086): Pin ALU_result[15] not assigned to an exact location on the device
    Info (169086): Pin ALU_result[16] not assigned to an exact location on the device
    Info (169086): Pin ALU_result[17] not assigned to an exact location on the device
    Info (169086): Pin ALU_result[18] not assigned to an exact location on the device
    Info (169086): Pin ALU_result[19] not assigned to an exact location on the device
    Info (169086): Pin ALU_result[20] not assigned to an exact location on the device
    Info (169086): Pin ALU_result[21] not assigned to an exact location on the device
    Info (169086): Pin ALU_result[22] not assigned to an exact location on the device
    Info (169086): Pin ALU_result[23] not assigned to an exact location on the device
    Info (169086): Pin ALU_result[24] not assigned to an exact location on the device
    Info (169086): Pin ALU_result[25] not assigned to an exact location on the device
    Info (169086): Pin ALU_result[26] not assigned to an exact location on the device
    Info (169086): Pin ALU_result[27] not assigned to an exact location on the device
    Info (169086): Pin ALU_result[28] not assigned to an exact location on the device
    Info (169086): Pin ALU_result[29] not assigned to an exact location on the device
    Info (169086): Pin ALU_result[30] not assigned to an exact location on the device
    Info (169086): Pin ALU_result[31] not assigned to an exact location on the device
    Info (169086): Pin WriteData_RF[0] not assigned to an exact location on the device
    Info (169086): Pin WriteData_RF[1] not assigned to an exact location on the device
    Info (169086): Pin WriteData_RF[2] not assigned to an exact location on the device
    Info (169086): Pin WriteData_RF[3] not assigned to an exact location on the device
    Info (169086): Pin WriteData_RF[4] not assigned to an exact location on the device
    Info (169086): Pin WriteData_RF[5] not assigned to an exact location on the device
    Info (169086): Pin WriteData_RF[6] not assigned to an exact location on the device
    Info (169086): Pin WriteData_RF[7] not assigned to an exact location on the device
    Info (169086): Pin WriteData_RF[8] not assigned to an exact location on the device
    Info (169086): Pin WriteData_RF[9] not assigned to an exact location on the device
    Info (169086): Pin WriteData_RF[10] not assigned to an exact location on the device
    Info (169086): Pin WriteData_RF[11] not assigned to an exact location on the device
    Info (169086): Pin WriteData_RF[12] not assigned to an exact location on the device
    Info (169086): Pin WriteData_RF[13] not assigned to an exact location on the device
    Info (169086): Pin WriteData_RF[14] not assigned to an exact location on the device
    Info (169086): Pin WriteData_RF[15] not assigned to an exact location on the device
    Info (169086): Pin WriteData_RF[16] not assigned to an exact location on the device
    Info (169086): Pin WriteData_RF[17] not assigned to an exact location on the device
    Info (169086): Pin WriteData_RF[18] not assigned to an exact location on the device
    Info (169086): Pin WriteData_RF[19] not assigned to an exact location on the device
    Info (169086): Pin WriteData_RF[20] not assigned to an exact location on the device
    Info (169086): Pin WriteData_RF[21] not assigned to an exact location on the device
    Info (169086): Pin WriteData_RF[22] not assigned to an exact location on the device
    Info (169086): Pin WriteData_RF[23] not assigned to an exact location on the device
    Info (169086): Pin WriteData_RF[24] not assigned to an exact location on the device
    Info (169086): Pin WriteData_RF[25] not assigned to an exact location on the device
    Info (169086): Pin WriteData_RF[26] not assigned to an exact location on the device
    Info (169086): Pin WriteData_RF[27] not assigned to an exact location on the device
    Info (169086): Pin WriteData_RF[28] not assigned to an exact location on the device
    Info (169086): Pin WriteData_RF[29] not assigned to an exact location on the device
    Info (169086): Pin WriteData_RF[30] not assigned to an exact location on the device
    Info (169086): Pin WriteData_RF[31] not assigned to an exact location on the device
    Info (169086): Pin zero not assigned to an exact location on the device
    Info (169086): Pin RAM_out[0] not assigned to an exact location on the device
    Info (169086): Pin RAM_out[1] not assigned to an exact location on the device
    Info (169086): Pin RAM_out[2] not assigned to an exact location on the device
    Info (169086): Pin RAM_out[3] not assigned to an exact location on the device
    Info (169086): Pin RAM_out[4] not assigned to an exact location on the device
    Info (169086): Pin RAM_out[5] not assigned to an exact location on the device
    Info (169086): Pin RAM_out[6] not assigned to an exact location on the device
    Info (169086): Pin RAM_out[7] not assigned to an exact location on the device
    Info (169086): Pin RAM_out[8] not assigned to an exact location on the device
    Info (169086): Pin RAM_out[9] not assigned to an exact location on the device
    Info (169086): Pin RAM_out[10] not assigned to an exact location on the device
    Info (169086): Pin RAM_out[11] not assigned to an exact location on the device
    Info (169086): Pin RAM_out[12] not assigned to an exact location on the device
    Info (169086): Pin RAM_out[13] not assigned to an exact location on the device
    Info (169086): Pin RAM_out[14] not assigned to an exact location on the device
    Info (169086): Pin RAM_out[15] not assigned to an exact location on the device
    Info (169086): Pin RAM_out[16] not assigned to an exact location on the device
    Info (169086): Pin RAM_out[17] not assigned to an exact location on the device
    Info (169086): Pin RAM_out[18] not assigned to an exact location on the device
    Info (169086): Pin RAM_out[19] not assigned to an exact location on the device
    Info (169086): Pin RAM_out[20] not assigned to an exact location on the device
    Info (169086): Pin RAM_out[21] not assigned to an exact location on the device
    Info (169086): Pin RAM_out[22] not assigned to an exact location on the device
    Info (169086): Pin RAM_out[23] not assigned to an exact location on the device
    Info (169086): Pin RAM_out[24] not assigned to an exact location on the device
    Info (169086): Pin RAM_out[25] not assigned to an exact location on the device
    Info (169086): Pin RAM_out[26] not assigned to an exact location on the device
    Info (169086): Pin RAM_out[27] not assigned to an exact location on the device
    Info (169086): Pin RAM_out[28] not assigned to an exact location on the device
    Info (169086): Pin RAM_out[29] not assigned to an exact location on the device
    Info (169086): Pin RAM_out[30] not assigned to an exact location on the device
    Info (169086): Pin RAM_out[31] not assigned to an exact location on the device
    Info (169086): Pin instruction[23] not assigned to an exact location on the device
    Info (169086): Pin instruction[24] not assigned to an exact location on the device
    Info (169086): Pin instruction[22] not assigned to an exact location on the device
    Info (169086): Pin instruction[21] not assigned to an exact location on the device
    Info (169086): Pin instruction[25] not assigned to an exact location on the device
    Info (169086): Pin instruction[26] not assigned to an exact location on the device
    Info (169086): Pin instruction[27] not assigned to an exact location on the device
    Info (169086): Pin instruction[28] not assigned to an exact location on the device
    Info (169086): Pin instruction[29] not assigned to an exact location on the device
    Info (169086): Pin instruction[30] not assigned to an exact location on the device
    Info (169086): Pin instruction[31] not assigned to an exact location on the device
    Info (169086): Pin instruction[18] not assigned to an exact location on the device
    Info (169086): Pin instruction[19] not assigned to an exact location on the device
    Info (169086): Pin instruction[17] not assigned to an exact location on the device
    Info (169086): Pin instruction[16] not assigned to an exact location on the device
    Info (169086): Pin instruction[0] not assigned to an exact location on the device
    Info (169086): Pin instruction[20] not assigned to an exact location on the device
    Info (169086): Pin instruction[1] not assigned to an exact location on the device
    Info (169086): Pin instruction[2] not assigned to an exact location on the device
    Info (169086): Pin instruction[3] not assigned to an exact location on the device
    Info (169086): Pin instruction[4] not assigned to an exact location on the device
    Info (169086): Pin instruction[5] not assigned to an exact location on the device
    Info (169086): Pin instruction[6] not assigned to an exact location on the device
    Info (169086): Pin instruction[7] not assigned to an exact location on the device
    Info (169086): Pin instruction[8] not assigned to an exact location on the device
    Info (169086): Pin instruction[9] not assigned to an exact location on the device
    Info (169086): Pin instruction[10] not assigned to an exact location on the device
    Info (169086): Pin instruction[11] not assigned to an exact location on the device
    Info (169086): Pin instruction[12] not assigned to an exact location on the device
    Info (169086): Pin instruction[13] not assigned to an exact location on the device
    Info (169086): Pin instruction[14] not assigned to an exact location on the device
    Info (169086): Pin instruction[15] not assigned to an exact location on the device
    Info (169086): Pin CLK not assigned to an exact location on the device
Info (332104): Reading SDC File: 'LAB5.sdc'
Info (332129): Detected timing requirements -- optimizing circuit to achieve only the specified requirements
Info (332111): Found 1 clocks
    Info (332111):   Period   Clock Name
    Info (332111): ======== ============
    Info (332111):   20.000          CLK
Info (176353): Automatically promoted node CLK (placed in PIN P2 (CLK2, LVDSCLK1p, Input))
    Info (176355): Automatically promoted destinations to use location or clock signal Global Clock CLKCTRL_G3
Info (176233): Starting register packing
Info (176235): Finished register packing
    Extra Info (176219): No registers were packed into other blocks
Info (176214): Statistics of I/O pins that need to be placed that use the same VCCIO and VREF, before I/O pin placement
    Info (176211): Number of I/O pins in group: 129 (unused VREF, 3.3V VCCIO, 32 input, 97 output, 0 bidirectional)
        Info (176212): I/O standards used: 3.3-V LVTTL.
Info (176215): I/O bank details before I/O pin placement
    Info (176214): Statistics of I/O banks
        Info (176213): I/O bank number 1 does not use VREF pins and has undetermined VCCIO pins. 1 total pin(s) used --  63 pins available
        Info (176213): I/O bank number 2 does not use VREF pins and has undetermined VCCIO pins. 2 total pin(s) used --  57 pins available
        Info (176213): I/O bank number 3 does not use VREF pins and has undetermined VCCIO pins. 0 total pin(s) used --  56 pins available
        Info (176213): I/O bank number 4 does not use VREF pins and has undetermined VCCIO pins. 0 total pin(s) used --  58 pins available
        Info (176213): I/O bank number 5 does not use VREF pins and has undetermined VCCIO pins. 0 total pin(s) used --  65 pins available
        Info (176213): I/O bank number 6 does not use VREF pins and has undetermined VCCIO pins. 1 total pin(s) used --  58 pins available
        Info (176213): I/O bank number 7 does not use VREF pins and has undetermined VCCIO pins. 0 total pin(s) used --  58 pins available
        Info (176213): I/O bank number 8 does not use VREF pins and has undetermined VCCIO pins. 0 total pin(s) used --  56 pins available
Info (171121): Fitter preparation operations ending: elapsed time is 00:00:02
Info (170189): Fitter placement preparation operations beginning
Info (170190): Fitter placement preparation operations ending: elapsed time is 00:00:02
Info (170191): Fitter placement operations beginning
Info (170137): Fitter placement was successful
Info (170192): Fitter placement operations ending: elapsed time is 00:00:22
Info (170193): Fitter routing operations beginning
Info (170195): Router estimated average interconnect usage is 28% of the available device resources
    Info (170196): Router estimated peak interconnect usage is 78% of the available device resources in the region that extends from location X33_Y12 to location X43_Y23
Info (170194): Fitter routing operations ending: elapsed time is 00:00:28
Info (170199): The Fitter performed an Auto Fit compilation.  Optimizations were skipped to reduce compilation time.
    Info (170200): Optimizations that may affect the design's timing were skipped
Info (11888): Total time spent on timing analysis during the Fitter is 4.83 seconds.
Info (306004): Started post-fitting delay annotation
Warning (306006): Found 97 output pins without output pin load capacitance assignment
    Info (306007): Pin "ALU_result[0]" has no specified output pin load capacitance -- assuming default load capacitance of 0 pF for timing analysis
    Info (306007): Pin "ALU_result[1]" has no specified output pin load capacitance -- assuming default load capacitance of 0 pF for timing analysis
    Info (306007): Pin "ALU_result[2]" has no specified output pin load capacitance -- assuming default load capacitance of 0 pF for timing analysis
    Info (306007): Pin "ALU_result[3]" has no specified output pin load capacitance -- assuming default load capacitance of 0 pF for timing analysis
    Info (306007): Pin "ALU_result[4]" has no specified output pin load capacitance -- assuming default load capacitance of 0 pF for timing analysis
    Info (306007): Pin "ALU_result[5]" has no specified output pin load capacitance -- assuming default load capacitance of 0 pF for timing analysis
    Info (306007): Pin "ALU_result[6]" has no specified output pin load capacitance -- assuming default load capacitance of 0 pF for timing analysis
    Info (306007): Pin "ALU_result[7]" has no specified output pin load capacitance -- assuming default load capacitance of 0 pF for timing analysis
    Info (306007): Pin "ALU_result[8]" has no specified output pin load capacitance -- assuming default load capacitance of 0 pF for timing analysis
    Info (306007): Pin "ALU_result[9]" has no specified output pin load capacitance -- assuming default load capacitance of 0 pF for timing analysis
    Info (306007): Pin "ALU_result[10]" has no specified output pin load capacitance -- assuming default load capacitance of 0 pF for timing analysis
    Info (306007): Pin "ALU_result[11]" has no specified output pin load capacitance -- assuming default load capacitance of 0 pF for timing analysis
    Info (306007): Pin "ALU_result[12]" has no specified output pin load capacitance -- assuming default load capacitance of 0 pF for timing analysis
    Info (306007): Pin "ALU_result[13]" has no specified output pin load capacitance -- assuming default load capacitance of 0 pF for timing analysis
    Info (306007): Pin "ALU_result[14]" has no specified output pin load capacitance -- assuming default load capacitance of 0 pF for timing analysis
    Info (306007): Pin "ALU_result[15]" has no specified output pin load capacitance -- assuming default load capacitance of 0 pF for timing analysis
    Info (306007): Pin "ALU_result[16]" has no specified output pin load capacitance -- assuming default load capacitance of 0 pF for timing analysis
    Info (306007): Pin "ALU_result[17]" has no specified output pin load capacitance -- assuming default load capacitance of 0 pF for timing analysis
    Info (306007): Pin "ALU_result[18]" has no specified output pin load capacitance -- assuming default load capacitance of 0 pF for timing analysis
    Info (306007): Pin "ALU_result[19]" has no specified output pin load capacitance -- assuming default load capacitance of 0 pF for timing analysis
    Info (306007): Pin "ALU_result[20]" has no specified output pin load capacitance -- assuming default load capacitance of 0 pF for timing analysis
    Info (306007): Pin "ALU_result[21]" has no specified output pin load capacitance -- assuming default load capacitance of 0 pF for timing analysis
    Info (306007): Pin "ALU_result[22]" has no specified output pin load capacitance -- assuming default load capacitance of 0 pF for timing analysis
    Info (306007): Pin "ALU_result[23]" has no specified output pin load capacitance -- assuming default load capacitance of 0 pF for timing analysis
    Info (306007): Pin "ALU_result[24]" has no specified output pin load capacitance -- assuming default load capacitance of 0 pF for timing analysis
    Info (306007): Pin "ALU_result[25]" has no specified output pin load capacitance -- assuming default load capacitance of 0 pF for timing analysis
    Info (306007): Pin "ALU_result[26]" has no specified output pin load capacitance -- assuming default load capacitance of 0 pF for timing analysis
    Info (306007): Pin "ALU_result[27]" has no specified output pin load capacitance -- assuming default load capacitance of 0 pF for timing analysis
    Info (306007): Pin "ALU_result[28]" has no specified output pin load capacitance -- assuming default load capacitance of 0 pF for timing analysis
    Info (306007): Pin "ALU_result[29]" has no specified output pin load capacitance -- assuming default load capacitance of 0 pF for timing analysis
    Info (306007): Pin "ALU_result[30]" has no specified output pin load capacitance -- assuming default load capacitance of 0 pF for timing analysis
    Info (306007): Pin "ALU_result[31]" has no specified output pin load capacitance -- assuming default load capacitance of 0 pF for timing analysis
    Info (306007): Pin "WriteData_RF[0]" has no specified output pin load capacitance -- assuming default load capacitance of 0 pF for timing analysis
    Info (306007): Pin "WriteData_RF[1]" has no specified output pin load capacitance -- assuming default load capacitance of 0 pF for timing analysis
    Info (306007): Pin "WriteData_RF[2]" has no specified output pin load capacitance -- assuming default load capacitance of 0 pF for timing analysis
    Info (306007): Pin "WriteData_RF[3]" has no specified output pin load capacitance -- assuming default load capacitance of 0 pF for timing analysis
    Info (306007): Pin "WriteData_RF[4]" has no specified output pin load capacitance -- assuming default load capacitance of 0 pF for timing analysis
    Info (306007): Pin "WriteData_RF[5]" has no specified output pin load capacitance -- assuming default load capacitance of 0 pF for timing analysis
    Info (306007): Pin "WriteData_RF[6]" has no specified output pin load capacitance -- assuming default load capacitance of 0 pF for timing analysis
    Info (306007): Pin "WriteData_RF[7]" has no specified output pin load capacitance -- assuming default load capacitance of 0 pF for timing analysis
    Info (306007): Pin "WriteData_RF[8]" has no specified output pin load capacitance -- assuming default load capacitance of 0 pF for timing analysis
    Info (306007): Pin "WriteData_RF[9]" has no specified output pin load capacitance -- assuming default load capacitance of 0 pF for timing analysis
    Info (306007): Pin "WriteData_RF[10]" has no specified output pin load capacitance -- assuming default load capacitance of 0 pF for timing analysis
    Info (306007): Pin "WriteData_RF[11]" has no specified output pin load capacitance -- assuming default load capacitance of 0 pF for timing analysis
    Info (306007): Pin "WriteData_RF[12]" has no specified output pin load capacitance -- assuming default load capacitance of 0 pF for timing analysis
    Info (306007): Pin "WriteData_RF[13]" has no specified output pin load capacitance -- assuming default load capacitance of 0 pF for timing analysis
    Info (306007): Pin "WriteData_RF[14]" has no specified output pin load capacitance -- assuming default load capacitance of 0 pF for timing analysis
    Info (306007): Pin "WriteData_RF[15]" has no specified output pin load capacitance -- assuming default load capacitance of 0 pF for timing analysis
    Info (306007): Pin "WriteData_RF[16]" has no specified output pin load capacitance -- assuming default load capacitance of 0 pF for timing analysis
    Info (306007): Pin "WriteData_RF[17]" has no specified output pin load capacitance -- assuming default load capacitance of 0 pF for timing analysis
    Info (306007): Pin "WriteData_RF[18]" has no specified output pin load capacitance -- assuming default load capacitance of 0 pF for timing analysis
    Info (306007): Pin "WriteData_RF[19]" has no specified output pin load capacitance -- assuming default load capacitance of 0 pF for timing analysis
    Info (306007): Pin "WriteData_RF[20]" has no specified output pin load capacitance -- assuming default load capacitance of 0 pF for timing analysis
    Info (306007): Pin "WriteData_RF[21]" has no specified output pin load capacitance -- assuming default load capacitance of 0 pF for timing analysis
    Info (306007): Pin "WriteData_RF[22]" has no specified output pin load capacitance -- assuming default load capacitance of 0 pF for timing analysis
    Info (306007): Pin "WriteData_RF[23]" has no specified output pin load capacitance -- assuming default load capacitance of 0 pF for timing analysis
    Info (306007): Pin "WriteData_RF[24]" has no specified output pin load capacitance -- assuming default load capacitance of 0 pF for timing analysis
    Info (306007): Pin "WriteData_RF[25]" has no specified output pin load capacitance -- assuming default load capacitance of 0 pF for timing analysis
    Info (306007): Pin "WriteData_RF[26]" has no specified output pin load capacitance -- assuming default load capacitance of 0 pF for timing analysis
    Info (306007): Pin "WriteData_RF[27]" has no specified output pin load capacitance -- assuming default load capacitance of 0 pF for timing analysis
    Info (306007): Pin "WriteData_RF[28]" has no specified output pin load capacitance -- assuming default load capacitance of 0 pF for timing analysis
    Info (306007): Pin "WriteData_RF[29]" has no specified output pin load capacitance -- assuming default load capacitance of 0 pF for timing analysis
    Info (306007): Pin "WriteData_RF[30]" has no specified output pin load capacitance -- assuming default load capacitance of 0 pF for timing analysis
    Info (306007): Pin "WriteData_RF[31]" has no specified output pin load capacitance -- assuming default load capacitance of 0 pF for timing analysis
    Info (306007): Pin "zero" has no specified output pin load capacitance -- assuming default load capacitance of 0 pF for timing analysis
    Info (306007): Pin "RAM_out[0]" has no specified output pin load capacitance -- assuming default load capacitance of 0 pF for timing analysis
    Info (306007): Pin "RAM_out[1]" has no specified output pin load capacitance -- assuming default load capacitance of 0 pF for timing analysis
    Info (306007): Pin "RAM_out[2]" has no specified output pin load capacitance -- assuming default load capacitance of 0 pF for timing analysis
    Info (306007): Pin "RAM_out[3]" has no specified output pin load capacitance -- assuming default load capacitance of 0 pF for timing analysis
    Info (306007): Pin "RAM_out[4]" has no specified output pin load capacitance -- assuming default load capacitance of 0 pF for timing analysis
    Info (306007): Pin "RAM_out[5]" has no specified output pin load capacitance -- assuming default load capacitance of 0 pF for timing analysis
    Info (306007): Pin "RAM_out[6]" has no specified output pin load capacitance -- assuming default load capacitance of 0 pF for timing analysis
    Info (306007): Pin "RAM_out[7]" has no specified output pin load capacitance -- assuming default load capacitance of 0 pF for timing analysis
    Info (306007): Pin "RAM_out[8]" has no specified output pin load capacitance -- assuming default load capacitance of 0 pF for timing analysis
    Info (306007): Pin "RAM_out[9]" has no specified output pin load capacitance -- assuming default load capacitance of 0 pF for timing analysis
    Info (306007): Pin "RAM_out[10]" has no specified output pin load capacitance -- assuming default load capacitance of 0 pF for timing analysis
    Info (306007): Pin "RAM_out[11]" has no specified output pin load capacitance -- assuming default load capacitance of 0 pF for timing analysis
    Info (306007): Pin "RAM_out[12]" has no specified output pin load capacitance -- assuming default load capacitance of 0 pF for timing analysis
    Info (306007): Pin "RAM_out[13]" has no specified output pin load capacitance -- assuming default load capacitance of 0 pF for timing analysis
    Info (306007): Pin "RAM_out[14]" has no specified output pin load capacitance -- assuming default load capacitance of 0 pF for timing analysis
    Info (306007): Pin "RAM_out[15]" has no specified output pin load capacitance -- assuming default load capacitance of 0 pF for timing analysis
    Info (306007): Pin "RAM_out[16]" has no specified output pin load capacitance -- assuming default load capacitance of 0 pF for timing analysis
    Info (306007): Pin "RAM_out[17]" has no specified output pin load capacitance -- assuming default load capacitance of 0 pF for timing analysis
    Info (306007): Pin "RAM_out[18]" has no specified output pin load capacitance -- assuming default load capacitance of 0 pF for timing analysis
    Info (306007): Pin "RAM_out[19]" has no specified output pin load capacitance -- assuming default load capacitance of 0 pF for timing analysis
    Info (306007): Pin "RAM_out[20]" has no specified output pin load capacitance -- assuming default load capacitance of 0 pF for timing analysis
    Info (306007): Pin "RAM_out[21]" has no specified output pin load capacitance -- assuming default load capacitance of 0 pF for timing analysis
    Info (306007): Pin "RAM_out[22]" has no specified output pin load capacitance -- assuming default load capacitance of 0 pF for timing analysis
    Info (306007): Pin "RAM_out[23]" has no specified output pin load capacitance -- assuming default load capacitance of 0 pF for timing analysis
    Info (306007): Pin "RAM_out[24]" has no specified output pin load capacitance -- assuming default load capacitance of 0 pF for timing analysis
    Info (306007): Pin "RAM_out[25]" has no specified output pin load capacitance -- assuming default load capacitance of 0 pF for timing analysis
    Info (306007): Pin "RAM_out[26]" has no specified output pin load capacitance -- assuming default load capacitance of 0 pF for timing analysis
    Info (306007): Pin "RAM_out[27]" has no specified output pin load capacitance -- assuming default load capacitance of 0 pF for timing analysis
    Info (306007): Pin "RAM_out[28]" has no specified output pin load capacitance -- assuming default load capacitance of 0 pF for timing analysis
    Info (306007): Pin "RAM_out[29]" has no specified output pin load capacitance -- assuming default load capacitance of 0 pF for timing analysis
    Info (306007): Pin "RAM_out[30]" has no specified output pin load capacitance -- assuming default load capacitance of 0 pF for timing analysis
    Info (306007): Pin "RAM_out[31]" has no specified output pin load capacitance -- assuming default load capacitance of 0 pF for timing analysis
Info (306005): Delay annotation completed successfully
Info (306004): Started post-fitting delay annotation
Info (306005): Delay annotation completed successfully
Info (11218): Fitter post-fit operations ending: elapsed time is 00:00:02
Warning (169174): The Reserve All Unused Pins setting has not been specified, and will default to 'As output driving ground'.
Info (144001): Generated suppressed messages file E:/UIT/HDL/LAB/Lab5/output_files/LAB5.fit.smsg
Info: Quartus II 64-Bit Fitter was successful. 0 errors, 4 warnings
    Info: Peak virtual memory: 5837 megabytes
    Info: Processing ended: Fri May 15 10:42:53 2026
    Info: Elapsed time: 00:01:02
    Info: Total CPU time (on all processors): 00:01:35


+----------------------------+
; Fitter Suppressed Messages ;
+----------------------------+
The suppressed messages can be found in E:/UIT/HDL/LAB/Lab5/output_files/LAB5.fit.smsg.


